English Text,Chinese Translation
Accuracy Check Up,命中检定提升
<p>Increase Accuracy Check bonus by 1.</p>,<p>使命中检定加值提高 1。</p>
Air Absorption,空气吸收
,
Air Immunity,空气免疫
Air Resistance,空气抗性
Air Vulnerability,空气弱点
Air Weakness,空气弱势
<p>You suffer <strong>5 extra damage</strong> ...,<p>你将承受<strong>额外 5 点伤害</strong> …</p>
All Check Up,全检定提升
<p>Increase Accuracy and Magic Check bonus by ...</p>,<p>使命中与魔法检定的加值提升 …</p>
All Damage Up,全伤害提升
<p>Increase All Damage by 5.</p>,<p>使所有伤害提高 5 点。</p>
Bolt Absorption,闪电吸收
Bolt Immunity,闪电免疫
Bolt Resistance,闪电抗性
Bolt Vulnerability,闪电弱点
Bolt Weakness,闪电弱势
Custom NPC,自定义 NPC
Initiative,先攻值
Maximum HP,
Maximum MP,
Defense,
Magic Defense,
Check Bonuses,
Damage Bonuses,
Dark Absorption,
Dark Immunity,
Dark Resistance,
Dark Vulnerability,
Dark Weakness,
Dazed Immunity,
DEF/MDEF Up,
<p>Increase Defense and Magic Defense by 1.</p>,
DEF Up,
<p>Increase Defense by 1.</p>,
DEX Base Cap,
<p>Cap Current Dexterity Attribute to Base.</p>,
DEX Up,
<p>Increase Dexterity die size by 1.</p>,
Earth Absorption,
Earth Immunity,
Earth Resistance,
Earth Vulnerability,
Earth Weakness,
Enraged Immunity,
Fire Absorption,
Fire Immunity,
Fire Resistance,
Fire Vulnerability,
Fire Weakness,
Ice Absorption,
Ice Immunity,
Ice Resistance,
Ice Vulnerability,
Ice Weakness,
INS Base Cap,
<p>Cap Current Insight Attribute to Base.</p>,
INS Up,
<p>Increase Insight die size by 1.</p>,
Light Absorption,
Light Immunity,
Light Resistance,
Light Vulnerability,
Light Weakness,
Lone Wolf,
<p>You take <strong>2 turns per round</strong> and <strong>double</strong> your <strong>maximum HP.</strong></p>,
Magic Check Up,
<p>Increase Magic Check bonus by 1.</p>,
MDEF Up,
<p>Increase Magical Defense by 1.</p>,
Melee Damage Up,
<p>Increase Melee Damage by 5.</p>,
MIG Base Cap,
<p>Cap Current Mightt Attribute to Base.</p>,
MIG Up,
<p>Increase Might die size by 1.</p>,
Open Check Up,
<p>Increase Open Check bonus by 1.</p>,
Opportune Boost,
<p>The next check performed by you will receive a <strong>+4 bonus.</strong></p>,
Opposed Check Up,
<p>Increase Opposed Check bonus by 1.</p>,
Physical Absorption,
Physical Immunity,
Physical Resistance,
Physical Vulnerability,
Physical Weakness,
<p>You suffer <strong>5 extra damage</strong> from physical attacks.</p>,
Poison Absorption,
Poison Immunity,
Poison Resistance,
Poison Vulnerability,
Poison Weakness,
Poisoned Immunity,
Range Damage Up,
<p>Increase Ranged Damage by 5.</p>,
Shaken Immunity,
Slow Immunity,
Spell Damage Up,
<p>Increase Spell Damage by 5.</p>,
Weak Immunity,
WLP Base Cap,
<p>Cap Current Willpower Attribute to Base.</p>,
WLP Up,
<p>Increase Willpower die size by 1.</p>,
Zero Shield,
"<p>Until the <strong>start of your next turn</strong>, you <strong>reduce all damage taken by half.</strong> This is applied <strong>before affinities</strong>.</p>",
Absorption,
Accuracy Bonuses,
Affinities,
Attributes,
Immunity,
Improve Defenses,
NPC Bonuses,
Resistance,
Special,
Status Effect Immunities,
Vulnerability,
Weakness,
Brigandine,
Bronze Plate,
Combat Tunic,
Runic Plate,
Sage Robe,
Silk Shirt,
Steel Plate,
Travel Garb,
Armor,
Shields,
Weapons,
Bronze Shield,
Runic Shield,
Broadaxe,
Bronze Sword,
Chain Whip,
Crossbow,
Greatsword,
Heavy Spear,
Improvised (Melee),
<p>Breaks after the attack.</p>,
Improvised (Ranged),
Iron Hammer,
Iron Knuckle,
Katana,
Light Spear,
Pistol,
Rapier,
Shortbow,
Shuriken,
Staff,
Steel Dagger,
Tome,
Unarmed Strike,
<p>Automatically equipped in each empty hand slot.</p>,
Waraxe,
Ace of Cards,
"<h5><strong>ALSO: Deckmancer, Destiny Duelist, High Roller</strong></h5><p><strong>Aces of Cards</strong> make use of special decks to perceive the constant fluctuations of the stream of souls. Each deck is inextricably connected to its user and reflects their taste and personality: by drawing specific combinations at the right moment, an Ace of Cards manipulates magical energy to produce supernatural effects. In some worlds, Aces of Cards duel against each other using their personal decks, in a quest for glory or in order to obtain precious artifacts.</p><hr /><h5><strong>ACE OF CARDS FREE BENEFITS</strong></h5><ul><li>Permanently increase your maximum Hit Points <strong>or</strong> Mind Points by 5 (your choice).</li></ul><h2><strong>ACE OF CARDS SKILLS</strong></h2><p>@UUID[Compendium.projectfu.skills.Item.sfIxI8t0XlJMMVFC]{Double or Nothing}</p><p>Before you perform an Accuracy Check, a Magic Check for an offensive spell ( @ICON[offensive] ), or a Check to advance or turn back a Clock, you may declare <strong>double or nothing</strong>. If you do and the Check triggers a <strong>critical success</strong>, double the damage dealt by that attack or spell or the filled or erased sections of that Clock, respectively; however, any other Result is considered a <strong>critical failure</strong>.</p><hr /><p>@UUID[Compendium.projectfu.skills.Item.tFbGtEfIudpck8vL]{High or Low}</p><p>When you generate a <strong>critical success</strong> or a <strong>critical failure</strong>, you may draw 1 card from your <strong>deck</strong>. If you do, discard 1 card from your <strong>hand</strong>.</p><hr /><p>@UUID[Compendium.projectfu.skills.Item.5zF6JTf6nhKbXr69]{Magic Cards} <strong>(SL3)</strong></p><p>You gain a <strong>deck</strong>, a <strong>hand</strong>, and a <strong>discard pile</strong>.</p><p>During a conflict, you may use an action and spend up to <strong>【10 + (SL × 5)】</strong> Mind Points (minimum 10). If you do, resolve 1 card from your <strong>hand</strong> for every 5 MP spent this way (to a maximum of 5 cards; these cards form a <strong>set</strong>). After you resolve the effect of the <strong>set</strong> (if any), discard these cards and draw that many cards from your <strong>deck</strong>.</p><hr /><p>@UUID[Compendium.projectfu.skills.Item.ry0CUZsygSpySLBZ]{Mulligan} <strong>(SL5)</strong></p><p>At the end of your turn during a conflict, you may discard up to <strong>【SL】</strong> cards from your <strong>hand</strong>. If you do, draw that many cards from your <strong>deck</strong>.</p><hr /><p>@UUID[Compendium.projectfu.skills.Item.dHurcgjvmwVBJPvM]{Trap Card} <strong>(SL4)</strong></p><p>After an enemy you can see performs an action during a conflict, you may declare one of your <strong>deck</strong>'s <strong>suits</strong> (after the action has been resolved) and put the first card on the bottom of your <strong>deck</strong> in your <strong>discard pile</strong>, face up. If that card is a <strong>joker</strong> or its <strong>suit</strong> matches the one you declared, you may immediately perform the <strong>Spell</strong> action for free, casting a spell with a <strong>total Mind Point cost equal to or lower than</strong> <strong>【SL × 5】</strong> (you must still pay its MP cost).</p><h2><strong>MANAGING THE DECK</strong></h2><ul><li><p>For <strong>deck</strong> breakdown and a list of Effects, refer to: @UUID[Compendium.projectfu.handouts.JournalEntry.hs3GyWJls59GhaNz]{Deck Rules}</p></li></ul>",
Arcanist,
"<h5><strong>ALSO: Avatar, Chosen, Summoner</strong></h5><p><strong>Arcanists </strong>can fall into a deep trance and temporarily project a considerable portion of their soul outside the body, giving it physical form. Surrounded by this magical shroud, the Arcanist gains a variety of supernatural abilities; these summoned forms are said to be manifestations of the ancestral souls belonging to mythical entities of legend, known as the Arcana. In some worlds, the Arcana are even worshiped as deities.</p><hr /><h5><strong>ARCANIST FREE BENEFITS</strong></h5><ul><li><p>Permanently increase your maximum Mind Points by 5.</p></li></ul><h2><strong>ARCANIST SKILLS</strong></h2><p>@UUID[Compendium.projectfu.skills.Item.hEj8s21iAOPhDtJN]{Arcane Circle} <strong>(SL4)</strong></p><p>After you willingly dismiss an Arcanum on your turn during a conflict (see <strong>Core Rulebook</strong>, page <strong>178</strong>), if that Arcanum had not been <strong>summoned</strong> during this same turn and you have an <strong>arcane</strong> weapon equipped, you may immediately perform the <strong>Spell</strong> action for free. The spell you cast this way must have a <strong>total Mind Point cost of 【SL × 5】 or lower</strong> (you must still pay the spell’s MP cost).</p><hr /><p>@UUID[Compendium.projectfu.skills.Item.ZTEuKRcX9erp1NDC]{Arcane Regeneration} <strong>(SL2)</strong></p><p>When you summon an Arcanum, you immediately recover <strong>【SL × 5】</strong> Hit Points.</p><hr /><p>@UUID[Compendium.projectfu.skills.Item.gbkA1CRgQ9OxPstd]{Bind and Summon}</p><p>You may <strong>bind</strong> Arcana to your soul and <strong>summon</strong> them later. The Game Master will tell you the details of each binding process when you first encounter the Arcanum in question. You may use an action and spend 40 Mind Points to <strong>summon</strong> an Arcanum you have bound: the details of this process are explained on the next page. If you take this Skill at character creation, you begin play with one Arcanum of your choice already bound to you, chosen from the list on the next pages. Other than that, you may only obtain new Arcana through exploration and story progression.</p><hr /><p>@UUID[Compendium.projectfu.skills.Item.aIbwfdDFTSRgKxxx]{Emergency Arcanum} <strong>(SL6)</strong></p><p>As long as you are in <strong>Crisis</strong>, the cost for summoning your Arcana is reduced by <strong>【SL × 5】</strong> Mind Points.</p><hr /><p>@UUID[Compendium.projectfu.skills.Item.Jaxs87P2Q8AfKwWO]{Ritual Arcanism}</p><p>You may perform Rituals of the Arcanism discipline, as long as their effects fall within the domains of one or more Arcana you have bound (see <strong>Core Rulebook</strong>, page <strong>178</strong>). Arcanism Rituals use <strong>【WLP + WLP】</strong> for the Magic Check.</p><h2><strong>THE ARCANA</strong></h2><ul><li><p>For <strong>arcana</strong> breakdown and a list of Arcanums, refer to: @UUID[Compendium.projectfu.handouts.JournalEntry.sO33zynz6ZsBDpFR]{Arcana Rules}</p></li><li><p>To <strong>automate</strong>, VTT Instructions can be found here: @UUID[Compendium.projectfu.handouts.JournalEntry.sO33zynz6ZsBDpFR.JournalEntryPage.MQShQEsSnZ9ch3bs]{Arcana VTT Instructions}</p></li></ul>",
Chanter,
"<h5><strong>ALSO: Bard, Idol, Troubadour</strong></h5><p>Whether tracing their fingers on a delicate harp, dazing an unprepared audience with the sheer power of their vocals, or happily diving into a crowd of delirious fans, <strong>Chanters </strong>could be described as magical one-person orchestras! A Chanter’s abilities reach way beyond the normal limits of music and singing: they rely on the strength of their souls and weave magical energy into songs, supporting their allies during tense situations.</p><hr /><h5><strong>CHANTER FREE BENEFITS</strong></h5><ul><li>Permanently increase your maximum Mind Points by 5.</li></ul><h2><strong>CHANTER SKILLS</strong></h2><p>@UUID[Compendium.projectfu.skills.Item.bt4jQZ557iLHlazO]{Magichant} <strong>(SL10)</strong></p><p>On your turn during a conflict scene, you may use an action and spend a variable amount of MP to weave voice and music into a magical effect known as a <strong>verse</strong>.</p><p>You may only sing <strong>one verse</strong> per turn, even if you have access to multiple actions.</p><p>When you first acquire this Skill, you learn <strong>all three volumes</strong>, plus <strong>one key</strong> and <strong>one tone</strong>. Whenever you acquire this Skill again, you may learn <strong>one key</strong> or <strong>one tone</strong> (your choice).</p><hr /><p>@UUID[Compendium.projectfu.skills.Item.kdL9oQYefqNlWqyD]{Resonance} <strong>(SL3)</strong></p><p>After you affect one or more enemies with a <strong>verse</strong>, if you have an <strong>arcane </strong>weapon equipped, you may choose one option: until the start of your next turn, your allies deal <strong>【SL】 </strong>extra damage to those enemies; <strong>or </strong>until the start of your next turn, you recover <strong>【SL】 </strong>Mind Points <strong>every time</strong> one of those enemies suffers damage (if the same source deals damage to two or more of those enemies at the same time, you recover <strong>【SL】 </strong>MP for each damaged enemy).</p><hr /><p>@UUID[Compendium.projectfu.skills.Item.huB2uoP2PAHoOp8T]{Siren's Song}</p><p>You gain the ability to perform Rituals of the <strong>Ritualism </strong>discipline; <strong>additionally</strong>, you may use <strong>Ritualism </strong>to create <strong>hearing-based illusions</strong>.</p><hr /><p>@UUID[Compendium.projectfu.skills.Item.9xjUyytWiDxFhqdV]{Sound Barrier} <strong>(SL5)</strong></p><p>After you sing a <strong>verse </strong>with <strong>medium </strong>or <strong>high volume</strong>, all <strong>physical </strong>damage you suffer until the start of your next turn is reduced by <strong>【SL】</strong>(applied <strong>before </strong>Affinities).</p><hr /><p>@UUID[Compendium.projectfu.skills.Item.pQVuklFnMKXxHTFr]{Vibrato}</p><p>After you sing a verse with <strong>low </strong>or <strong>medium volume</strong>, you may perform a <strong>free attack</strong> with a weapon you have equipped; treat your <strong>High Roll (HR)</strong> as 0 when calculating damage dealt by this attack.</p><h2><strong>VERSES</strong></h2><ul><li><p>For <strong>verse</strong> breakdown and a list of Keys and Tones, refer to: @UUID[Compendium.projectfu.handouts.JournalEntry.q4PpsRwoiMTRKUeJ]{Verses Rules}</p></li><li><p>To <strong>automate</strong>, VTT Instructions can be found here: @UUID[Compendium.projectfu.handouts.JournalEntry.q4PpsRwoiMTRKUeJ.JournalEntryPage.W6dLZ4wOhSMKKwsC]{Verses VTT Instructions}</p></li></ul>",
Chimerist,
"<h5><strong>ALSO: Druid, Shapeshifter, Wild Mage</strong></h5><p><strong>Chimerists</strong> gather their power from the souls of the monsters and beasts they encounter. By manipulating their inner wild energy, these mages may mimic the magical abilities of monsters and have reached a supernatural understanding of feral creatures. Chimerists frequently rely on their toughness and physical prowess in addition to magic; they are often seen traveling the world in search of rare and enchanted creatures.</p><hr /><h5><strong>CHIMERIST FREE BENEFITS</strong></h5><ul><li>Permanently increase your maximum Mind Points by 5.</li><li>You may perform Rituals whose effects fall within the <strong>Ritualism</strong> discipline.</li></ul><h2><strong>CHIMERIST SKILLS</strong></h2><p>@UUID[Compendium.projectfu.skills.Item.c46SCybV1gtiHbL4]{Consume} <strong>(SL5)</strong></p><p>After you deal damage to one or more creatures with a spell, if you have an <strong>arcane</strong>, <strong>dagger</strong>, or <strong>flail</strong> weapon equipped, you recover <strong>【SL × 2】</strong> Mind Points.</p><hr /><p>@UUID[Compendium.projectfu.skills.Item.YLWWM3IqnFCAGoUc]{Feral Speech}</p><p>You can communicate with creatures of the <strong>beast, monster</strong>, and <strong>plant</strong> Species.</p><hr /><p>@UUID[Compendium.projectfu.skills.Item.EBbeGD1rgPmN6Y6R]{Pathogenesis}</p><p>When you deal damage to one or more creatures with one of your Chimerist spells, each of those creatures that share their <strong>Species</strong> with the creature you originally learned that spell from suffers <strong>poisoned</strong>.</p><hr /><p>@UUID[Compendium.projectfu.skills.Item.99bT5ymNnmR60Kmf]{Ritual Chimerism}</p><p>You may perform Rituals whose effects fall within the <strong>Chimerism</strong> discipline. When you acquire this Skill, choose <strong>【INS + WLP】 or 【MIG + WLP】</strong>.</p><p>From now on, your Chimerism Rituals will use the chosen Attributes for the Magic Check.</p><hr /><p>@UUID[Compendium.projectfu.skills.Item.yiX5sLJLKBh3UMmz]{Spell Mimic} <strong>(SL10)</strong></p><p>When you see a creature belonging to the <strong>beast, monster</strong>, or <strong>plant</strong> Species cast a spell, you may immediately choose to learn that spell as a Chimerist spell of your own: if you do, record the <strong>Species</strong> of the creature you learned it from. When you first acquire this Skill, choose <strong>【INS + WLP】 or 【MIG + WLP】</strong>. From now on, your offensive <br />( @ICON[offensive] ) Chimerist spells will use the chosen Attributes for the Magic Check, regardless of the Attributes used by the creature you learned the spell from. You may have <strong>up to 【SL + 2】 different Chimerist spells</strong> memorized this way. If you want to memorize a new Chimerist spell but are already at your limit, you must forget one of your old spells and replace it with the new spell.</p>",
Commander,
"<h5><strong>ALSO: Prince, Queen, Shōgun</strong></h5><p><strong>Commanders </strong>are leaders and inspiring figures. Some are of noble blood, but a majority have earned the loyalty of their comrades on the battlefield, where their iron resolve and tactical prowess were tested time and time again. When thinking about what a Commander might look like, don't feel bound to the idea of a knight in shining armor: bandit captains, fallen nobles and students of warfare are all perfect examples of what this Class may represent.</p><hr /><h5><strong>COMMANDER BENEFITS</strong></h5><ul><li>Permanently increase your maximum Hit Points by 5.</li><li>Gain the ability to equip <strong>martial melee weapons</strong> and <strong>martial armor</strong>.</li></ul><h2><strong>COMMANDER SKILLS</strong></h2><p>@UUID[Compendium.projectfu.skills.Item.FGihIPfif7yWsBCp]{Bishop's Edict} <strong>(SL5)</strong></p><p>During a conflict, you may use an action and spend 10 Mind Points to choose one option: all MP costs are doubled; <strong>or </strong>all sources of damage deal <strong>【SL × 3】</strong>extra damage.</p><p>The chosen effect lasts until the start of your next turn.</p><hr /><p>@UUID[Compendium.projectfu.skills.Item.VhWG5AXdBZ8hL4xr]{Charging Cavalry} <strong>(SL5)</strong></p><p>During a conflict, you may use an action and spend 10 MP to choose one ally that can hear you. That ally may immediately perform a <strong>free attack</strong> with a weapon they have equipped (or with a <strong>basic attack</strong> if they are an NPC). They gain a bonus equal to <strong>【SL 3】 </strong>to the Accuracy Check, but treat their<strong> High Roll (HR)</strong> as 0 when calculating damage.</p><hr /><p>@UUID[Compendium.projectfu.skills.Item.4ymBr3vRdPHNxIKC]{Crushing Chariot}</p><p>After you use <strong>Bishop's Edict</strong>, <strong>Charging Cavalry</strong> or <strong>King's Castle</strong>, you may choose another Player Character that can hear you who has yet to take a turn during this round. That character may take their turn immediately after yours during this round.</p><hr /><p>@UUID[Compendium.projectfu.skills.Item.79xGJD8jn4zGzYpX]{King's Castle} <strong>(SL4)</strong></p><p>During a conflict, you may use an action and spend 10 Mind Points to choose one option: no creature can recover Hit Points or Mind Points; or all effects that restore Mind Points restore <strong>【SL × 5】 </strong>additional Mind Points. The chosen effect lasts until the start of your next turn.</p><hr /><p>@UUID[Compendium.projectfu.skills.Item.HC27DMHBE4M54y6Y]{Queen's Gambit} <strong>(SL6)</strong></p><p>During a conflict, you may use an action to perform a <strong>free attack</strong> with a weapon you have equipped, treating your <strong>High Roll (HR) </strong>as 0 when calculating damage. After the attack is resolved, choose one option: one ally who is able to hear you recovers <strong>【5 + (SL × 5)】 </strong>Hit Points; or you may immediately use a Skill syou acquired among <strong>Bishop's Edict</strong>, <strong>Charging Cavalry</strong> or <strong>King's Castle</strong> for free (spending the appropriate MP).</p>",
Dancer,
"<h5><strong>ALSO: Acrobat, Jester, Swashbuckler</strong></h5><p><strong>Dancers</strong> are those who have trained their bodies to achieve exceptional coordination and flexibility, be it to impress a crowd with their gymnastics or to perform ancient steps meant to keep evil at bay. The more gifted Dancers may direct the flow of spiritual force through repeated and precise motions, enhancing their physical abilities and manifesting magical effects. They are surprisingly capable combatants, if sometimes a little... overdramatic.</p><hr /><h5><strong>DANCER BENEFITS</strong></h5><ul><li>Permanently increase your maximum Hit Points <strong>or</strong> Mind Points by 5 (your choice).</li></ul><h2><strong>DANCER SKILLS</strong></h2><p>@UUID[Compendium.projectfu.skills.Item.y0dACFzoQBBMZOEk]{Dance} <strong>(SL10)</strong></p><p>Each time you take this Skill, you learn a <strong>dance</strong> (see <strong>High Fantasy Atlas</strong>, page <strong>144</strong>)</p><p>On your turn during a conflict scene, if you have no <strong>martial armor</strong> equipped, you may spend 10 Mind Points to perform a dance you have learned. This doesn't require an action but can only be done before or after an action, and only once per turn. If you already performed a different dance during your previous turn in this scene, the cost of the new dance is reduced to 5 Mind Points. Some <strong>dances</strong> are <strong>instantaneous</strong> and resolve immediately, while others have effects that last <strong>until the start of your next turn</strong>.</p><hr /><p>@UUID[Compendium.projectfu.skills.Item.3mqtdzwMU62J1ogW]{Follow My Lead}</p><p>When you perform a <strong>dance</strong> with a <strong>duration</strong> of ""Until the start of your next turn,"" you may spend 10 additional Mind Points. If you do, choose one ally you can see towards whom you have a Bond of <strong>affection</strong>: apply the benefits of the <strong>dance</strong> to that ally as well as yourself (the benefits still last until the start of your next turn).</p><hr /><p>@UUID[Compendium.projectfu.skills.Item.R0F1K6i1gjNWNklq]{Frenetic Footwork} <strong>(SL2)</strong></p><p>After you perform a <strong>dance</strong> with a <strong>duration</strong> of ""Until the start of your next turn,"" you gain a bonus equal to <strong>【SL × 2】</strong> to all Opposed Checks that rely on <strong>acrobatics</strong>, <strong>coordination</strong>, or <strong>speed</strong> until the start of your next turn.</p><hr /><p>@UUID[Compendium.projectfu.skills.Item.DF1eCfsBw1kYOAH6]{Quick-Change}</p><p>After you perform a <strong>dance</strong>, you may perform the <strong>Equipment</strong> action for free.</p><hr /><p>@UUID[Compendium.projectfu.skills.Item.L4LqyZu7NPjavyaf]{Wardancer} <strong>(SL5)</strong></p><p>After you perform a <strong>dance</strong>, your attacks with <strong>brawling</strong>, <strong>dagger</strong>, <strong>flail</strong>, and <strong>thrown weapons</strong> deal <strong>【SL】</strong> extra damage until the start of your next turn. If you have an <strong>arcane weapon equipped, offensive spells</strong> ( @ICON[offensive] ) you cast also deal <strong>【SL】</strong> extra damage until the start of your next turn.</p><h2><strong>DANCES</strong></h2><ul><li><p>For <strong>dance</strong> breakdown and a list of Dances, refer to:<strong> </strong>@UUID[Compendium.projectfu.handouts.JournalEntry.cH2N0pg4NeNZpaM5]{Dances Rules}</p></li></ul>",
Darkblade,
"<h5>ALSO: Avenger, Black Knight, Death Knight</h5><p><strong>Darkblades </strong>are somber and powerful warriors who hide a sorrowful past. Due to tragic experiences on the battlefield or in personal life, their souls have developed an affinity for pain and shadow energy. An unlikely hero to say the very least, a Darkblade may now sacrifice their lifeforce to unleash mighty attacks and is able to draw resolve, power and even knowledge from the suffering they experience.</p><hr /><h5>DARKBLADE FREE BENEFITS</h5><ul><li>Permanently increase your maximum Hit Points by 5.</li><li>Gain the ability to equip <strong>martial melee weapons</strong> and <strong>martial armor</strong>.</li></ul><h2>DARKBLADE SKILLS</h2><p>@UUID[Compendium.projectfu.skills.Item.JPVEY9p8zsGidKJq]{Agony} <strong>(SL5)</strong></p><p>After you deal damage to one or more creatures, if you have a <strong>Bond</strong> towards at least one of those creatures, you may recover <strong>【SL × 2】</strong> Hit Points and <strong>【SL × 2】</strong>Mind Points.</p><hr /><p>@UUID[Compendium.projectfu.skills.Item.CEP3nER80UBDH7a9]{Dark Blood}</p><p>As long as you are in Crisis, you have Resistance to <strong>dark</strong> damage and <strong>poison</strong> damage.</p><hr /><p>@UUID[Compendium.projectfu.skills.Item.e6ids95gOPher40d]{Heart of Darkness}</p><p>Once per scene upon entering <strong>Crisis</strong>, you may choose a specific creature you can see that you don’t have a <strong>Bond</strong> towards. If you do, create a <strong>Bond</strong> of <strong>hatred</strong> towards that creature.</p><hr /><p>@UUID[Compendium.projectfu.skills.Item.YkMaFGnNoWMo6k1U]{Painful Lessons} <strong>(SL3)</strong></p><p>After another creature causes you to lose Hit Points (with an attack, a spell, or any other method), you may immediately perform the <strong>Study</strong> action on that creature (see <strong>Core Rulebook</strong>, page <strong>74</strong>) for free. If you do, gain a bonus equal to <strong>【SL】 </strong>to your Check.</p><p>Remember, you can study the same aspect of a creature only once.</p><hr /><p>@UUID[Compendium.projectfu.skills.Item.W5hE9L8x7AsJI7a1]{Shadow Strike} <strong>(SL5)</strong></p><p>You have learned to channel your vital force into your attacks. You may use an action to perform a <strong>Shadow Strike</strong>: roll your current <strong>Might</strong> die and lose an amount of Hit Points equal to <strong>【the number rolled on your Might die】</strong>. If this didn’t reduce your Hit Points to 0, you may perform a <strong>free attack</strong> with a weapon you have equipped: if this attack hits one or more targets, it deals extra damage equal to <strong>【SL + the number rolled on your Might die】</strong>. However, all damage dealt by this attack becomes <strong>dark</strong> and its damage type cannot be changed.</p>",
Elementalist,
"<h5><strong>ALSO: Battle Mage, Geomancer, Sorcerer</strong></h5><p>An <strong>Elementalist </strong>has learned to channel the souls that flow within the basic elements of creation: Air, Earth, Fire and Water. Some of them develop complex spells to contain the powerful energies of nature; others seek its protection in harmony and communion. Elemental magic can be highly destructive, causing damage and inflicting negative status effects. Due to this, there are many who would covet an Elementalist’s abilities… often for nefarious purposes.</p><hr /><h5><strong>ELEMENTALIST FREE BENEFITS</strong></h5><ul><li>Permanently increase your maximum Mind Points by 5</li><li>You may perform Rituals whose effects fall within the <strong>Ritualism </strong>discipline.</li></ul><h2><strong>ELEMENTALIST SKILLS</strong></h2><p>@UUID[Compendium.projectfu.skills.Item.muhtqtJ6av32K34Z]{Cataclysm} <strong>(SL3)</strong></p><p>When you cast an <strong>instantaneous </strong>spell, if you have an <strong>arcane </strong>weapon equipped, you may <strong>increase the spell’s total MP cost</strong> by up to <strong>【SL × 10】 </strong>Mind Points. If you do so and the spell deals damage to one or more creatures, it will deal 5 extra damage to each creature for every 10 Mind Points by which you increased its total MP cost.</p><hr /><p>@UUID[Compendium.projectfu.skills.Item.zlmL0suZwTCQYzE5]{Elemental Magic} <strong>(SL10)</strong></p><p><span class=""fontstyle0"">Each time you acquire this Skill, learn one Elementalist spell (see <strong>Core Rulebook</strong>, page <strong>188</strong>).<br />Offensive </span>( @ICON[offensive] ) <span class=""fontstyle0"">Elementalist spells use </span><span class=""fontstyle3""><strong>【</strong></span><span class=""fontstyle4""><strong>INS + WLP</strong></span><span class=""fontstyle3""><strong>】 </strong></span><span class=""fontstyle0"">for the Magic Check.</span> </p><hr /><p>@UUID[Compendium.projectfu.skills.Item.b5zzfsWN7h5ugrnW]{Magic Artillery} <strong>(SL3)</strong></p><p>When you cast an offensive ( @ICON[offensive] ) spell, if you have an <strong>arcane </strong>weapon equipped, you gain a bonus to your Magic Check equal to <strong>【SL × 2】</strong> .</p><hr /><p>@UUID[Compendium.projectfu.skills.Item.qgy43lWGmJ2YGhTp]{Ritual Elementalism}</p><p>You may perform Rituals whose effects fall within the <strong>Elementalism </strong>discipline. <br />Elementalism Rituals use <strong>【INS + WLP】 </strong>for the Magic Check.</p><hr /><p>@UUID[Compendium.projectfu.skills.Item.v6rTedHMjbLuLdN3]{Spellblade} <strong>(SL4)</strong></p><p>When you cast an offensive ( @ICON[offensive] ) spell targeting a <strong>single creature</strong>, if the spell has a <strong>total Mind Point cost of 【SL × 10】or lower </strong>and you have one or more <strong>bow</strong>, <strong>brawling</strong>, <strong>dagger</strong>, <strong>flail</strong>, <strong>spear </strong>or <strong>sword </strong>weapons equipped, you may choose one of those weapons. If you do, your Magic Check for the spell will use the chosen weapon’s Accuracy Check formula; for instance, the Magic Check for an Elementalist spell cast through a <strong>bronze sword</strong> (<strong>Core Rulebook</strong>, page <strong>131</strong>) will be <strong>【DEX + MIG】</strong>+1 instead of <strong>【INS + WLP】 </strong>.</p><h3 id=""elementalist-skills""><strong>ELEMENTALIST SPELLS</strong></h3><ul><li><p>For <strong>spell</strong> breakdown and a list of Elemental Spells, refer to: @UUID[Compendium.projectfu.handouts.JournalEntry.hK8r8lsQNaknSqdq]{Elementalist Rules}</p></li></ul>",
Entropist,
"<h5><strong>ALSO: Astromancer, Chaos Mage, Gambler</strong></h5><p>High above the stars, where their lights do not shine, lies a bottomless void where life and souls wither and transform in unfathomable ways. This realm is a non-reality, an endless expanse of chaos impervious to the laws of time, space, and probability. <strong>Entropists </strong>refer to this realm as the Cosmos, the Heavens, or quite simply as Lady Luck: they are among the few gifted with the ability to channel its reality-bending energies.</p><hr /><h5><strong>ENTROPIST FREE BENEFITS</strong></h5><ul><li>Permanently increase your maximum Mind Points by 5.</li><li>You may perform Rituals whose effects fall within the <strong>Ritualism</strong> discipline.</li></ul><h2><strong>ENTROPIST SKILLS</strong></h2><p>@UUID[Compendium.projectfu.skills.Item.jgGLuOvN8xCSQWLK]{Absorb MP} <strong>(SL5)</strong></p><p>After you suffer damage, you may immediately recover <strong>【SL × 2】 </strong>Mind Points.</p><hr /><p>@UUID[Compendium.projectfu.skills.Item.vtmxLTltA4JvXFXu]{Entropic Magic} <strong>(SL10)</strong></p><p>Each time you acquire this Skill, learn one Entropist spell (see <strong>Core Rulebook</strong>, page <strong>192</strong>).</p><p>Offensive ( @ICON[offensive] ) Entropist spells use <strong>【INS + WLP】 </strong>for the Magic Check.</p><hr /><p>@UUID[Compendium.projectfu.skills.Item.HgxY0x6jUjS6ppBc]{Lucky Seven}</p><p>You have a <strong>lucky number</strong>; at the beginning of each session, that number is <strong>7</strong>. Once per scene after you perform a Check, you may replace the value shown on one of the dice you rolled with your lucky number (even if this would give an impossible Result, such as a value of 7 on a d6). If you do, the replaced value becomes your <strong>new</strong> lucky number.</p><hr /><p>@UUID[Compendium.projectfu.skills.Item.Ko2QCUw6qbxhufwE]{Ritual Entropism}</p><p>You may perform Rituals whose effects fall within the <strong>Entropism</strong> discipline.</p><p>Entropism Rituals use <strong>【INS + WLP】 </strong>for the Magic Check.</p><hr /><p>@UUID[Compendium.projectfu.skills.Item.84JARbmkQ5r0j39r]{Stolen Time} <strong>(SL4)</strong></p><p>During a conflict, you may use an action to interfere with the flow of time by spending up to <strong>【SL × 5】 </strong>Mind Points. For every 5 Mind Points you spend this way, choose one option: one creature you can see suffers <strong>slow</strong>; <strong>or</strong> one creature you can see recovers from slow; <strong>or</strong> one creature you can see may immediately perform the <strong>Equipment</strong> action for free; or choose one ally you can see who has yet to take a turn during this round: that ally may take their turn immediately after yours during this round. Each option can only be chosen once per use of this Skill.</p><h2><strong>ENTROPIST SPELLS</strong></h2><ul><li><p>For <strong>spell</strong> breakdown and a list of Entropist Spells, refer to: @UUID[Compendium.projectfu.handouts.JournalEntry.jZeTJrK0mFsRyz8S]{Entropist Rules}</p></li></ul>",
Esper,
"<h5><strong>ALSO: Empath, Psion, Soul Hacker</strong></h5><p>Thought, desire and emotion are powerful forces, whose echoes influence the stream of souls that flows throughout the world.</p><p><strong>Espers</strong> have developed the ability to connect with this spiritual web of sensations, which scientists have dubbed “the soul network”, and rely on it to transmit information and improve their physical and mental abilities. Because of this, each Esper applies their powers in remarkably different ways.</p><hr /><h5><strong>ESPER FREE BENEFITS</strong></h5><ul><li>Permanently increase your maximum Mind Points by 5.</li></ul><h2><strong>ESPER SKILLS</strong></h2><p>@UUID[Compendium.projectfu.skills.Item.idQdS82bEICiB0zL]{Cognitive Focus} <strong>(SL5)</strong></p><p>At the start of your turn during a conflict, you may choose one ally who is able to hear you or one enemy you can see that is suffering from <strong>dazed</strong>, <strong>enraged</strong>, and/or <strong>shaken</strong>. Until the start of your next turn, the chosen creature becomes your <strong>focus</strong>.</p><p>You gain a bonus equal to <strong>【SL】</strong> to Checks you perform to examine your <strong>focus</strong>, as well as to your Accuracy Checks and Magic Checks for attacks and offensive spells ( @ICON[offensive] ) that include your <strong>focus</strong> among the targets. When you cause your <strong>focus</strong> to recover Hit Points and/or Mind Points, they recover <strong>【SL × 2】</strong> additional HP and/or MP, respectively.</p><hr /><p>@UUID[Compendium.projectfu.skills.Item.P0oD7KQA9ipYWU8o]{Hypercognition} <strong>(SL5)</strong></p><p>The total MP cost of your <strong>spells</strong> and <strong>verses</strong> (<strong>High Fantasy</strong>, page <strong>138</strong>) that include your <strong>focus</strong> among their targets is reduced by <strong>【SL】</strong>, or by <strong>【SL × 2】</strong> if your <strong>focus</strong> is the <strong>only</strong> target (up to a minimum cost of 0 Mind Points).</p><hr /><p>@UUID[Compendium.projectfu.skills.Item.51Ws5AS0aD5MTJRI]{Navigator}</p><p>You can communicate telepathically with any conscious ally <strong>within 1 travel day</strong> of you; you are <strong>able to hear each other</strong> for the sake of Skills and effects.</p><p>You gain the ability to perform Rituals of the <strong>Ritualism</strong> discipline. Additionally, you may use <strong>Ritualism</strong> to <strong>transport creatures</strong> in and out of the soul network, and to <strong>gain information</strong> and track entities while inside the soul network.</p><hr /><p>@UUID[Compendium.projectfu.skills.Item.uiXJvj0qK0pVfnwY]{Psychic Gifts} <strong>(SL5)</strong></p><p>Each time you take this Skill, you gain a <strong>gift</strong> (see <strong>Techno Fantasy Atlas</strong>, page <strong>152</strong>).</p><p>The rules for gifts and for the <strong>Brainwave </strong>clock can be found in the next page.</p><hr /><p>@UUID[Compendium.projectfu.skills.Item.eU0lW3S2AcGj8BoD]{Psychokinesis}</p><p>When you perform an Accuracy Check, you may replace <strong>one</strong> of the Attribute dice with <strong>Willpower</strong> (such as <strong>【DEX + WLP】</strong> for a <strong>shortbow</strong>). Additionally, your <strong>melee attacks</strong> with weapons belonging to the <strong>arcane</strong> or <strong>sword</strong> Categories may target <strong>ﬂying</strong> creatures.</p><h2><strong>PSYCHIC GIFTS</strong></h2><ul><li><p>For <strong>gift</strong> breakdown and a list of Psychic Gifts, refer to: @UUID[Compendium.projectfu.handouts.JournalEntry.mcjpTrTkosKxoyCc]{Psychic Gift Rules}</p></li><li><p>To <strong>automate</strong>, VTT Instructions can be found here: @UUID[Compendium.projectfu.handouts.JournalEntry.mcjpTrTkosKxoyCc.JournalEntryPage.uafn9l51ROzc9q0w]{Psychic Gift VTT Instructions}</p></li></ul>",
Floralist,
"<h5>ALSO: Bloomblade, Herbalist, Gardener</h5><p>Spiritual energy flows strongly within plants, thanks to their direct connection to earth. Growing from this encounter are <strong>magiseeds</strong>, gifted with the unique ability to thrive on spiritual energy and blossom into a majestic yet ephemeral triumph of magic.<br /><strong>Floralists</strong> can identify and cultivate these strange seeds, which grant a large variety of benefits and can be combined with all sorts of disciplines, martial and magical.</p><hr /><h5>FLORALIST FREE BENEFITS</h5><ul><li>Permanently increase your maximum Hit Points <strong>or</strong> Mind Points by 5 (your choice).</li></ul><h2>FLORALIST SKILLS</h2><p>@UUID[Compendium.projectfu.skills.Item.eZxqfORDilZ4mYip]{Battle Gardening} <strong>(SL3)</strong></p><p><span>After you </span><strong>plant a magiseed</strong><span> through the </span><strong>Chloromancy</strong><span> Skill (not when using <strong>Graft</strong>), you may choose one option: you perform a <strong>free attack</strong> with an equipped weapon; <strong>or</strong> perform the <strong>Spell</strong> action for free, casting a spell with a <strong>total Mind Point cost equal to or lower than【5 + (SL × 5)】</strong>(you must still pay its MP cost). Treat the <strong>High Roll (HR)</strong> of your Accuracy Check or Magic Check as being equal to 0 when determining damage dealt by this attack or spell.</span></p><hr /><p>@UUID[Compendium.projectfu.skills.Item.ZmzDl88kGMvrumoJ]{Chloromancy} <strong>(SL10)</strong></p><p><span>Each time you acquire this Skill, you discover </span><strong>a new type of magiseed</strong> (see <strong>Natural Fantasy Atlas</strong>, page <strong>139</strong>).</p><p><span>During a conflict, if there are <strong>no magiseeds</strong> in your </span><strong>garden</strong><span>, you may use an action and spend 20 Mind Points to <strong>plant a magiseed</strong> of a type you have discovered.</span></p><hr /><p>@UUID[Compendium.projectfu.skills.Item.0IqVc3nbaYQWh5mm]{Graft}</p><p><span>As long as there is a <strong>magiseed</strong> in your <strong>garden</strong> and <strong>1 or more sections</strong> of your <strong>Growth Clock</strong> are <strong>filled</strong>, you may use an action to <strong>remove</strong> that <strong>magiseed</strong> from your <strong>garden</strong>: if you do, you immediately <strong>plant a different magiseed</strong> among those you have discovered (keep the current filled sections of your Growth Clock unchanged).</span></p><hr /><p>@UUID[Compendium.projectfu.skills.Item.LldlV87wO5Tqnl4L]{Tree of Life} <strong>(SL5)</strong></p><p><span>When you <strong>remove</strong> a </span><strong>magiseed</strong><span> from your <strong>garden</strong>, you may choose one creature you can see: if that creature is in <strong>Crisis</strong>, they recover <strong>【5 + (SL × 5)】</strong> Hit Points.</span></p><hr /><p>@UUID[Compendium.projectfu.skills.Item.ilAq8Q2OSE3oCVdi]{Verdant Sway}</p><p><span>You gain the ability to perform Rituals of the </span><strong>Ritualism</strong><span> discipline; <strong>additionally</strong>, you may use <strong>Ritualism</strong> to <strong>create, animate, and/or control vegetation, pollen, spores, and toxins</strong> (but you cannot create nor control <strong>plant</strong>-Species NPCs this way).</span></p><h2>MAGISEEDS</h2><ul><li><p>For <strong>magiseed</strong> breakdown and a list of Magiseeds, refer to: @UUID[Compendium.projectfu.handouts.JournalEntry.16lV3Tse5aK9qipX]{Magiseed Rules}</p></li></ul><ul><li><p>To <strong>automate</strong>, VTT Instructions can be found here: @UUID[Compendium.projectfu.handouts.JournalEntry.16lV3Tse5aK9qipX.JournalEntryPage.8e8kglGnqyKy1Nju]{Magiseed VTT Instructions}</p></li></ul>",
Fury,
"<h5><strong>ALSO: Berserker, Brawler, Viking</strong></h5><p><strong>Furies </strong>never know when to quit. In battle and life, they are energetic, determined, and often restless. Whatever ideals or desires drive their actions, they will stop at nothing and risk everything in order to achieve them. Some Furies undergo a rigid training in order to control their emotions; others simply see might as the solution to all problems and are constantly on the verge of letting rage get the best of them.</p><hr /><h5><strong>FURY FREE BENEFITS</strong></h5><ul><li>Permanently increase your maximum Hit Points by 5.</li><li>Gain the ability to equip <strong>martial melee weapons</strong> and <strong>martial armor</strong>.</li></ul><h2><strong>FURY SKILLS</strong></h2><p>@UUID[Compendium.projectfu.skills.Item.DniA4VMTBNhk5a1v]{Adrenaline} <strong>(SL5)</strong></p><p>As long as you are in <strong>Crisis</strong>, you deal <strong>【SL × 2】 </strong>extra damage (be it with attacks, spells, Arcana, items, or any other method).</p><hr /><p>@UUID[Compendium.projectfu.skills.Item.oi2LgAoLN5IyuBG3]{Frenzy}</p><p>Your Accuracy Checks with <strong>brawling</strong>, <strong>dagger</strong>, <strong>flail </strong>and <strong>thrown </strong>weapons trigger a <strong>critical success </strong>if both dice show the same number (and the Check is not a <strong>fumble</strong>).</p><hr /><p>@UUID[Compendium.projectfu.skills.Item.wezEekAOYfbxrt74]{Indomitable Spirit} <strong>(SL4)</strong></p><p>When you spend one or more Fabula Points, you get an additional benefit — choose one option: you recover <strong>【SL × 5】 </strong>Hit Points; <strong>or </strong>you recover <strong>【SL × 5】 </strong>Mind Points; <strong>or </strong>you recover from a single status effect of your choice.</p><hr /><p>@UUID[Compendium.projectfu.skills.Item.XaopYEAay9e86srI]{Provoke} <strong>(SL5)</strong></p><p>You may use an action and spend 5 Mind Points to perform an Opposed <strong>【MIG + WLP】 </strong>Check against a creature you can see — describe how you taunt them! If you succeed, the target suffers <strong>enraged </strong>and is compelled to focus their attention on you (their attacks and offensive spells must include you among the targets if possible). This compulsion ends if you fall unconscious or leave the scene, if the creature is no longer <strong>enraged</strong>, or if they are successfully <strong>provoked </strong>by someone else.</p><p>You gain a bonus equal to <strong>【SL】 </strong>to your <strong>【MIG + WLP】 </strong>Checks for this Skill.</p><hr /><p>@UUID[Compendium.projectfu.skills.Item.OW3xxi09kANGy2ZO]{Withstand} <strong>(SL5)</strong></p><p>When you perform the <strong>Guard </strong>action, if you choose <strong>not </strong>to provide cover to another creature, you recover Hit Points equal to <strong>【SL, multiplied by the highest strength among your Bonds】 </strong>and choose <strong>Might </strong>or <strong>Willpower</strong>: you treat the chosen Attribute as being one die size higher (up to a maximum of <strong>d12</strong>) until the end of your next turn.</p>",
Gourmet,
"<h5>ALSO: Brewer, Chef, Patissier</h5><p><span>Cooking may be considered a common skill, but <strong>Gourmets</strong> refine their knowledge of foodstuffs to a level that is nothing short of supernatural: they refine the art of extracting spiritual energies from every ingredient, infusing meals with powerful magical effects! While most Gourmets are content with simply settling down in a town or village and making a living off their skills, some wander the world in a lifelong search for new ingredients.</span></p><hr /><h5>GOURMET FREE BENEFITS</h5><ul><li><span>Permanently increase your maximum Inventory Points by 2.</span></li><li><span>You may initiate <strong>Projects</strong> to create unique foods and drinks; they are always <strong>consumable</strong> and their <strong>area</strong> is based on the number and type of creatures you need to nourish.</span></li></ul><h2>GOURMET SKILLS</h2><p>@UUID[Compendium.projectfu.skills.Item.SkhjmD8IDm1yff3e]{Cooking} <strong>(SL5)</strong></p><p><span>When you </span><strong>rest</strong><span> inside a settlement, you gain <strong>【SL】 ingredients</strong></span> (see <strong>Natural Fantasy Atlas</strong>, page <strong>150</strong>).</p><p><span>You may use an action and combine <strong>2 or 3 </strong></span><strong>ingredients</strong><span> to prepare a </span><strong>delicacy</strong><span> </span>(see page <strong>150</strong>)<span> and choose one option: you apply its effects to yourself or an ally you can see; <strong>or</strong> you perform a <strong>free attack</strong> with a weapon you have equipped. This attack deals no damage, but you apply the delicacy's effects to each enemy hit by the attack.</span></p><p><span>You may carry <strong>up to 10 +【SL × 5】</strong></span><strong>ingredients</strong><span>, and they <strong>will never spoil until you use them</strong>; if you take this Skill during character creation, you begin play with <strong>ten </strong>ingredients with random tastes.</span></p><hr /><p>@UUID[Compendium.projectfu.skills.Item.GJHaSepRfZZ5TRWN]{Knife and Fork}</p><p><span>When you perform the free attack granted by the </span><strong>Cooking</strong><span> Skill, if you combined <strong>no more than 2 ingredients</strong>, you may have the attack deal damage as normal. If you do, you treat your <strong>High Roll (HR)</strong> as 0 when calculating damage dealt by this attack</span></p><hr /><p>@UUID[Compendium.projectfu.skills.Item.VXv8FzCETDsXLeH7]{Made with Love} <strong>(SL3)</strong></p><p><span>When you use the </span><strong>Cooking</strong><span> Skill and choose to apply the effects of the delicacy to yourself or an ally you can see, you may spend up to<strong>【SL × 10】</strong>MP. For every 10 MP you spend this way, you also apply the <strong>delicacy</strong>'s effects to another ally you can see.</span></p><hr /><p>@UUID[Compendium.projectfu.skills.Item.y6f7BuTvmefliVVD]{Salt and Pepper}</p><p><span>When you prepare a </span><strong>delicacy</strong><span>, you may spend 2 Inventory Points: if you do, change the <strong>taste</strong> of one ingredient to a different taste of your choice.</span></p><hr /><p>@UUID[Compendium.projectfu.skills.Item.EU5astEIUK1d8Qk3]{Traveling Cook} <strong>(SL3)</strong></p><p><span>After each <strong>travel roll</strong>, if you acquired the <strong>Cooking</strong> Skill, you gain </span><strong>【SL × 2】</strong><span><strong>ingredients.</strong></span></p><h2>INGREDIENTS &amp; DELICACIES</h2><ul><li><p>For <strong>cooking</strong> breakdown and a list of Ingredients &amp; Delicacies, refer to: @UUID[Compendium.projectfu.handouts.JournalEntry.vsXmQQBeh7FSTCc4]{Ingredients &amp; Delicacies Rules}</p></li><li><p>To <strong>automate</strong>, VTT Instructions can be found here: @UUID[Compendium.projectfu.handouts.JournalEntry.vsXmQQBeh7FSTCc4.JournalEntryPage.fDzgptyBKkS5y2YY]{Cookbook VTT Instructions}</p></li></ul>",
Guardian,
"<h5><strong>ALSO: Paladin, Soldier, Yōjinbō</strong></h5><p>Proud and selfless, <strong>Guardians</strong> are individuals who know the value of life… and are willing to sacrifice themselves for a person, nation or ideal they have sworn to protect. They are often extraordinary and impressive individuals, such as valiant soldiers or veterans scarred by a thousand battles. While some Guardians may appear loud and boisterous, many are simply masking the tormented memory of those they failed to protect.</p><hr /><h5><strong>GUARDIAN FREE BENEFITS</strong></h5><ul><li>Permanently increase your maximum Hit Points by 5.</li><li>Gain the ability to equip <strong>martial armor</strong> and <strong>martial shields.</strong></li></ul><h2><strong>GUARDIAN SKILLS</strong></h2><p>@UUID[Compendium.projectfu.skills.Item.ZvZT5jWlBZVm1Gmd]{Bodyguard}</p><p>If you perform the <strong>Guard</strong> action and choose to provide cover to another creature, that creature gains Resistance to all damage types until the start of your next turn.</p><hr /><p>@UUID[Compendium.projectfu.skills.Item.7wF1oulk0Zn7ITTF]{Defensive Mastery} <strong>(SL5)</strong></p><p>As long as you have a <strong>shield</strong> or a <strong>martial armor</strong> equipped, all damage you suffer is reduced by <strong>【SL】</strong> (applied <strong>before</strong> damage Affinities).</p><hr /><p>@UUID[Compendium.projectfu.skills.Item.aPQXTQegswRisA1R]{Dual Shieldbearer}</p><p>You may now equip a <strong>shield</strong> in your <strong>main hand</strong> slot. As long as you have two shields equipped, you gain the benefits of both items and may treat them as the following combined two-handed melee <strong>brawling</strong> weapon:</p><table style=""width:98.7597%;height:53px"" border=""1""><colgroup><col style=""width:14.4654%""></col><col style=""width:20.7547%""></col><col style=""width:23.2618%""></col><col style=""width:41.5181%""></col></colgroup><tbody><tr style=""height:17px""><td style=""height:17px""><strong>WEAPON</strong></td><td style=""height:17px""><strong>ACCURACY</strong></td><td style=""height:17px""><strong>DAMAGE</strong></td><td style=""height:17px""><strong>QUALITY</strong></td></tr><tr style=""height:36px""><td style=""height:36px""><strong>Twin Shields</strong></td><td style=""height:36px""><strong>【MIG + MIG】</strong></td><td style=""height:36px""><strong>【HR + 5】physical</strong> </td><td style=""height:36px"">Deals extra damage equal to your <strong>【SL】</strong> in <strong>defensive mastery</strong>.</td></tr></tbody></table><p>Deals extra damage equal to your <strong>【SL】</strong> in <strong>defensive mastery</strong> (above).</p><hr /><p>@UUID[Compendium.projectfu.skills.Item.X4KdFiQmzikrsM6v]{Fortress} <strong>(SL5)</strong></p><p>Permanently increase your maximum Hit Points by <strong>【SL × 3】</strong>.</p><hr /><p>@UUID[Compendium.projectfu.skills.Item.Z4WIA15aR4uLL5ES]{Protect}</p><p>When another creature is threatened by an <strong>attack</strong>, <strong>spell</strong> or other <strong>danger</strong>, you may take their place (any Checks that are part of the danger will be performed against you; you may declare the use of this Skill <strong>before</strong> or <strong>after</strong> the Checks have been made). If the danger already affected you, it affects you <strong>twice</strong> (resolve both instances separately); you also cannot protect multiple creatures from the same danger. If you use this Skill during a conflict, you cannot use it again until the start of your next turn.</p>",
Invoker,
"<h5>ALSO: Channeler, Five-Soul Master, Onmyōji</h5><p><span><strong>Invokers</strong> research the innate energy of souls and the way it spontaneously flows and manifests throughout their surroundings. Even if their art relies on calling upon the power of the elements, they adapt to the existing power sources rather than force an unnatural outcome and upset the flow of spirits. That said, Invokers remain formidable adventurers: they boast great flexibility and a unique affinity for elemental creatures.</span></p><hr /><h5>INVOKER FREE BENEFITS</h5><ul><li><span>Permanently increase your maximum Hit Points <strong>or</strong> Mind Points by 5 (your choice).</span></li></ul><h2>INVOKER SKILLS</h2><p>@UUID[Compendium.projectfu.skills.Item.YZkp0hXK29tfI0MI]{Elemental Harmony} <strong>(SL2)</strong></p><p><span>You may verbally communicate with creatures of the <strong>elemental</strong> Species.</span></p><p><span>When you restore a creature's Hit Points with an <strong>invocation</strong> or spell, if an <strong>elemental</strong> is present on the scene, the restored amount is increased by <strong>【SL × 5】</strong>.</span></p><hr /><p>@UUID[Compendium.projectfu.skills.Item.G5SMsS4TC1glE2VS]{Invocation} <strong>(SL3)</strong></p><p><span>You may use an action and spend 5 Mind Points to perform an <strong>invocation</strong>, drawing energy from one of the <strong>wellsprings</strong> present on the scene </span>(see <strong>Natural Fantasy Atlas</strong>, page <strong>156</strong>)<span>. Your <strong>【SL】 </strong>in this Skill determines which invocations you have access to.</span></p><hr /><p>@UUID[Compendium.projectfu.skills.Item.OQaLTvDV59JKnFqO]{Linked Invocation} <strong>(SL3)</strong></p><p><span>When you perform an <strong>invocation</strong>, you may spend up to <strong>【SL × 10】</strong>additional Mind Points. For every 10 Mind Points you spend this way, the invocation may target an additional creature you can see.</span></p><hr /><p>@UUID[Compendium.projectfu.skills.Item.ouhN6A6jFZO10eST]{Ripples} <strong>(SL5)</strong></p><p><span>After an enemy you can see loses Hit Points due to damage dealt by one of your allies, if that damage was increased by one or more of your <strong>""hex"" invocations</strong>, you may perform a <strong>free attack</strong> with a weapon you have equipped. This attack may only target that enemy, and receives a bonus equal to <strong>【SL】</strong> to its Accuracy Check; if it is successful, all its damage becomes of the same type dealt by your ally, and <strong>all ""hex"" invocations</strong> present on its target end immediately after the attack has been resolved. If two or more enemies trigger this Skill at the same time, you can perform a <strong>free attack</strong> against <strong>each</strong> of them, in whatever order you prefer.</span></p><hr /><p>@UUID[Compendium.projectfu.skills.Item.HlSeaheZt8969qI7]{Wellspring Expansion} <strong>(SL5)</strong></p><p><span>As long as you have a weapon belonging to the <strong>arcane</strong>, <strong>bow</strong>, <strong>brawling</strong>, <strong>flail</strong>, <strong>sword</strong>, or <strong>thrown</strong> Category equipped, your ""<strong>blast</strong>"" <strong>invocations</strong> deal <strong>【SL】 </strong>extra damage, and the extra damage granted by your ""<strong>hex</strong>"" <strong>invocations</strong> is increased by <strong>【SL】</strong>.</span></p><h2>INVOCATIONS</h2><ul><li><p>For <strong>invocation</strong> breakdown and a list of Invocations, refer to: @UUID[Compendium.projectfu.handouts.JournalEntry.JHjzGHXO9qm8HVW9]{Invoker Rules}</p></li><li><p>To <strong>automate</strong>, VTT Instructions can be found here: @UUID[Compendium.projectfu.handouts.JournalEntry.JHjzGHXO9qm8HVW9.JournalEntryPage.msH4dITSSkbnWnQd]{Invoker VTT Instructions}</p></li></ul>",
Loremaster,
"<h5><strong>ALSO: Archivist, Sage, Scholar</strong></h5><p><strong>Loremasters </strong>are known for their insatiable curiosity and appetite for discovery. They firmly believe that knowledge equates to power, and would often trade all gold in the world for a chance at solving a good mystery. Unfortunately, a majority of Loremasters tend to be aloof and easily distracted, rarely concerning themselves with “pragmatic” matters… to the point of sometimes failing to realize the darker implications of their discoveries.</p><hr /><h5><strong>LOREMASTER FREE BENEFITS</strong></h5><ul><li>Permanently increase your maximum Mind Points by 5.</li></ul><h2><strong>LOREMASTER SKILLS</strong></h2><p>@UUID[Compendium.projectfu.skills.Item.J5KbrSiczxizbdM3]{Flash of Insight} <strong>(SL3)</strong></p><p>When you roll a <strong>13 or higher</strong> on a Check performed to investigate a creature, item or location — this includes using the <strong>Study </strong>action during a conflict — you may ask the Game Master up to <strong>【SL】 </strong>questions concerning the subject of your investigation. You may ask these questions immediately or save them for later; whenever you ask one of these questions, the Game Master will answer truthfully and you will describe your character’s deductive process. This Skill may only be used once on the same creature, item or location.</p><hr /><p>@UUID[Compendium.projectfu.skills.Item.xaNu6plCZfo9dGsX]{Focused} <strong>(SL5)</strong></p><p>Permanently increase your maximum Mind Points by <strong>【SL × 3】</strong>.</p><p>When you perform an Open Check using <strong>【INS + INS】</strong>, you gain a bonus equal to <strong>【SL】 </strong>on that Check (this <strong>only </strong>applies to Open Checks).</p><hr /><p>@UUID[Compendium.projectfu.skills.Item.XNAHXFdVPKiABegZ]{Knowledge Is Power}</p><p>When you perform an Accuracy Check, you may replace <strong>one </strong>of the Attribute dice with <strong>Insight </strong>(such as <strong>【INS + INS】 </strong>for a <strong>pistol </strong>or <strong>【INS + MIG】 </strong>for a <strong>waraxe</strong>).</p><hr /><p>@UUID[Compendium.projectfu.skills.Item.YiBD86tGOvFSlaZ6]{Quick Assessment} <strong>(SL6)</strong></p><p>At the start of a conflict, you may spend up to <strong>【SL × 5】 </strong>Mind Points. For every 5 Mind Points you spend this way, choose one option: choose a creature you can see and the GM reveals one of their <strong>Traits</strong>; <strong>or </strong>name a damage type and choose a creature you can see, and the GM reveals that creature’s <strong>Affinity </strong>towards that damage type.</p><hr /><p>@UUID[Compendium.projectfu.skills.Item.NseNebtgAwSF7pM6]{Trained Memory}</p><p>You may perfectly recall the details of any scene you have visited within the past week. You can “go back in time” within your mind in order to examine and investigate such scenes again — your <strong>Flash of Insight</strong> Skill will apply to these memories as well.</p>",
Merchant,
"<h5>ALSO: Artisan, Collector, Pharmacist</h5><p><span>Even in worlds rife with great magic, wealth and money are very influential. Trade and commerce are one key aspect to the development of nations and kingdoms, and <strong>Merchants</strong> are quite aware of this power. It might seem strange for a Merchant to be treated on par with a hero: and yet, those who resist the temptation of greed and rely on commerce to foster exchanges of ideas and dialogue between distant people truly are fighting their very own revolution.</span></p><hr /><h5>MERCHANT FREE BENEFITS</h5><ul><li><span>Permanently increase your maximum Inventory Points by 2.</span></li></ul><h2>Merchant SKILLS</h2><p>@UUID[Compendium.projectfu.skills.Item.BW9vyaiaOF5OkIcG]{Expiration Date} <strong>(SL3)</strong></p><p><span>When a <strong>potion</strong> or <strong>delicacy</strong> </span>(see <strong>Natural Fantasy Atlas</strong>, page <strong>150</strong>)<span> you created that <strong>does not</strong> deal damage causes one or more creatures to recover Hit Points, you may instead have it deal <strong>poison</strong> damage equal to <strong>【half your level + (SL × 10)】 </strong>to each of those creatures. This damage type cannot change, and it is <strong>halved</strong> if you are dealing damage to <strong>two or more creatures</strong>.</span></p><hr /><p>@UUID[Compendium.projectfu.skills.Item.GkFFLkshtNlg0vgV]{I've Heard of It!} <strong>(SL3)</strong></p><p><span>When you or an ally who is able to hear and understand you perform a Check to examine a creature, item, or location, you may spend 1 Trade Point to grant a bonus equal to <strong>【SL × 2】 </strong>to the Result of that Check.</span></p><hr /><p>@UUID[Compendium.projectfu.skills.Item.cjo6RghyGPUwvo1N]{Private Stock} <strong>(SL3)</strong></p><p><span>When you or another Player Character spend <strong>【SL + 2】 </strong>or fewer Inventory Points, you may spend 1 Trade Point to ignore that cost.</span></p><hr /><p>@UUID[Compendium.projectfu.skills.Item.lFYCdvybWS7x8e6L]{Real Treasure} <strong>(SL3)</strong></p><p><span>Once per session, when you help an NPC or community <strong>defeat greed and corruption</strong>, <strong>improve their quality of life</strong>, or <strong>coexist with other creatures</strong>, if you have acquired the <strong>Winds of Trade</strong> Skill, you gain <strong>【SL + 1】</strong>Trade Points.</span></p><hr /><p>@UUID[Compendium.projectfu.skills.Item.zXB7pBEv1JED1xkh]{Winds of Trade} <strong>(SL3)</strong></p><p><span>After you rest in an area where commerce is possible, you gain <strong>【SL + 1】Trade Points</strong>.</span></p><p><span>You may never have more than <strong>【SL + 3】</strong>Trade Points; if you acquire this Skill during character creation, begin play with 2 Trade Points.</span></p><p><span>During a <strong>non-conflict scene</strong>, you may spend 2 Trade Points to choose one option: you create a <strong>material</strong> or <strong>rare item</strong> approved by the Game Master whose value in zenit is <strong>equal to or lower than 【your level, multiplied by 30】</strong>; <strong>or</strong> your create an NPC that lives nearby and explain their occupation as well as how you met them, then the Game Master tells you what they require in exchange for their services.</span></p>",
Mutant,
"<h5><strong>ALSO: Abomination, Experiment, Lycanthrope</strong></h5><p>Some say no progress can be achieved without sacrifice; conveniently enough, these sacrifices are rarely made by those in power. <strong>Mutants</strong> are living testaments to this ruthless arrogance: people whose souls and bodies bear the signs of technological or magical pollution. Each Mutant is a unique being capable of altering their body in strange and unprecedented ways, but their powers come at a painful price and can be a dreadful sight to behold.</p><hr /><h5><strong>MUTANT FREE BENEFITS</strong></h5><ul><li>Permanently increase your maximum Hit Points by 5.</li></ul><h2><strong>MUTANT SKILLS</strong></h2><p>@UUID[Compendium.projectfu.skills.Item.7ZIT4N07zc2yWsre]{Akromorphosis} <strong>(SL3)</strong></p><p>Your <strong>unarmed strikes</strong> deal <strong>【6 + (SL × 2)】</strong> extra damage, and you gain a bonus equal to <strong>【SL】</strong> to your Accuracy Checks with them.</p><p>At the start of your turn during a conflict, you may choose a weapon Category other than <strong>brawling</strong>. If you do, your <strong>unarmed strikes</strong> now belong to the chosen Category; if you choose <strong>bow</strong>, <strong>firearm</strong>, or <strong>thrown</strong>, they become <strong>ranged</strong> weapons instead of <strong>melee</strong>; if you choose <strong>dagger</strong> or <strong>sword</strong>, they cannot be used with <strong>Triple Slash</strong> (see <strong>High Fantasy Atlas</strong>, page <strong>161</strong>). These changes last until the start of your next turn.</p><hr /><p>@UUID[Compendium.projectfu.skills.Item.kpg23Fs85uniba2A]{Biphagy} <strong>(SL4)</strong></p><p>After one of your attacks or offensive spells ( @ICON[offensive] ) causes one or more enemies to lose Hit Points, if you are in <strong>Crisis</strong>, you may recover <strong>【SL × 5】</strong> Hit Points.</p><hr /><p>@UUID[Compendium.projectfu.skills.Item.ij6vcA9nnD915bgI]{Ecdysis}</p><p>After you lose Hit Points due to damage, if that damage had a type other than physical, you may spend 10 Hit Points to gain Resistance to that damage type until you use this Skill again. You cannot use this Skill if doing so would reduce you to 0 HP.</p><hr /><p>@UUID[Compendium.projectfu.skills.Item.mWqx8pto9gbbwMoG]{Genoclepsis} <strong>(SL2)</strong></p><p>When you deal damage to one or more NPCs, you learn their Species and the GM chooses <strong>【SL】therioforms</strong> appropriate to those NPCs (see <strong>Techno Fantasy Atlas</strong>, page <strong>156</strong>): if you have acquired the <strong>Theriomorphosis</strong> Skill, you may immediately pay its HP cost and use it to manifest those <strong>therioforms</strong> (even if they are not among those you have learned).</p><hr /><p>@UUID[Compendium.projectfu.skills.Item.pmwdU2AGU0JtrWw8]{Theriomorphosis} <strong>(SL6)</strong></p><p>Each time you acquire this Skill, you learn a <strong>therioform </strong>(see <strong>Techno Fantasy Atlas</strong>, page <strong>156</strong>).</p><p>You may use an action and spend <strong>one third of your current Hit Points</strong> (rounded down) to manifest the effects of <strong>up to two therioforms</strong> you have learned. The details of this transformation are explained on the next page.</p><h2><strong>THERIOFORMS</strong></h2><ul><li><p><span style=""font-family:'PT Sans Narrow', sans-serif"">For </span><strong>therioform</strong> breakdown and a list of <strong>Therioforms</strong>, refer to:<strong> </strong>@UUID[Compendium.projectfu.handouts.JournalEntry.aXZh9r7OxySQ484p]{Therioforms Rules}</p></li></ul>",
Necromancer,
"<h5><strong>ALSO: Grave Queen, Reanimator, Vampire</strong></h5><p>The arts of soul manipulation have seen a wide variety of uses, but few will strike an instinctual fear in the hearts of people as Necromancy can.</p><p><strong>Necromancers</strong> reap spiritual energy moments before death, when it is at its brightest; this precious power can then be used to fuel their control over the balance of life and death, or even to inhabit a corpse so that it moves again. And yet, as if to mock their dark efforts, true resurrection of a lost one remains a mirage…</p><hr /><h5><strong>NECROMANCER FREE BENEFITS</strong></h5><ul><li>Permanently increase your maximum Hit Points <strong>or</strong> Mind Points by 5 (your choice).</li></ul><h2><strong>NECROMANCER SKILLS</strong></h2><p>@UUID[Compendium.projectfu.skills.Item.QwAuh7RXGBQsCb6l]{Beyond The Realms Of Death} <strong>(SL5)</strong></p><p>When another creature you can see loses Hit Points while in Crisis, if they are not undead, you gain <strong>1 Grave Point</strong>. You may never have more than <strong>【SL + 1】 </strong>Grave Points. When you are reduced to 0 Hit Points, you lose all Grave Points; then, if you lost at least 1 Grave Point this way and this is the <strong>first time</strong> you are reduced to 0 HP during this scene, you do not <strong>Surrender</strong> nor <strong>Sacrifice</strong> yourself: instead, you recover an amount of HP equal to <strong>【SL, multiplied by the amount of Grave Points you lost this way】</strong>.</p><hr /><p>@UUID[Compendium.projectfu.skills.Item.kOEljjCw7bS9FyJv]{Children Of The Grave}</p><p>You can always communicate verbally with <strong>undead</strong> creatures. Once per scene, you may ask an <strong>undead</strong> a single question; they are compelled to answer truthfully.</p><hr /><p>@UUID[Compendium.projectfu.skills.Item.4TxnpOUnaOaTFCP0]{Fear Is The Key} <strong>(SL3)</strong></p><p>After you cause one or more enemies to lose Hit Points, if you have acquired the <strong>Beyond the Realms of Death</strong> Skill and at least one of them is suffering from shaken and/or <strong>weak</strong>, you gain 1 Grave Point and recover <strong>【SL × 2】 </strong>Hit Points and Mind Points.</p><hr /><p>@UUID[Compendium.projectfu.skills.Item.oevRD7ES46HQEOKn]{For Whom The Bell Tolls} <strong>(SL3)</strong></p><p>When you <strong>deal damage to a creature with a spell</strong>, if that spell <strong>only deals damage to that creature</strong>, you may spend 1 Grave Point. If you do, choose one option: if that creature is suffering from one or more status effects, the spell deals extra damage equal to <strong>【(SL × 2) + the number of status effects on that creature】</strong>; or if that creature is suffering from no status effects, they suffer <strong>shaken</strong>.</p><hr /><p>@UUID[Compendium.projectfu.skills.Item.VSWCJDqDERswimf0]{Rondo Of Nightmare}</p><p>When you cast an offensive spell ( @ICON[offensive] ) with a <strong>target</strong> of “One creature”, you may spend 2 Grave Points to have it target <strong>all</strong> creatures you can see that are present on the scene (perform a single Magic Check and confront it with the Magic Defense of each target). If you do, all damage dealt by the spell becomes <strong>dark</strong> and its type cannot change.</p>",
Orator,
"<h5><strong>ALSO: Ambassador, Diplomat, Entertainer</strong></h5><p>Some are graceful and ever smiling, others are subtle and witty: <strong>Orators </strong>are as good at reading someone’s heart as they are at rounding up allies for their cause, sometimes unintentionally. The words of an Orator may rekindle spirits or plunge their opponents into despair: over the centuries, some Orators’ talents have brought entire nations to ruin… and just as many have granted fallen kingdoms a chance to rise from their very ashes.</p><hr /><h5><strong>ORATOR FREE BENEFITS</strong></h5><ul><li>Permanently increase your maximum Mind Points by 5.</li></ul><h2><strong>ORATOR SKILLS</strong></h2><p>@UUID[Compendium.projectfu.skills.Item.DtEiCkDsC1amYABn]{Condemn} <strong>(SL4)</strong></p><p>You may use an action and spend 5 Mind Points to perform an Opposed 【<strong>INS</strong> + <strong>WLP</strong>】 Check against a creature that can hear and understand you — describe your accusations! If you succeed, the target loses <strong>【SL × 10】 </strong>Mind Points and suffers <strong>dazed </strong>or <strong>shaken </strong>(your choice).</p><p>You gain a bonus equal to <strong>【SL】 </strong>to your <strong>【INS + WLP】 </strong>Checks for this Skill.</p><hr /><p>@UUID[Compendium.projectfu.skills.Item.04DiGVKhF3DtmJ4n]{Encourage} <strong>(SL6)</strong></p><p>During a conflict, you may use an action and spend 5 Mind Points to choose another creature that can hear and understand you. That creature recovers <strong>【SL × 5】 </strong>Hit Points and chooses <strong>Dexterity</strong>, <strong>Insight</strong>, <strong>Might</strong>, or <strong>Willpower</strong>: they treat the chosen Attribute as being one die size higher (up to a maximum of <strong>d12</strong>) until the start of your next turn.</p><hr /><p>@UUID[Compendium.projectfu.skills.Item.lK9onKSiMuQEe3zd]{My Trust In You} <strong>(SL2)</strong></p><p>After another Player Character who is able to hear you performs a Check, you may spend 1 Fabula Point and invoke one of their <strong>Traits </strong>or <strong>Bonds </strong>in order to let them reroll dice or improve the Result of the Check (following the normal rules). Then, if you have a <strong>Bond </strong>towards that character, they recover <strong>【SL × 10】 </strong>Mind Points.</p><hr /><p>@UUID[Compendium.projectfu.skills.Item.GjmqoWAJ4szsk0om]{Persuasive} <strong>(SL2)</strong></p><p>When you successfully perform a Check to fill or erase sections of a Clock, if your approach relied on <strong>charm</strong>, <strong>diplomacy</strong>, <strong>deception </strong>or <strong>intimidation</strong>, you may spend up to <strong>【SL × 20】 </strong>Mind Points. If you do, fill or erase an additional section of that Clock for every 20 Mind Points you spend this way.</p><hr /><p>@UUID[Compendium.projectfu.skills.Item.ucCrtRAvv2qX8aJO]{Unexpected Ally}</p><p>You may use an action and spend 1 Fabula Point to choose a <strong>non-hostile</strong> creature able to hear and understand you. If you do, that creature becomes helpful towards you so long as you are kind and respectful to them and your requests are reasonable.</p>",
Pilot,
"<h5><strong>ALSO: Biker, Mech Pilot, Sky Pirate</strong></h5><p>Be they boastful racers, trained soldiers or elegant chaffeurs, <strong>Pilots</strong> develop a special bond with their vehicle – in a way, it becomes an extension of their body, which they can rely on for battle and travel.</p><p>While transports of all sorts are frequently seen in every <strong>Fabula Ultima</strong> world, a Pilot’s vehicle is something unique and irreplaceable: it could be the very mecha their mother piloted in battle, a jury-rigged aviobike that shouldn’t even be able to fly, or some sort of technological marvel.</p><hr /><h5><strong>PILOT FREE BENEFITS</strong></h5><ul><li><p>Permanently increase your maximum Hit Points by 5.</p></li><li><p>Gain the ability to equip <strong>martial melee weapons</strong> and <strong>martial ranged weapons</strong>.</p></li></ul><h2><strong>PILOT SKILLS</strong></h2><p>@UUID[Compendium.projectfu.skills.Item.kMQH13lhWY4Mlbh8]{Compression Tech}</p><p>As long as there is no one aboard your <strong>personal vehicle</strong>, you may have it safely disappear from the game world at any time. What magic or technology allows it?</p><p>If your <strong>personal vehicle</strong> is not present in the game world and you are in a space big enough to contain it, you may perform the <strong>Inventory</strong> action and spend 2 Inventory Points to have the vehicle appear near you and <strong>enter</strong> it for free.</p><hr /><p>@UUID[Compendium.projectfu.skills.Item.BuqR9EZDFMn5lDGG]{Flexible Configuration} <strong>(SL4)</strong></p><p>When you perform the <strong>Equipment</strong> or <strong>Guard</strong> action while driving your personal vehicle, you may choose up to <strong>【SL】</strong> of its enabled modules and <strong>disable</strong> them. If you do, choose up to an equal amount of its disabled modules and <strong>enable</strong> them.</p><hr /><p>@UUID[Compendium.projectfu.skills.Item.HCzLtYgEWScIeJNq]{Heart in the Engine} <strong>(SL3)</strong></p><p>At the start of your turn during a conflict, if you are driving your <strong>personal vehicle</strong>, you may spend 10 Mind Points. If you do, choose one option: the next time you deal damage during this turn, deal <strong>【SL × 2】</strong> extra damage; <strong>or</strong>, the next time you suffer damage before the start of your next turn, that damage is reduced by <strong>【SL × 2】</strong> (applied <strong>before</strong> damage Affinities); <strong>or</strong>, you recover from a status effect of your choice among <strong>slow</strong> and <strong>weak</strong>.</p><hr /><p>@UUID[Compendium.projectfu.skills.Item.wGzSaXFjLlQIAAxk]{Personal Vehicle} <strong>(SL5)</strong></p><p>When you acquire this Skill, you gain a <strong>personal vehicle</strong> with a <strong>frame</strong> of your choice and <strong>three different modules</strong> of your choice (see <strong>Techno Fantasy Atlas</strong>, page <strong>160</strong>).</p><p>Whenever you acquire this Skill again, you acquire <strong>two additional modules</strong> of your choice.</p><hr /><p>@UUID[Compendium.projectfu.skills.Item.rTqtsfBemOKLgWuN]{Strong Grip}</p><p>When you perform an Accuracy Check with a <strong>weapon module</strong>, you may replace <strong>one</strong> of the Attributes with Might (such as <strong>【MIG + WLP】</strong> for an <strong>arcane module</strong>).</p><h2><strong>A PILOT'S VEHICLE</strong></h2><ul><li><p>For <strong>vehicle</strong> breakdown and a list of Vehicle Modules, refer to: @UUID[Compendium.projectfu.handouts.JournalEntry.JtN1YEB5uhn9JMUG]{Vehicle Rules}</p></li><li><p>To <strong>automate</strong>, VTT Instructions can be found here: @UUID[Compendium.projectfu.handouts.JournalEntry.JtN1YEB5uhn9JMUG.JournalEntryPage.7R1h5R48OHr4m7hq]{Pilot VTT Instructions}</p></li></ul>",
Rogue,
"<h5><strong>ALSO: Bandit, Ninja, Thief</strong></h5><p>Be they criminals, rebels, or spies, <strong>Rogues</strong> are more than willing to play dirty to get what they want. Rogues are generally quick, witty, and elusive: while a few of them are infamous for being mostly concerned with their personal wealth and profit, many see themselves as fighting against injustice, tyranny, or social exclusion. Tragically, it is quite common for Rogues to end up being painted as threats by those same people they fight for.</p><hr /><h5><strong>ROGUE FREE BENEFITS</strong></h5><ul><li>Permanently increase your maximum Inventory Points by 2.</li></ul><h2><strong>ROGUE SKILLS</strong></h2><p>@UUID[Compendium.projectfu.skills.Item.c2XRt5pvOab25Tbe]{Cheap Shot} <strong>(SL5)</strong></p><p>When you hit a creature with an attack, if the attack <strong>only</strong> targeted that creature and they are suffering from <strong>one or more status effects</strong>, you may have it deal extra damage equal to <strong>【SL + the number of status effects on the creature】</strong>.</p><hr /><p>@UUID[Compendium.projectfu.skills.Item.ksgKc90MZSpDTka7]{Dodge} <strong>(SL3)</strong></p><p>As long as you have no <strong>shields</strong> and no <strong>martial armor</strong> equipped, your Defense score is increased by <strong>【SL】</strong>.</p><hr /><p>@UUID[Compendium.projectfu.skills.Item.tiu0D74YNxirN6Tr]{High Speed} <strong>(SL3)</strong></p><p>At the start of a conflict, you may spend 10 Mind Points. If you do, choose one option and apply it before the start of the first round: perform a <strong>free attack</strong> with a weapon you have equipped; <strong>or</strong> perform a <strong>Hinder</strong> or <strong>Objective</strong> action. You also gain a bonus equal to <strong>【SL】</strong> to all Checks you perform as part of the chosen option.</p><hr /><p>@UUID[Compendium.projectfu.skills.Item.cHKzZJBYjwLuRfDL]{See You Later}</p><p>You may use an action and spend 1 Fabula Point to vanish from the current scene, reappearing whenever you want during a <strong>different</strong> scene in which another Player Character is present. Describe how you escaped and miraculously got here!</p><hr /><p>@UUID[Compendium.projectfu.skills.Item.bpCv5Vkr1aWZiFSw]{Soul Steal} <strong>(SL5)</strong></p><p>You may use an action to perform a <strong>【DEX + WLP】</strong> Check against the Magic Defense of a creature you can see. If you succeed and the target is a <strong>soldier</strong>, you recover <strong>【SL】</strong> Inventory Points; if they are an <strong>elite</strong> or <strong>champion</strong>, the GM gives you the target’s <strong>soul treasure</strong>, an item worth an amount of zenit equal to or lower than <strong>【the target’s level multiplied by 30, or by 50 if they are a Villain】</strong>. This <strong>soul treasure</strong> will appear inside your <strong>backpack</strong>; a creature can be successfully stolen from with this Skill only once.</p><p>You gain a bonus equal to <strong>【SL】</strong> to your <strong>【DEX + WLP】</strong> Checks for this Skill.</p>",
Sharpshooter,
"<h5><strong>ALSO: Archer, Gunslinger, Sniper</strong></h5><p>A majority of <strong>Sharpshooters </strong>are exceptionally good at dealing with threats from a carefully calculated distance; others are brave, skilled or reckless enough to engage their foes at point-blank. While many of these skilled snipers are battle-hardened soldiers, some have turned to a life of piracy, bounty hunting or banditry. A few have put their abilities at the service of the people, or use them to protect a sacred or forbidden site from intruders.</p><hr /><h5><strong>SHARPSHOOTER FREE BENEFITS</strong></h5><ul><li>Permanently increase your maximum Hit Points by 5.</li><li>Gain the ability to equip martial ranged weapons and martial shields.</li></ul><h2><strong>SHARPSHOOTER SKILLS</strong></h2><p>@UUID[Compendium.projectfu.skills.Item.lCFQMCY4AmDsv6sv]{Barrage}</p><p>When you perform a <strong>ranged </strong>attack, you may spend 10 Mind Points to choose one option: the attack gains <strong>multi </strong>(2); or you increase the attack’s <strong>multi </strong>property by one, up to a maximum of <strong>multi </strong>(3).</p><hr /><p>@UUID[Compendium.projectfu.skills.Item.sIkQa2NzkqsvczBr]{Crossfire}</p><p>After a creature you can see performs a <strong>ranged </strong>attack, you may spend an amount of Mind Points equal to the total Result of their Accuracy Check in order to have the attack fail automatically against all targets. You can only use this Skill if you have a ranged weapon equipped, and it has no effect if the Accuracy Check was a critical success.</p><hr /><p>@UUID[Compendium.projectfu.skills.Item.hmDCgX5OEk5l4uXW]{Hawkeye} <strong>(SL5)</strong></p><p>When you perform the <strong>Guard </strong>action, if you choose <strong>not </strong>to provide cover to another creature, you may choose one option: the next <strong>ranged </strong>attack you perform before the end of the current scene will deal <strong>【SL × 2】 </strong>extra damage; or you may immediately perform a<strong> free attack</strong> with a <strong>bow </strong>or <strong>firearm </strong>you have equipped, treating your <strong>High Roll (HR)</strong> as 0 when calculating damage dealt by this attack.</p><hr /><p>@UUID[Compendium.projectfu.skills.Item.0UxTgrag7cE4M1oc]{Ranged Weapon Mastery} <strong>(SL4)</strong></p><p>You gain a bonus equal to <strong>【SL】 </strong>to all Accuracy Checks with <strong>ranged </strong>weapons.</p><hr /><p>@UUID[Compendium.projectfu.skills.Item.Ovmw7cMrN6qvagG4]{Warning Shot} <strong>(SL4)</strong></p><p>When you hit one or more targets with a <strong>ranged </strong>attack that would deal damage, you may have the attack deal no damage. If you do, choose one option: inflict <strong>shaken </strong>on each target hit by the attack; <strong>or </strong>inflict <strong>slow </strong>on each target hit by the attack; <strong>or </strong>each target hit by the attack loses <strong>【SL × 10】 </strong>Mind Points. Describe your maneuver!</p>",
Spiritist,
"<h5><strong>ALSO: Healer, Priest, Witch</strong></h5><p><strong>Spiritists </strong>have developed a powerful connection with the raw aspects of soul: emotion, energy, life, and death. They wield power both miraculous and frightening, and are quite often affiliated with cults or religions. Several worlds see the powers of Spiritism as gifts from a deity or proof that a person’s heart is pure; however, there is no definite proof of these abilities coming from anything but discipline, empathy, and focus.</p><hr /><h5><strong>SPIRITIST FREE BENEFITS</strong></h5><ul><li>Permanently increase your maximum Mind Points by 5.</li><li>You may perform Rituals whose effects fall within the <strong>Ritualism </strong>discipline.</li></ul><h2><strong>SPIRITIST SKILLS</strong></h2><p>@UUID[Compendium.projectfu.skills.Item.rVM7HhQ5OwdPtFwa]{Healing Power} <strong>(SL2)</strong></p><p>When you cast a spell that targets one or more allies, if you have an <strong>arcane </strong>weapon equipped, you may have each of those allies recover an amount of Hit Points equal to <strong>【SL, multiplied by the number of Bonds you have】</strong>.</p><p>This healing is separate from any healing caused by the effects of the spell.</p><hr /><p>@UUID[Compendium.projectfu.skills.Item.ek0pzfo1bSWGHfzb]{Ritual Spiritism}</p><p>You may perform Rituals whose effects fall within the Spiritism discipline.</p><p>Spiritism Rituals use <strong>【INS + WLP】 </strong>for the Magic Check.</p><hr /><p>@UUID[Compendium.projectfu.skills.Item.dwVQpxDTOZeNbcjy]{Spiritual Magic} <strong>(SL10)</strong></p><p>Each time you acquire this Skill, learn one Spiritist spell (see <strong>Core Rulebook</strong>, page <strong>208</strong>).</p><p>Offensive (@ICON[offensive]) Spiritist spells use <strong>【INS + WLP】 </strong>for the Magic Check.</p><hr /><p>@UUID[Compendium.projectfu.skills.Item.pIkEDFcA5pnIpsu3]{Support Magic}</p><p>When you cast a spell that targets one or more allies, if you have an <strong>arcane </strong>weapon equipped, you may choose one of those allies you have a <strong>Bond </strong>towards. If you do, that ally gains a bonus to the next Check they perform during the current scene; this bonus is equal to the <strong>strength </strong>of your Bond towards them.</p><hr /><p>@UUID[Compendium.projectfu.skills.Item.affUHtuCYoDxmO4h]{Vismagus}</p><p>When you cast a spell, if you don’t have enough Mind Points to pay for its total cost, you may choose to spend <strong>twice as many</strong> Hit Points instead. You cannot use this Skill if doing so would reduce you to 0 Hit Points. If a spell cast this way would cause you to recover Hit Points, you instead recover no Hit Points (the spell functions normally on any other target).</p><h2><strong>SPIRITIST SPELLS</strong></h2><ul><li><p>For <strong>spell</strong> breakdown and a list of Spiritist Spells, refer to: @UUID[Compendium.projectfu.handouts.JournalEntry.L65ajg6cmHEk3zAP]{Spiritist Rules}</p></li></ul>",
Symbolist,
"<h5><strong>ALSO: Calligrapher, Painter, Runemaker</strong></h5><p>There is great power within symbols and images, and no one knows this better than a <strong>Symbolist</strong>. Rather than a magical discipline, symbolism could be described as a study of how to weave supernatural energies into signs and icons: these may be paintings, runes, talismans and more. Most Symbolists develop their skills through intense practice and meticulous study, but there are many who view this magical discipline as a way to freely express their artistic vision.</p><hr /><h5><strong>SYMBOLIST FREE BENEFITS</strong></h5><ul><li>Permanently increase your maximum Inventory Points by 2.</li></ul><h2><strong>SYMBOLIST SKILLS</strong></h2><p>@UUID[Compendium.projectfu.skills.Item.ffgsQbg3SuWBUUS2]{Magic Symbols} <strong>(SL3)</strong></p><p>If an ally bears one of your <strong>symbols</strong>, that ally may perform the <strong>Spell</strong> action and destroy that symbol to cast a single spell among those you know, as long as it has a total Mind Point cost equal to or lower than<strong> 【SL × 10】</strong>(that ally must still pay the MP cost).</p><hr /><p>@UUID[Compendium.projectfu.skills.Item.mqwu1cSVPhWdT2Mt]{Mirage}</p><p>You gain the ability to perform Rituals of the <strong>Ritualism</strong> discipline; additionally, you may use <strong>Ritualism</strong> to create sight-based illusions.</p><hr /><p>@UUID[Compendium.projectfu.skills.Item.nAX4AsRoQhmO6gnf]{Personal Touch} <strong>(SL5)</strong></p><p>When a creature you can see that is bearing one of your <strong>symbols</strong> suffers damage or recovers Hit Points and/or Mind Points, you may have that creature suffer <strong>【SL】 </strong>extra damage or recover <strong>【SL】 </strong>additional Hit Points and/or Mind Points, respectively).</p><hr /><p>@UUID[Compendium.projectfu.skills.Item.h6ynrwX1sUsBQYAE]{Symbolic Connection}</p><p>You always know the exact direction in which to find any creature bearing one of your <strong>symbols</strong>, as long as that creature is within <strong>2 travel days</strong> of your position.</p><hr /><p>@UUID[Compendium.projectfu.skills.Item.Twj3wpoMzSpUE3Go]{Symbolism} <strong>(SL5)</strong></p><p>Each time you acquire this Skill, you learn <strong>two symbols</strong> (<strong>High Fantasy</strong>, page <span class=""fontstyle0""><strong>148</strong></span>). You may have <strong>up to 【SL + 1】 </strong>symbols active at the same time; if you create more while at your limit, you must first choose and destroy some of your previous <strong>symbols</strong>. You may perform the <strong>Inventory</strong> action and spend 2 Inventory Points to create a <strong>symbol </strong>you have learned and choose one option: apply that <strong>symbol</strong> to yourself; or apply that <strong>symbol</strong> to an ally you can see; or perform a <strong>free attack</strong> with a weapon you have equipped. This attack deals no damage, but you apply a copy of the chosen <strong>symbol </strong>to each enemy hit by the attack (each copy counts as a separate <strong>symbol</strong> towards your limit or <strong>【SL + 1】 </strong>active <strong>symbols</strong>).</p><h2><strong>SYMBOLS</strong></h2><ul><li><p>For <strong>symbol</strong> breakdown and a list of Symbols, refer to: @UUID[Compendium.projectfu.handouts.JournalEntry.t38IeNrS9T7NQspT]{Symbol Rules}</p></li></ul>",
Tinkerer,
"<h5><strong>ALSO: Alchemist, Magitech Engineer, Mechanic</strong></h5><p><strong>Tinkerers </strong>possess exceptional ingenuity and are known for their eccentric and marvelous inventions. They travel the world in an endless search for lost theories and ancient machinery, eyes glimmering whenever they witness the wonders of architecture and engineering. In a way, Tinkerers could be seen as the ultimate dreamers and rebels, challenging the very rules of nature and society in their pursuit of a better future.</p><hr /><h5><strong>TINKERER FREE BENEFITS</strong></h5><ul><li>Permanently increase your maximum Inventory Points by 2.</li><li>You may initiate <strong>Projects</strong>.</li></ul><h3><strong>TINKERER SKILLS</strong></h3><p>@UUID[Compendium.projectfu.skills.Item.2MoV74xWJnF5Ru8u]{Emergency Item}</p><p>Once per conflict scene, if you are in <strong>Crisis</strong>, you may perform an additional action on your turn. This action <strong>must </strong>be the <strong>Inventory </strong>action.</p><hr /><p>@UUID[Compendium.projectfu.skills.Item.0ErPA4Q0P97ZPwPE]{Gadgets} <strong>(SL5)</strong></p><p>When you first acquire this Skill, choose a gadget type: <strong>alchemy, infusion</strong>, or <strong>magitech</strong> (see <strong>Core Rulebook</strong>, page <strong>212</strong>). You gain its <strong>basic benefits</strong>.</p><p>Whenever you take this Skill again, choose one option: you gain the <strong>basic benefits</strong> of a new gadget type; <strong>or</strong> you gain the <strong>advanced benefits</strong> of a gadget type whose <strong>basic benefits</strong> you already obtained; <strong>or</strong> you gain the <strong>superior benefits</strong> of a gadget type whose <strong>advanced benefits</strong> you already obtained.</p><hr /><p>@UUID[Compendium.projectfu.skills.Item.xzyAHegWwSaysYqV]{Potion Rain} <strong>(SL2)</strong></p><p>When you create a <strong>potion </strong>that restores a <strong>single </strong>creature's HP and/or MP, you may have it affect up to <strong>【SL】 </strong>additional creatures. If you do, the potion only restores half the normal amount of HP and MP to each creature.</p><hr /><p>@UUID[Compendium.projectfu.skills.Item.S64zqBVdaYA3I5LW]{Secret Formula} <strong>(SL5)</strong></p><p>When you create a <strong>potion </strong>or <strong>magisphere </strong>whose effects restore HP and/or MP, each restored amount is increased by <strong>【SL × 5】</strong>.</p><p>When you create an <strong>elemental shard</strong>, <strong>potion </strong>or <strong>magisphere </strong>that deals damage, that item deals <strong>【SL】 </strong>extra damage.</p><hr /><p>@UUID[Compendium.projectfu.skills.Item.6pJAB6E29I15q1gU]{Visionary} <strong>(SL5)</strong></p><p>When you work on a <strong>Project</strong>, up to <strong>【SL × 100】 </strong>zenit of material costs are automatically paid; additionally, you generate an additional <strong>【SL】 progress</strong> every day. If multiple characters with this Skill work on the same Project, the effects will be cumulative.</p><h2><strong>INVENTION TYPES</strong></h2><ul><li><p><span style=""font-family:'PT Sans Narrow', sans-serif"">For </span><strong>gadget</strong> breakdown and a list of <strong>Gadgets</strong>, refer to<strong>:</strong> @UUID[Compendium.projectfu.handouts.JournalEntry.TV4Cj3UI0LWNZaOk]{Gadget Rules}</p></li><li><p>To <strong>automate</strong>, VTT Instructions can be found here: @UUID[Compendium.projectfu.handouts.JournalEntry.TV4Cj3UI0LWNZaOk.JournalEntryPage.7D5mpbaYddiztH1W]{Gadget VTT Instructions}</p></li></ul>",
Wayfarer,
"<h5><strong>ALSO: Adventurer, Explorer, Treasure Hunter</strong></h5><p>Nomads searching for a fabled continent, explorers braving the wilds, grizzled hunters and travelers have one thing in common: they are Wayfarers. While a majority of heroes travel the world during their adventures, <strong>Wayfarers </strong>live for the journey. They are always eager to visit new places and learn from others. In the eyes of a Wayfarer, the wilderness is neither foe nor an ally, but rather a stern teacher who can reveal many forgotten truths.</p><hr /><h5><strong>WAYFARER FREE BENEFITS</strong></h5><ul><li>Permanently increase your maximum Inventory Points by 2.</li></ul><h2><strong>WAYFARER SKILLS</strong></h2><p>@UUID[Compendium.projectfu.skills.Item.L34pOGhdH0ZwV4Bt]{Faithful Companion} <strong>(SL5)</strong></p><p>Together with your group, create a <strong>level 5 beast, construct, elemental </strong>or<strong> plant</strong> NPC (see <strong>Core Rulebook</strong>, page <strong>302</strong>), that becomes your <strong>companion</strong>: this creature has <strong>no initiative score</strong> and <strong>does not level up</strong>, can have a <strong>maximum of two basic attacks</strong>, gains a bonus equal to <strong>【SL】</strong> to Accuracy Checks and Magic Checks, and their maximum Hit Points are equal to <strong>【(SL, multiplied by the companion's base Might size) + half your level】</strong>.</p><p>Your companion doesn't get an independent turn during conflicts, but you can use an action to have them perform an action (once per turn). If your companion is affected by any <strong>turn-related effects</strong> (see <strong>Core Rulebook</strong>, page <strong>77</strong>), these are based on <strong>your</strong> turn.</p><p>Your companion joins and leaves scenes when you do, and gains your same benefits for <strong>rests</strong>. If reduced to 0 HP, your companion flees the scene and rejoins you at the start of the next scene in which you are present, with current HP equal to their <strong>Crisis</strong> score.</p><hr /><p>@UUID[Compendium.projectfu.skills.Item.0n8T7U81oNP7yU5X]{Resourceful} <strong>(SL4)</strong></p><p>You recover <strong>【SL】 </strong>Inventory Points after each <strong>travel roll</strong> (see <strong>Core Rulebook</strong>, <span class=""fontstyle0"">page <strong>106</strong></span>).</p><hr /><p>@UUID[Compendium.projectfu.skills.Item.CHMsojkTh3fU8HXg]{Tavern Talk} <strong>(SL3)</strong></p><p>When you <strong>rest </strong>inside an inn or tavern, you may ask the Game Master up to <strong>【SL】 </strong>questions about your surroundings and the people who live here; the Game Master will answer truthfully and you describe how you gathered the information.</p><hr /><p>@UUID[Compendium.projectfu.skills.Item.rsGhkElIiEBgN5zA]{Treasure Hunter} <strong>(SL2)</strong></p><p>When your group journeys on the world map, you will make a <strong>discovery </strong>on a roll of <strong>【SL + 1】 or lower</strong> on the <strong>travel roll</strong> (instead of only on a 1).</p><hr /><p>@UUID[Compendium.projectfu.skills.Item.fuPzuDHzaKUgbvL2]{Well-Traveled}</p><p>You reduce the die rolled for your travel rolls by one size (to a minimum of d6).</p><p>If multiple characters have this Skill, the effects are <strong>not </strong>cumulative.</p>",
Weaponmaster,
"<h5><strong>ALSO: Fighter, Rōnin, Warrior</strong></h5><p>Weaponmasters spend years upon years honing their close combat arts. Most of them display remarkable skill with a variety of weapons; others have trained to become one with a specific armament. Many <strong>Weaponmasters </strong>follow and protect someone out of love or loyalty, but there are also those who tirelessly wander the world seeking worthy opponents, legendary magical weapons, or capable teachers.</p><hr /><h5><strong>WEAPONMASTER FREE BENEFITS</strong></h5><ul><li>Permanently increase your maximum Hit Points by 5.</li><li>Gain the ability to equip <strong>martial melee weapons</strong> and <strong>martial shields</strong>.</li></ul><h2><strong>WEAPONMASTER SKILLS</strong></h2><p>@UUID[Compendium.projectfu.skills.Item.IhBCZsilt0bj5RJK]{Bladestorm}</p><p>When you perform a <strong>melee </strong>attack, you may spend 10 Mind Points to choose one option: the attack gains <strong>multi (2)</strong>; or you increase the attack’s multi property by one, up to a maximum of <strong>multi (3)</strong>.</p><hr /><p>@UUID[Compendium.projectfu.skills.Item.7jWycVYFgZ1BMxch]{Bone Crusher} <strong>(SL4)</strong></p><p>When you hit one or more targets with a <strong>melee </strong>attack that would deal damage, you may have the attack deal no damage. If you do, choose one option: inflict <strong>dazed </strong>on each target hit by the attack; <strong>or </strong>inflict <strong>weak </strong>on each target hit by the attack; <strong>or </strong>each target hit by the attack loses <strong>【SL × 10】 </strong>Mind Points. Describe your maneuver!</p><hr /><p>@UUID[Compendium.projectfu.skills.Item.WZDdQfw9VF64La2P]{Breach} <strong>(SL3)</strong></p><p>You may use an action and spend 5 Mind Points to perform a<strong> free attack</strong> with a <strong>melee</strong> weapon you have equipped. This attack must target a <strong>single creature</strong>. If the attack is successful, it deals no damage and you choose one option: you destroy one shield equipped by the target; <strong>or </strong>you destroy the target’s equipped armor; or whenever the target suffers damage from a source before the start of your next turn, that source deals <strong>【SL × 2】 </strong>extra damage to them.</p><hr /><p>@UUID[Compendium.projectfu.skills.Item.XhcTVGtGEk7L2Ddq]{Counterattack}</p><p>After an enemy <strong>hits or misses you with a melee attack</strong>, if the Result of their Accuracy Check was an <strong>even number</strong>, you may perform a<strong> free attack </strong>against that enemy (after their attack has been fully resolved). This attack must be a <strong>melee </strong>attack and must have that enemy as its <strong>only </strong>target; treat your<strong> High Roll (HR)</strong> as 0 when calculating damage dealt by this attack.</p><hr /><p>@UUID[Compendium.projectfu.skills.Item.ztxLYzo1ADCaRupR]{Melee Weapon Mastery} <strong>(SL4)</strong></p><p>You gain a bonus equal to <strong>【SL】 </strong>to all Accuracy Checks with <strong>melee </strong>weapons.</p>",
Dazed,
<p>Reduce Insight die size by 1.</p>,
Enraged,
<p>Reduce Dexterity and Insight die size by 1.</p>,
Poisoned,
<p>Reduce Might and Willpower die size by 1.</p>,
Shaken,
<p>Reduce Willpower die size by 1.</p>,
Slow,
<p>Reduce Dexterity die size by 1.</p>,
Weak,
<p>Reduce Might die size by 1.</p>,
Advanced Alchemy,
"<h5>Required: Advanced Benefits in @UUID[Compendium.projectfu.skills.Item.SsR6UJXT65Q1qNO2]{Gadget - Alchemy}</h5><p>For 4 Inventory Points, roll <strong>three d20s</strong> and assign one to <strong>target </strong>and one to <strong>effect</strong>.</p>",
Basic Alchemy,
"<h5>Required: Basic Benefits in @UUID[Compendium.projectfu.skills.Item.SsR6UJXT65Q1qNO2]{Gadget - Alchemy}</h5><p>For 3 Inventory Points, roll <strong>two d20s</strong> and assign one to <strong>target </strong>and one to <strong>effect</strong>.</p>",
Elemental Shard,
"<p>For 2 Inventory Points, one creature suffers 10 damage of a type of your choice (<strong>air</strong>, <strong>bolt</strong>, <strong>earth</strong>, <strong>fire</strong>, or <strong>ice</strong>).</p><hr /><ul><li><p><strong>Target Suffers:</strong> @DMG[10 air], @DMG[10 bolt], @DMG[10 earth], @DMG[10 fire], or @DMG[10 ice]</p></li></ul>",
Elixir,
"<p>For 3 Inventory Points, one creature recovers @HEAL[50 mp].</p>",
Infusion: Advanced,
"<h5>Required: Advanced Benefits in @UUID[Compendium.projectfu.skills.Item.1tfYFkiXLuTOUmre]{Gadget - Infusion}</h5><p>For 2 Inventory Points, the attack deals 5 extra damage, and its damage becomes: <strong>air</strong>, <strong>light</strong>, <strong>earth</strong>, or <strong>dark</strong>.</p>",
Infusion: Basic,
"<h5>Required: Basic Benefits in @UUID[Compendium.projectfu.skills.Item.1tfYFkiXLuTOUmre]{Gadget - Infusion}</h5><p>For 2 Inventory Points, the attack deals 5 extra damage, and its damage becomes: <strong>ice</strong>, <strong>fire</strong>, or <strong>bolt</strong>.</p>",
Infusion: Vampire (Superior),
"<h5>Required: Superior Benefits in @UUID[Compendium.projectfu.skills.Item.1tfYFkiXLuTOUmre]{Gadget - Infusion}</h5><p>For 2 Inventory Points, choose one option: you recover an amount of HP equal to half the HP loss suffered by the target of the attack; <strong>or</strong> you recover an amount of MP equal to half the HP loss suffered by the target of the attack.</p><p>This infusion can only be used if the attack targeted a single creature.</p>",
Infusion: Venom (Superior),
"<h5>Required: Superior Benefits in @UUID[Compendium.projectfu.skills.Item.1tfYFkiXLuTOUmre]{Gadget - Infusion}</h5><p>For 2 Inventory Points, the attack deals 5 extra damage, its damage becomes <strong>poison</strong>, and each creature hit by the attack suffers <strong>poisoned</strong>.</p>",
Magic Tent,
"<p>For 4 Inventory Points, this allows the entire group to <strong>rest</strong> in the wilderness and at sea.</p>",
Magicannon (Item),
"<h5>Required: Advanced Benefits in @UUID[Compendium.projectfu.skills.Item.EmwWSYlFjlUSGPLL]{Gadget- Magitech}</h5><p>For <strong>@LOSS[3 ip]</strong> creates a firearm that deals <strong>air</strong>, <strong>bolt</strong>, <strong>earth</strong>, <strong>fire</strong>, <strong>ice</strong>, OR <strong>physical </strong>damage. Drag and drop the one you create onto your character sheet.</p><p><strong>@UUID[Compendium.projectfu.consumables.Item.EGvZsEWEhaTqoCgG]{Magicannon (Air)}</strong></p><p><strong>@UUID[Compendium.projectfu.consumables.Item.uuKKqm81klCOiDjO]{Magicannon (Bolt)}</strong></p><p><strong>@UUID[Compendium.projectfu.consumables.Item.sREYRTy6TfK8fe53]{Magicannon (Earth)}</strong></p><p><strong>@UUID[Compendium.projectfu.consumables.Item.jHbcjw8RW9Ywesyu]{Magicannon (Fire)}</strong></p><p><strong>@UUID[Compendium.projectfu.consumables.Item.eVOnHgRLTnL695cP]{Magicannon (Ice)}</strong></p><p><strong>@UUID[Compendium.projectfu.consumables.Item.MJoIwfTvo0FHcDqL]{Magicannon (Physical)}</strong></p>",
Magisphere (Superior),
"<h5>Required: Superior Benefits in @UUID[Compendium.projectfu.skills.Item.EmwWSYlFjlUSGPLL]{Gadget- Magitech}</h5><p>For 2 Inventory Points, create and use one of your magisphere prototypes, replicating the effects of a spell.</p>",
Remedy,
"<p>For 3 Inventory Points, one creature recovers @HEAL[50 hp].</p>",
Superior Alchemy,
"<h5>Required: Superior Benefits in @UUID[Compendium.projectfu.skills.Item.SsR6UJXT65Q1qNO2]{Gadget - Alchemy}</h5><p>For 5 Inventory Points, roll <strong>four d20s</strong> and assign one to <strong>target</strong> and one to <strong>effect</strong>.</p>",
Tonic,
"<p>For 2 Inventory Points, one creature recovers from a single status effect.</p>",
Alchemy,
Infusion,
Items,
Magicannon,
Magisphere,
Tinkerer Only,
Magicannon (Air),
<p>A magitech firearm that deals <strong>air </strong>@ICON[air] damage.</p>,
Magicannon (Bolt),
<p>A magitech firearm that deals <strong>bolt</strong> @ICON[bolt] damage.</p>,
Magicannon (Earth),
<p>A magitech firearm that deals <strong>earth </strong>@ICON[earth] damage.</p>,
Magicannon (Fire),
<p>A magitech firearm that deals <strong>fire</strong> @ICON[fire] damage.</p>,
Magicannon (Ice),
<p>A magitech firearm that deals <strong>ice</strong> @ICON[ice] damage.</p>,
Magicannon (Physical),
<p>A magitech firearm that deals <strong>physical</strong> @ICON[physical] damage.</p>,
Alter Damage Type (Air),
"<p>All damage dealt by your weapons, spells, and Skills becomes of a specific type.</p>",
Alter Damage Type (Bolt),
Alter Damage Type (Dark),
Alter Damage Type (Earth),
Alter Damage Type (Fire),
Alter Damage Type (Ice),
Alter Damage Type (Light),
Alter Damage Type (Physical),
Alter Damage Type (Poison),
Alter Damage Type (Untyped),
Alter Target Defense (DEF),
Alter Target Defense (MDEF),
Weapon Damage Up,
Weapoon Damage Up,
Alter Damage Type,
Alter Target Defense,
Item Damage Bonuses,
NPC Spells,
[All NPC Spells],
"<p>Spells marked with ( @ICON[offensive] ) are offensive spells and require Magic Checks!</p><table style=""height:51px;width:100%;border-width:1px;margin-left:auto;margin-right:auto"" border=""1""><colgroup><col style=""width:49.6504%""></col><col style=""width:16.7832%""></col><col style=""width:16.7832%""></col><col style=""width:16.7832%""></col></colgroup><tbody><tr style=""height:17px""><td style=""height:17px;border-width:1px""><strong>Spell</strong></td><td style=""height:17px;border-width:1px""><strong>MP</strong></td><td style=""height:17px;border-width:1px""><strong>Target</strong></td><td style=""height:17px;border-width:1px""><strong>Duration</strong></td></tr><tr style=""height:34px""><td style=""height:34px;border-width:1px""><span class=""fontstyle0"">@UUID[Compendium.projectfu.game-master.Item.1JaRWZz48d1dtVN0]{Area Status}</span></td><td style=""height:34px;border-width:1px"">20</td><td style=""height:34px;border-width:1px"">Special</td><td style=""height:34px;border-width:1px"">Instantaneous</td></tr></tbody></table><p><span class=""fontstyle0"">Choose any number of creatures you can see: each of them suffers </span><span class=""fontstyle2"">(<strong>choose one: dazed, shaken, slow, weak</strong>)</span><span class=""fontstyle0"">.</span></p><table style=""height:34px;width:100%;border-width:1px;margin-left:auto;margin-right:auto"" border=""1""><colgroup><col style=""width:49.6504%""></col><col style=""width:16.7832%""></col><col style=""width:16.7832%""></col><col style=""width:16.7832%""></col></colgroup><tbody><tr style=""height:17px""><td style=""height:17px;border-width:1px""><strong>Spell</strong></td><td style=""height:17px;border-width:1px""><strong>MP</strong></td><td style=""height:17px;border-width:1px""><strong>Target</strong></td><td style=""height:17px;border-width:1px""><strong>Duration</strong></td></tr><tr style=""height:17px""><td style=""height:17px;border-width:1px""><span class=""fontstyle0"">@UUID[Compendium.projectfu.game-master.Item.SSfB2SP3DVfwslhv]{Breath} </span>@ICON[offensive]</td><td style=""height:17px;border-width:1px"">5</td><td style=""height:17px;border-width:1px"">One One creature</td><td style=""height:17px;border-width:1px"">Instantaneous</td></tr></tbody></table><p><span class=""fontstyle0"">The target suffers </span><span class=""fontstyle2""><strong>【</strong></span><span class=""fontstyle3""><strong>HR + 10</strong></span><span class=""fontstyle2""><strong>】 </strong></span><span class=""fontstyle3"">(<strong>choose type</strong>) </span><span class=""fontstyle0"">damage.</span></p><table style=""height:34px;width:100%;border-width:1px;margin-left:auto;margin-right:auto"" border=""1""><colgroup><col style=""width:49.6168%""></col><col style=""width:16.8213%""></col><col style=""width:16.8213%""></col><col style=""width:16.8213%""></col></colgroup><tbody><tr style=""height:17px""><td style=""height:17px;border-width:1px""><strong>Spell</strong></td><td style=""height:17px;border-width:1px""><strong>MP</strong></td><td style=""height:17px;border-width:1px""><strong>Target</strong></td><td style=""height:17px;border-width:1px""><strong>Duration</strong></td></tr><tr style=""height:17px""><td style=""height:17px;border-width:1px""><span class=""fontstyle0"">@UUID[Compendium.projectfu.game-master.Item.rEWv1yWQHse3soqn]{Curse}</span> @ICON[offensive]</td><td style=""height:17px;border-width:1px"">5</td><td style=""height:17px;border-width:1px"">One creature</td><td style=""height:17px;border-width:1px"">Instantaneous</td></tr></tbody></table><p><span class=""fontstyle0"">The target suffers </span><span class=""fontstyle2"">(<strong>choose one: dazed, shaken, slow, weak</strong>)</span><span class=""fontstyle0"">.</span></p><table style=""height:34px;width:100%;border-width:1px;margin-left:auto;margin-right:auto"" border=""1""><colgroup><col style=""width:49.6504%""></col><col style=""width:16.7832%""></col><col style=""width:16.7832%""></col><col style=""width:16.7832%""></col></colgroup><tbody><tr style=""height:17px""><td style=""height:17px;border-width:1px""><strong>Spell</strong></td><td style=""height:17px;border-width:1px""><strong>MP</strong></td><td style=""height:17px;border-width:1px""><strong>Target</strong></td><td style=""height:17px;border-width:1px""><strong>Duration</strong></td></tr><tr style=""height:17px""><td style=""height:17px;border-width:1px""><span class=""fontstyle0"">@UUID[Compendium.projectfu.game-master.Item.S291phTQNL0qbGYa]{Curse XL}</span> @ICON[offensive]</td><td style=""height:17px;border-width:1px"">10</td><td style=""height:17px;border-width:1px"">One creature</td><td style=""height:17px;border-width:1px"">Instantaneous</td></tr></tbody></table><p><span class=""fontstyle0"">The target suffers </span><span class=""fontstyle2"">(<strong>choose two: dazed, shaken, slow, weak</strong>)</span><span class=""fontstyle0"">.</span></p><table style=""height:34px;width:100%;border-width:1px;margin-left:auto;margin-right:auto"" border=""1""><colgroup><col style=""width:49.6504%""></col><col style=""width:16.7832%""></col><col style=""width:16.7832%""></col><col style=""width:16.7832%""></col></colgroup><tbody><tr style=""height:17px""><td style=""height:17px;border-width:1px""><strong>Spell</strong></td><td style=""height:17px;border-width:1px""><strong>MP</strong></td><td style=""height:17px;border-width:1px""><strong>Target</strong></td><td style=""height:17px;border-width:1px""><strong>Duration</strong></td></tr><tr style=""height:17px""><td style=""height:17px;border-width:1px""><span class=""fontstyle0"">@UUID[Compendium.projectfu.game-master.Item.e5IBMtSXDyfWo0kb]{Cursed Breath} </span>@ICON[offensive]</td><td style=""height:17px;border-width:1px"">10</td><td style=""height:17px;border-width:1px"">One creature</td><td style=""height:17px;border-width:1px"">Instantaneous</td></tr></tbody></table><p><span class=""fontstyle0"">The target suffers </span><span class=""fontstyle2""><strong>【</strong></span><span class=""fontstyle3""><strong>HR + 15</strong></span><span class=""fontstyle2""><strong>】 </strong></span><span class=""fontstyle3"">(<strong>choose type</strong>) </span><span class=""fontstyle0"">damage and suffers </span><span class=""fontstyle3"">(<strong>choose one: dazed, shaken, slow, weak</strong>)</span><span class=""fontstyle0"">.</span></p><table style=""height:34px;width:100%;border-width:1px;margin-left:auto;margin-right:auto"" border=""1""><colgroup><col style=""width:49.6504%""></col><col style=""width:16.7832%""></col><col style=""width:16.7832%""></col><col style=""width:16.7832%""></col></colgroup><tbody><tr style=""height:17px""><td style=""height:17px;border-width:1px""><strong>Spell</strong></td><td style=""height:17px;border-width:1px""><strong>MP</strong></td><td style=""height:17px;border-width:1px""><strong>Target</strong></td><td style=""height:17px;border-width:1px""><strong>Duration</strong></td></tr><tr style=""height:17px""><td style=""height:17px;border-width:1px""><span class=""fontstyle0"">@UUID[Compendium.projectfu.game-master.Item.32sA6nb1MVPzP8lc]{Devastation}</span> @ICON[offensive]</td><td style=""height:17px;border-width:1px"">30</td><td style=""height:17px;border-width:1px""><span class=""fontstyle0"">Special</span></td><td style=""height:17px;border-width:1px"">Instantaneous</td></tr></tbody></table><p><span class=""fontstyle0"">Choose any number of creatures you can see: each of them suffers 30 </span><span class=""fontstyle2""><strong>(choose type) </strong></span><span class=""fontstyle0"">damage. You may only cast this spell </span><span class=""fontstyle2""><strong>once per turn</strong></span><span class=""fontstyle0"">. This spell should only be given to </span><span class=""fontstyle2""><strong>champion </strong></span><span class=""fontstyle0"">and </span><span class=""fontstyle2""><strong>elite </strong></span><span class=""fontstyle0"">creatures </span><span class=""fontstyle2""><strong>level 30 or higher</strong></span><span class=""fontstyle0"">, and said creatures can only cast this spell during their<strong> </strong></span><span class=""fontstyle2""><strong>last turn in the round</strong></span><span class=""fontstyle0"">.</span></p><table style=""height:34px;width:100%;border-width:1px;margin-left:auto;margin-right:auto"" border=""1""><colgroup><col style=""width:49.6504%""></col><col style=""width:16.7832%""></col><col style=""width:16.7832%""></col><col style=""width:16.7832%""></col></colgroup><tbody><tr style=""height:17px""><td style=""height:17px;border-width:1px""><strong>Spell</strong></td><td style=""height:17px;border-width:1px""><strong>MP</strong></td><td style=""height:17px;border-width:1px""><strong>Target</strong></td><td style=""height:17px;border-width:1px""><strong>Duration</strong></td></tr><tr style=""height:17px""><td style=""height:17px;border-width:1px""><span class=""fontstyle0"">@UUID[Compendium.projectfu.game-master.Item.Up14pnEa8pWzGkDD]{Lick Wounds}</span></td><td style=""height:17px;border-width:1px"">5</td><td style=""height:17px;border-width:1px"">Self</td><td style=""height:17px;border-width:1px""><span class=""fontstyle0"">Instantaneous</span></td></tr></tbody></table><p><span class=""fontstyle0"">You recover 20 Hit Points. This amount increases to 30 Hit Points if you are </span><span class=""fontstyle2""><strong>level 20 or higher</strong></span><span class=""fontstyle0"">, to 40 Hit Points if you are<strong> </strong></span><span class=""fontstyle2""><strong>level 40</strong> or higher</span><span class=""fontstyle0"">, or to 50 Hit Points if you are </span><span class=""fontstyle2""><strong>level 60</strong> </span><span class=""fontstyle0"">or higher.</span></p><table style=""height:34px;width:100%;border-width:1px;margin-left:auto;margin-right:auto"" border=""1""><tbody><tr style=""height:17px""><td style=""height:17px;border-width:1px;width:49.8588%"" data-colwidth=""280""><p><strong>Spell</strong></p></td><td style=""height:17px;border-width:1px;width:17.3054%""><p><strong>MP</strong></p></td><td style=""height:17px;border-width:1px;width:16.2162%""><p><strong>Target</strong></p></td><td style=""height:17px;border-width:1px;width:16.5793%""><p><strong>Duration</strong></p></td></tr><tr style=""height:17px""><td style=""height:17px;border-width:1px;width:49.8588%"" data-colwidth=""280""><p><span class=""fontstyle0"">@UUID[Compendium.projectfu.game-master.Item.MEp2lJPOwnmHvDwk]{Life Theft}</span> @ICON[offensive]</p></td><td style=""height:17px;border-width:1px;width:17.3054%""><p>10</p></td><td style=""height:17px;border-width:1px;width:16.2162%""><p><span class=""fontstyle0"">One creature</span></p></td><td style=""height:17px;border-width:1px;width:16.5793%""><p>Instantaneous</p></td></tr></tbody></table><p><span class=""fontstyle0"">The target suffers </span><span class=""fontstyle2""><strong>【</strong></span><span class=""fontstyle3""><strong>HR + 15</strong></span><span class=""fontstyle2""><strong>】</strong> </span><span class=""fontstyle3"">(<strong>choose type</strong>) </span><span class=""fontstyle0"">damage. Then, you recover an amount of Hit Points equal to half the Hit Point loss they suffered.</span></p><table style=""height:34px;width:100%;border-width:1px;margin-left:auto;margin-right:auto"" border=""1""><colgroup><col style=""width:49.6504%""></col><col style=""width:16.7832%""></col><col style=""width:16.7832%""></col><col style=""width:16.7832%""></col></colgroup><tbody><tr style=""height:17px""><td style=""height:17px;border-width:1px""><strong>Spell</strong></td><td style=""height:17px;border-width:1px""><strong>MP</strong></td><td style=""height:17px;border-width:1px""><strong>Target</strong></td><td style=""height:17px;border-width:1px""><strong>Duration</strong></td></tr><tr style=""height:17px""><td style=""height:17px;border-width:1px""><span class=""fontstyle0"">@UUID[Compendium.projectfu.game-master.Item.Jr3T9bVRZdWMmAIw]{Mind Theft} </span>@ICON[offensive]</td><td style=""height:17px;border-width:1px"">10</td><td style=""height:17px;border-width:1px""><span class=""fontstyle0"">One creature</span></td><td style=""height:17px;border-width:1px"">Instantaneous</td></tr></tbody></table><p><span class=""fontstyle0"">The target suffers </span><span class=""fontstyle2""><strong>【</strong></span><span class=""fontstyle3""><strong>HR + 15</strong></span><span class=""fontstyle2""><strong>】</strong> </span><span class=""fontstyle3"">(<strong>choose type</strong>) </span><span class=""fontstyle0"">damage. Then, you recover an amount of Mind Points equal to half the Hit Point loss they suffered.</span></p><table style=""height:34px;width:100%;border-width:1px;margin-left:auto;margin-right:auto"" border=""1""><colgroup><col style=""width:49.6504%""></col><col style=""width:16.7832%""></col><col style=""width:16.7832%""></col><col style=""width:16.7832%""></col></colgroup><tbody><tr style=""height:17px""><td style=""height:17px;border-width:1px""><strong>Spell</strong></td><td style=""height:17px;border-width:1px""><strong>MP</strong></td><td style=""height:17px;border-width:1px""><strong>Target</strong></td><td style=""height:17px;border-width:1px""><strong>Duration</strong></td></tr><tr style=""height:17px""><td style=""height:17px;border-width:1px""><span class=""fontstyle0"">@UUID[Compendium.projectfu.game-master.Item.PYXh4QmqJDiA2tqy]{Poison}</span> @ICON[offensive]</td><td style=""height:17px;border-width:1px""><span class=""fontstyle0"">10 × T</span></td><td style=""height:17px;border-width:1px""><span class=""fontstyle0"">Up to three creatures</span></td><td style=""height:17px;border-width:1px"">Instantaneous</td></tr></tbody></table><p><span class=""fontstyle0"">Each target hit by this spell suffers </span><span class=""fontstyle2""><strong>poisoned.</strong></span></p><table style=""height:34px;width:100%;border-width:1px;margin-left:auto;margin-right:auto"" border=""1""><tbody><tr style=""height:17px""><td style=""height:17px;border-width:1px;width:49.8404%""><p><strong>Spell</strong></p></td><td style=""height:17px;border-width:1px;width:16.5417%""><p><strong>MP</strong></p></td><td style=""height:17px;border-width:1px;width:16.9691%""><p><strong>Target</strong></p></td><td style=""height:17px;border-width:1px;width:16.6489%""><p><strong>Duration</strong></p></td></tr><tr style=""height:17px""><td style=""height:17px;border-width:1px;width:49.8404%""><p>@UUID[Compendium.projectfu.game-master.Item.w93PJbDwQ2WvkXvK]{Quicken}</p></td><td style=""height:17px;border-width:1px;width:16.5417%""><p>20</p></td><td style=""height:17px;border-width:1px;width:16.9691%""><p><span class=""fontstyle0"">One creature</span></p></td><td style=""height:17px;border-width:1px;width:16.6489%""><p>Instantaneous</p></td></tr></tbody></table><p><span class=""fontstyle0"">The target may immediately perform a </span><span class=""fontstyle2""><strong>free attack </strong></span><span class=""fontstyle0"">with a weapon they have equipped (or with a </span><span class=""fontstyle2""><strong>basic attack</strong></span><span class=""fontstyle0"">, if the target is an NPC).</span></p><table style=""height:34px;width:100%;border-width:1px;margin-left:auto;margin-right:auto"" border=""1""><tbody><tr style=""height:17px""><td style=""height:17px;border-width:1px;width:49.8404%""><p><strong>Spell</strong></p></td><td style=""height:17px;border-width:1px;width:16.5417%""><p><strong>MP</strong></p></td><td style=""height:17px;border-width:1px;width:16.9691%""><p><strong>Target</strong></p></td><td style=""height:17px;border-width:1px;width:16.6489%""><p><strong>Duration</strong></p></td></tr><tr style=""height:17px""><td style=""height:17px;border-width:1px;width:49.8404%""><p><span class=""fontstyle0"">@UUID[Compendium.projectfu.game-master.Item.dSlyecqTxIXXSa1l]{Rage}</span> @ICON[offensive]</p></td><td style=""height:17px;border-width:1px;width:16.5417%""><p><span class=""fontstyle0"">10 × T</span></p></td><td style=""height:17px;border-width:1px;width:16.9691%""><p><span class=""fontstyle0"">Up to three creatures</span></p></td><td style=""height:17px;border-width:1px;width:16.6489%""><p><span class=""fontstyle0"">Instantaneous</span></p></td></tr></tbody></table><p><span class=""fontstyle0"">Each target hit by this spell suffers </span><span class=""fontstyle2""><strong>enraged</strong></span><span class=""fontstyle0"">.</span></p><table style=""height:34px;width:100%;border-width:1px;margin-left:auto;margin-right:auto"" border=""1""><tbody><tr style=""height:17px""><td style=""height:17px;border-width:1px;width:49.8404%""><p><strong>Spell</strong></p></td><td style=""height:17px;border-width:1px;width:16.5417%""><p><strong>MP</strong></p></td><td style=""height:17px;border-width:1px;width:16.9691%""><p><strong>Target</strong></p></td><td style=""height:17px;border-width:1px;width:16.6489%""><p><strong>Duration</strong></p></td></tr><tr style=""height:17px""><td style=""height:17px;border-width:1px;width:49.8404%""><p>@UUID[Compendium.projectfu.game-master.Item.zf8HeDLrqXVMhGt4]{Shell}</p></td><td style=""height:17px;border-width:1px;width:16.5417%""><p>10</p></td><td style=""height:17px;border-width:1px;width:16.9691%""><p>Self</p></td><td style=""height:17px;border-width:1px;width:16.6489%""><p>Scene</p></td></tr></tbody></table><p><span class=""fontstyle0"">Until this spell ends, you gain Resistance to </span><span class=""fontstyle2""><strong>physical </strong></span><span class=""fontstyle0"">damage.</span></p><table style=""height:34px;width:100%;border-width:1px;margin-left:auto;margin-right:auto"" border=""1""><tbody><tr style=""height:17px""><td style=""height:17px;border-width:1px;width:49.8404%""><p><strong>Spell</strong></p></td><td style=""height:17px;border-width:1px;width:16.5417%""><p><strong>MP</strong></p></td><td style=""height:17px;border-width:1px;width:16.9691%""><p><strong>Target</strong></p></td><td style=""height:17px;border-width:1px;width:16.6489%""><p><strong>Duration</strong></p></td></tr><tr style=""height:17px""><td style=""height:17px;border-width:1px;width:49.8404%""><p>@UUID[Compendium.projectfu.game-master.Item.sJc4OnOFGBTiQEzs]{War Cry}</p></td><td style=""height:17px;border-width:1px;width:16.5417%""><p><span class=""fontstyle0"">10 × T</span></p></td><td style=""height:17px;border-width:1px;width:16.9691%""><p><span class=""fontstyle0"">Up to three creatures</span></p></td><td style=""height:17px;border-width:1px;width:16.6489%""><p>Scene</p></td></tr></tbody></table><p><span class=""fontstyle0"">Until this spell ends, each target gains a +1 bonus to Accuracy Checks.</span></p><table style=""height:34px;width:100%;border-width:1px;margin-left:auto;margin-right:auto"" border=""1""><tbody><tr style=""height:17px""><td style=""height:17px;border-width:1px;width:49.8404%""><p><strong>Spell</strong></p></td><td style=""height:17px;border-width:1px;width:16.5417%""><p><strong>MP</strong></p></td><td style=""height:17px;border-width:1px;width:16.9691%""><p><strong>Target</strong></p></td><td style=""height:17px;border-width:1px;width:16.6489%""><p><strong>Duration</strong></p></td></tr><tr style=""height:17px""><td style=""height:17px;border-width:1px;width:49.8404%""><p><span class=""fontstyle0"">@UUID[Compendium.projectfu.game-master.Item.AUIhgG59yCsNnaT4]{Weaken}</span> @ICON[offensive]</p></td><td style=""height:17px;border-width:1px;width:16.5417%""><p>10</p></td><td style=""height:17px;border-width:1px;width:16.9691%""><p><span class=""fontstyle0"">One creature</span></p></td><td style=""height:17px;border-width:1px;width:16.6489%""><p>Scene</p></td></tr></tbody></table><p><span class=""fontstyle0"">Until this spell ends, the target suffers 5 extra damage from all sources that deal </span><span class=""fontstyle2""><strong>(choose type) </strong></span><span class=""fontstyle0"">damage.</span></p>",
Name,
Area Status,
"<p>Choose any number of creatures you can see: each of them suffers <strong>(choose one: dazed, shaken, slow, weak)</strong>.</p><hr /><ul><li><p><strong>Targets Suffers:</strong> @EFFECT[dazed], @EFFECT[shaken], @EFFECT[slow], or @EFFECT[weak]</p></li></ul>",
Breath,
<p>The target suffers <strong>【HR + 10】</strong> (<strong>choose type</strong>) damage.</p>,
Curse,
"<p>The target suffers (<strong>choose one: dazed, shaken, slow, weak</strong>).</p><hr /><ul><li><p><strong>Target Suffers:</strong> @EFFECT[dazed], @EFFECT[shaken], @EFFECT[slow], or @EFFECT[weak]</p></li></ul>",
Curse XL,
"<p>The target suffers (<strong>choose two: dazed, shaken, slow, weak</strong>).</p><hr /><ul><li><p><strong>Target Suffers:</strong> @EFFECT[dazed], @EFFECT[shaken], @EFFECT[slow], or @EFFECT[weak]</p></li></ul>",
Cursed Breath,
"<p>The target suffers <strong>【HR + 15】</strong> <strong>(choose type)</strong> damage and suffers <strong>(choose one: dazed, shaken, slow, weak)</strong>.</p><hr /><ul><li><p><strong>Target Suffers:</strong> @EFFECT[dazed], @EFFECT[shaken], @EFFECT[slow], or @EFFECT[weak]</p></li></ul>",
Devastation,
"<p>Choose any number of creatures you can see: each of them suffers 30 <strong>(choose type) </strong>damage. You may only cast this spell <strong>once per turn</strong>.</p><p>This spell should only be given to <strong>champion</strong> and <strong>elite</strong> creatures <strong>level 30 or higher</strong>, and said creatures can only cast this spell during their <strong>last turn in the round</strong>.</p><hr /><ul><li><p><strong>Targets Suffer:</strong> @DMG[30 untyped]</p></li></ul>",
Lick Wounds,
"<p>You recover 20 Hit Points. This amount increases to 30 Hit Points if you are <strong>level 20 or higher</strong>, to 40 Hit Points if you are <strong>level 40 or higher</strong>, or to 50 Hit Points if you are <strong>level 60</strong> or higher.</p><hr><ul><li><p><strong>You Recover:</strong> @GAIN[&step(20,30,40,50) hp]{20|30|40|50 HP}</p></li></ul>",
Life Theft,
"<p>The target suffers <strong>HR + 15 (choose type)</strong> damage. Then, you recover an amount of Hit Points equal to half the Hit Point loss they suffered.</p>",
Mind Theft,
"<p>The target suffers <strong>HR + 15</strong> <strong>(choose type)</strong> damage. Then, you recover an amount of Mind Points equal to half the Hit Point loss they suffered.</p>",
Poison,
<p>Each target hit by this spell suffers @EFFECT[poisoned].</p>,
Quicken,
"<p>The target may immediately perform a <strong>free attack</strong> with a weapon they have equipped (or with a <strong>basic attack</strong>, if the target is an NPC).</p>",
Rage,
<p>Each target hit by this spell suffers @EFFECT[enraged].</p>,
Shell,
"<p>Until this spell ends, you gain Resistance to <strong>physical</strong> damage.</p><hr><ul><li><p><strong>You Receive:</strong> @TYPE[affinity physical resistance e:eos i:1 t:source]</p></li></ul>",
War Cry,
"<p>Until this spell ends, each target gains a +1 bonus to Accuracy Checks.</p><hr /><ul><li><p><strong>Targets Receive: </strong>@EFFECT[Compendium.projectfu.actor-effects.Item.62RZnGQvUWIEyeJ7 e:eos i:1 t:source]{Effect: War Cry}</p></li></ul>",
Weaken,
"<p>Until this spell ends, the target suffers 5 extra damage from all sources that deal <strong>(choose type)</strong> damage.</p><hr /><ul><li><p><strong>Target Suffers:</strong> @EFFECT[Compendium.projectfu.actor-effects.Item.6JCfyn7Ewt0AJndC e:eos i:1 t:source]{Effect: Weaken (Physical)}, @EFFECT[Compendium.projectfu.actor-effects.aI4tsuVswH5gfGab e:eos i:1 t:source]{Effect: Weaken (Air)}, @EFFECT[Compendium.projectfu.actor-effects.MRNCMGIcZStGVV9J e:eos i:1 t:source]{Effect: Weaken (Bolt)}, @EFFECT[Compendium.projectfu.actor-effects.zFQpa3KcSAmBCWdE e:eos i:1 t:source]{Effect: Weaken (Dark)}, @EFFECT[Compendium.projectfu.actor-effects.YpXM5ClzMzIcwCgd e:eos i:1 t:source]{Effect: Weaken (Earth}, @EFFECT[Compendium.projectfu.actor-effects.dAFACJSQzCbcU9We e:eos i:1 t:source]{Effect: Weaken (Fire)}, @EFFECT[Compendium.projectfu.actor-effects.BVOW692emrw4yxR0 e:eos i:1 t:source]{Effect: Weaken (Ice)}, @EFFECT[Compendium.projectfu.actor-effects.aPBdnNy1hA8aRctl e:eos i:1 t:source]{Effect: Weaken (Light)}, or @EFFECT[Compendium.projectfu.actor-effects.2sXIFIXiWxRHt8CP e:eos i:1 t:source]{Effect: Weaken (Poison)}</p></li></ul>",
Arcana Rules,
ARCANA RULES,
"<h2><strong>MERGING WITH AN ARCANUM</strong></h2><p>When you summon an Arcanum, you gain its merge benefits; those benefits last until the Arcanum is dismissed (see <strong>Core Rulebook</strong>, page <strong>179</strong>).</p><p>You cannot summon an Arcanum while already merged with one; you must first dismiss the current Arcanum.</p><h2><strong>DISMISSING AN ARCANUM</strong></h2><p>An Arcanum can be dismissed in several ways:</p><ul><li>Once the current scene ends, all Arcana are automatically dismissed.</li><li>If you die or fall unconscious while merged with an Arcanum, they are dismissed.</li><li>If you leave the scene while merged with an Arcanum, they are dismissed.</li><li>You may <strong>willingly</strong> dismiss your Arcanum: this doesn't require an action, but during a conflict it can only be done on your turn, <strong>before or after</strong> an action.</li></ul><h2><strong>DISMISS EFFECTS</strong></h2><p>Most Arcana have a powerful dismiss effect, which may only be activated when you <strong>willingly</strong> dismiss the Arcanum as described above — if the Arcanum is dismissed for any other reason, the dismiss effect cannot be triggered.</p><p>If the dismiss effect of an Arcanum deals damage, it will deal 10 extra damage if you are <strong>level 20 or higher</strong>, or 20 extra damage if you are <strong>level 40 or higher</strong>.</p><p>You are also free to ignore the dismiss effect if you don't want to use it.</p><h2><strong>DOMAINS</strong></h2><p>Each Arcanum is associated with a few key concepts or domains. The Game Master should use these to establish the trials needed to bind the Arcanum, and to adjudicate Rituals performed through the @UUID[Compendium.projectfu.skills.Item.Jaxs87P2Q8AfKwWO]{Ritual Arcanism} Skill.</p><p>If you create new Arcana for your world, make sure to associate them with domains that allow for interesting Rituals.</p>",
ARCANUM LIST,
"<table><tbody><tr><td data-colwidth=""51""><p><strong>Name</strong></p></td><td><p>@UUID[Compendium.projectfu.skills.Item.BhLHFeKBx3zZRZD5]{Arcanum of the Forge}</p></td></tr><tr><td data-colwidth=""51""><p><strong>Domain</strong></p></td><td><p>fire, heat, metal</p></td></tr></tbody></table><p></p><table><tbody><tr><td data-colwidth=""51""><p><strong>Name</strong></p></td><td><p>@UUID[Compendium.projectfu.skills.Item.TKOESZqheitutkKB]{Arcanum of the Frost}</p></td></tr><tr><td data-colwidth=""51""><p><strong>Domain</strong></p></td><td><p>cold, ice, silence</p></td></tr></tbody></table><p></p><table><tbody><tr><td data-colwidth=""51""><p><strong>Name</strong></p></td><td><p>@UUID[Compendium.projectfu.skills.Item.UVmSApdqYNDILSFo]{Arcanum of the Gate}</p></td></tr><tr><td data-colwidth=""51""><p><strong>Domain</strong></p></td><td><p>space, travel, void</p></td></tr></tbody></table><p></p><table><tbody><tr><td data-colwidth=""51""><p><strong>Name</strong></p></td><td><p>@UUID[Compendium.projectfu.skills.Item.QbjAsEWA7R2HfFNg]{Arcanum of the Grimoire}</p></td></tr><tr><td data-colwidth=""51""><p><strong>Domain</strong></p></td><td><p>knowledge, revelations, understanding</p></td></tr></tbody></table><p></p><table><tbody><tr><td data-colwidth=""51""><p><strong>Name</strong></p></td><td><p>@UUID[Compendium.projectfu.skills.Item.Y3OzDHLCogR32RlH]{Arcanum of the Oak}</p></td></tr><tr><td data-colwidth=""51""><p><strong>Domain</strong></p></td><td><p>earth, plants, poison</p></td></tr></tbody></table><p></p><table><tbody><tr><td data-colwidth=""51""><p><strong>Name</strong></p></td><td><p>@UUID[Compendium.projectfu.skills.Item.zabsA5F47r9B5h4f]{Arcanum of the Sky}</p></td></tr><tr><td data-colwidth=""51""><p><strong>Domain</strong></p></td><td><p>fog, rain, storms</p></td></tr></tbody></table><p></p><table><tbody><tr><td data-colwidth=""51""><p><strong>Name</strong></p></td><td><p>@UUID[Compendium.projectfu.skills.Item.n1djlSF3C4c6Hlf4]{Arcanum of the Sword}</p></td></tr><tr><td data-colwidth=""51""><p><strong>Domain</strong></p></td><td><p>conquest, heroism, leadership</p></td></tr></tbody></table><p></p><table><tbody><tr><td data-colwidth=""51""><p><strong>Name</strong></p></td><td><p>@UUID[Compendium.projectfu.skills.Item.stLDj4YpAoyQFFid]{Arcanum of the Tower}</p></td></tr><tr><td data-colwidth=""51""><p><strong>Domain</strong></p></td><td><p>judgment, protection, sacrifice</p></td></tr></tbody></table><p></p><table><tbody><tr><td data-colwidth=""51""><p><strong>Name</strong></p></td><td><p>@UUID[Compendium.projectfu.skills.Item.Dwq6JSEYmSlhpL3b]{Arcanum of the Wheel}</p></td></tr><tr><td data-colwidth=""51""><p><strong>Domain</strong></p></td><td><p>destiny, speed, time</p></td></tr></tbody></table>",
ARCANUM VTT INSTRUCTIONS,
"<ol><li><p>To <strong>summon</strong> a Arcanum, add an arcanum to your character sheet and <strong>activate</strong> it.</p></li><li><p>The arcanum's merge active effects will now be transferred to the actor until <strong>dismissed</strong>.</p></li></ol>",
Class Advancement Guides,
ARCANIST GUIDE,
"<p style=""text-align:center""><em><strong>""Some fates are not easily avoided.""</strong></em></p><p></p><h5>Also: Avatar, Chosen, Summoner</h5><p></p><ul><li><p>Where do your powers come from? Are they a gift from your bloodline?</p></li><li><p>Have you ever communicated with an Arcanum, or are they silent and distant?</p></li><li><p>Do people see you as mysterious, powerful, or otherworldly?</p></li><li><p>Are there many practicing your art, or are you the exception?</p></li></ul><p></p><h3><strong>BASE CLASS</strong></h3><p><strong>@UUID[Compendium.projectfu.classes.Item.dqvpb3dkA3cDCChq]{Arcanist}</strong></p><p></p><h3><strong>SKILLS</strong></h3><p>@UUID[Compendium.projectfu.skills.Item.hEj8s21iAOPhDtJN]{Arcane Circle}</p><p>@UUID[Compendium.projectfu.skills.Item.ZTEuKRcX9erp1NDC]{Arcane Regeneration}</p><p>@UUID[Compendium.projectfu.skills.Item.gbkA1CRgQ9OxPstd]{Bind and Summon}</p><p>@UUID[Compendium.projectfu.skills.Item.aIbwfdDFTSRgKxxx]{Emergency Arcanum}</p><p>@UUID[Compendium.projectfu.skills.Item.Jaxs87P2Q8AfKwWO]{Ritual Arcanism}</p><p></p><h3>ARCANUM RULES</h3><p>@UUID[Compendium.projectfu.handouts.JournalEntry.sO33zynz6ZsBDpFR]{Arcana Rules}</p><p>@UUID[Compendium.projectfu.skills.Item.7Hw8p7ZefudMdCxV]{[Handout: Arcana Rules]}</p><p>@UUID[Compendium.projectfu.skills.Item.8ySmNzjYisVduHWP]{[Handout: Arcanum List]}</p><p></p><h3><strong>SAMPLE ARCANUM</strong></h3><p>@UUID[Compendium.projectfu.skills.Item.BhLHFeKBx3zZRZD5]{Arcanum of the Forge}</p><p>@UUID[Compendium.projectfu.skills.Item.TKOESZqheitutkKB]{Arcanum of the Frost}</p><p>@UUID[Compendium.projectfu.skills.Item.UVmSApdqYNDILSFo]{Arcanum of the Gate}</p><p>@UUID[Compendium.projectfu.skills.Item.QbjAsEWA7R2HfFNg]{Arcanum of the Grimoire}</p><p>@UUID[Compendium.projectfu.skills.Item.Y3OzDHLCogR32RlH]{Arcanum of the Oak}</p><p>@UUID[Compendium.projectfu.skills.Item.zabsA5F47r9B5h4f]{Arcanum of the Sky}</p><p>@UUID[Compendium.projectfu.skills.Item.n1djlSF3C4c6Hlf4]{Arcanum of the Sword}</p><p>@UUID[Compendium.projectfu.skills.Item.stLDj4YpAoyQFFid]{Arcanum of the Tower}</p><p>@UUID[Compendium.projectfu.skills.Item.Dwq6JSEYmSlhpL3b]{Arcanum of the Wheel}</p>",
CHIMERIST GUIDE,
"<p style=""text-align:center""><em><strong>""Power without harmony will only lead to suffering.""</strong></em></p><p></p><h5>Also: Druid, Shapeshifter, Wild Mage</h5><p></p><ul><li><p>Who taught you the art of Chimerism? Is your mentor human or monstrous?</p></li><li><p>Can people and monsters live in harmony, or are they bound to threaten each other?</p></li><li><p>What does your magic look like?</p></li><li><p>Are there many practicing your art, or are you the exception?</p></li></ul><p></p><h3>BASE CLASS</h3><p>@UUID[Compendium.projectfu.classes.Item.I3qOytLtqR9OAawS]{Chimerist}</p><p></p><h3>SKILLS</h3><p>@UUID[Compendium.projectfu.skills.Item.c46SCybV1gtiHbL4]{Consume}</p><p>@UUID[Compendium.projectfu.skills.Item.YLWWM3IqnFCAGoUc]{Feral Speech}</p><p>@UUID[Compendium.projectfu.skills.Item.EBbeGD1rgPmN6Y6R]{Pathogenesis}</p><p>@UUID[Compendium.projectfu.skills.Item.99bT5ymNnmR60Kmf]{Ritual Chimerism}</p><p>@UUID[Compendium.projectfu.skills.Item.yiX5sLJLKBh3UMmz]{Spell Mimic}</p>",
DARKBLADE GUIDE,
"<p style=""text-align:center""><em><strong>""Today you shall know the full extent of my suffering.""</strong></em></p><p></p><h5>Also: Avenger, Black Knight, Death Knight</h5><p></p><ul><li><p>What tragic experience awakened your abilities?</p></li><li><p>Many would regard your powers as evil. How do you feel about them?</p></li><li><p>What do your weapons and fighting style look like?</p></li><li><p>Are there many practicing your art, or are you the exception?</p><p></p></li></ul><h3>BASE CLASS</h3><p>@UUID[Compendium.projectfu.classes.Item.AgYLSVuJduaQBja0]{Darkblade}</p><p></p><h3>SKILLS</h3><p>@UUID[Compendium.projectfu.skills.Item.JPVEY9p8zsGidKJq]{Agony}</p><p>@UUID[Compendium.projectfu.skills.Item.CEP3nER80UBDH7a9]{Dark Blood}</p><p>@UUID[Compendium.projectfu.skills.Item.e6ids95gOPher40d]{Heart of Darkness}</p><p>@UUID[Compendium.projectfu.skills.Item.YkMaFGnNoWMo6k1U]{Painful Lessons}</p><p>@UUID[Compendium.projectfu.skills.Item.W5hE9L8x7AsJI7a1]{Shadow Strike}</p>",
ELEMENTALIST GUIDE,
"<p style=""text-align:center""><em><strong>""Ignore the warnings of the World at your own risk.""</strong></em></p><p></p><h5>Also: Battle Mage, Geomancer, Sorcerer</h5><p></p><ul><li><p>Who trained you in the way of the Elements?</p></li><li><p>Your magic can be devastating... are you afraid of yourself?</p></li><li><p>Elemental magic is often used in war. Did you serve in the military?</p></li><li><p>What does your magic look like?</p></li></ul><p></p><h3>BASE CLASS</h3><p>@UUID[Compendium.projectfu.classes.Item.vSE3PMoHTGLC1yzG]{Elementalist}</p><p></p><h3>SKILLS</h3><p>@UUID[Compendium.projectfu.skills.Item.muhtqtJ6av32K34Z]{Cataclysm}</p><p>@UUID[Compendium.projectfu.skills.Item.zlmL0suZwTCQYzE5]{Elemental Magic}</p><p>@UUID[Compendium.projectfu.skills.Item.b5zzfsWN7h5ugrnW]{Magic Artillery}</p><p>@UUID[Compendium.projectfu.skills.Item.qgy43lWGmJ2YGhTp]{Ritual Elementalism}</p><p>@UUID[Compendium.projectfu.skills.Item.v6rTedHMjbLuLdN3]{Spellblade}</p><p></p><h3><strong>SPELLS</strong></h3><p>@UUID[Compendium.projectfu.spells.Item.GOEbYMBu3cGnszWt]{[Elementalist Spells]}</p>",
ENTROPIST GUIDE,
"<p style=""text-align:center""><em><strong>""The cold between the stars… it does not frighten me.""</strong></em></p><h5></h5><p></p><h5><strong>ALSO: Astromancer, Chaos Mage, Gambler</strong></h5><p></p><ul><li><p>Who taught you to channel the reality-bending powers of the Cosmos?</p></li><li><p>What do you know of the Cosmos? Are they the end of reality, or a new beginning?</p></li><li><p>What does your magic look like?</p></li><li><p>Are there many practicing your art, or are you the exception?</p></li></ul><p></p><h3>BASE CLASS</h3><p>@UUID[Compendium.projectfu.classes.Item.A24rkaeNHdKThN4N]{Entropist}</p><p></p><h3>SKILLS</h3><p>@UUID[Compendium.projectfu.skills.Item.jgGLuOvN8xCSQWLK]{Absorb MP}</p><p>@UUID[Compendium.projectfu.skills.Item.vtmxLTltA4JvXFXu]{Entropic Magic}</p><p>@UUID[Compendium.projectfu.skills.Item.HgxY0x6jUjS6ppBc]{Lucky Seven}</p><p>@UUID[Compendium.projectfu.skills.Item.Ko2QCUw6qbxhufwE]{Ritual Entropism}</p><p>@UUID[Compendium.projectfu.skills.Item.84JARbmkQ5r0j39r]{Stolen Time}</p><p></p><h3><strong>SPELLS</strong></h3><p>@UUID[Compendium.projectfu.spells.Item.W9ZYH88gvlcg7atp]{[Entropist Spells]}</p>",
FURY GUIDE,
"<p style=""text-align:center""><em><strong>""I'll just have to become stronger than you!""</strong></em></p><p></p><h5>Also: Berserker, Brawler, Viking</h5><p></p><ul><li><p>Do you rely on your burning passion, or do you strive to keep it under control?</p></li><li><p>There’s that one thing that always makes you lose it. What is it?</p></li><li><p>In the past, your lack of control had tragic consequences. What have you lost?</p></li><li><p>What do your weapons and fighting style look like?</p></li></ul><p></p><h3>BASE CLASS</h3><p>@UUID[Compendium.projectfu.classes.Item.JqjAUSTgQyZdfAML]{Fury}</p><p></p><h3>SKILLS</h3><p>@UUID[Compendium.projectfu.skills.Item.DniA4VMTBNhk5a1v]{Adrenaline}</p><p>@UUID[Compendium.projectfu.skills.Item.oi2LgAoLN5IyuBG3]{Frenzy}</p><p>@UUID[Compendium.projectfu.skills.Item.wezEekAOYfbxrt74]{Indomitable Spirit}</p><p>@UUID[Compendium.projectfu.skills.Item.XaopYEAay9e86srI]{Provoke}</p><p>@UUID[Compendium.projectfu.skills.Item.OW3xxi09kANGy2ZO]{Withstand}</p>",
GUARDIAN GUIDE,
"<p style=""text-align:center""><em><strong>""Let me be your shield.""</strong></em></p><p></p><h5>Also: Paladin, Soldier, Yōjinbō</h5><p></p><ul><li><p>Who or what is it you would gladly give your life to protect?</p></li><li><p>Are you, or have you ever been, the servant of a Lady or Lord? What were they like?</p></li><li><p>What is it you were unable to protect? What have you lost?</p></li><li><p>What are you using as your armor and/or shield?</p></li></ul><p></p><h3>BASE CLASS</h3><p>@UUID[Compendium.projectfu.classes.Item.ARBTZXtCwUzlyIyy]{Guardian}</p><p></p><h3>SKILLS</h3><p>@UUID[Compendium.projectfu.skills.Item.ZvZT5jWlBZVm1Gmd]{Bodyguard}</p><p>@UUID[Compendium.projectfu.skills.Item.7wF1oulk0Zn7ITTF]{Defensive Mastery}</p><p>@UUID[Compendium.projectfu.skills.Item.aPQXTQegswRisA1R]{Dual Shieldbearer}</p><p>@UUID[Compendium.projectfu.skills.Item.X4KdFiQmzikrsM6v]{Fortress}</p><p>@UUID[Compendium.projectfu.skills.Item.Z4WIA15aR4uLL5ES]{Protect}</p><p></p><h3>TWIN SHIELDS</h3><p>@UUID[Compendium.projectfu.skills.Item.2LyT2btVVPDPYY4h]{Twin Shields}</p><p>@UUID[Compendium.projectfu.skills.Item.G7ia7CUo4fzXL4Lo]{Twin Shields (Runic &amp; Bronze)}</p><p>@UUID[Compendium.projectfu.skills.Item.uvNrcaZS9uVW5r7c]{Twin Shields (Runic)}</p>",
LOREMASTER GUIDE,
"<p style=""text-align:center""><em><strong>""Ah, I knew this was going to happen.""</strong></em></p><p></p><h5>Also: Archivist, Sage, Scholar</h5><p></p><ul><li><p>Who is (or was) your mentor? What is (or was) your relationship with them?</p></li><li><p>Did you attend an academy or college? What kind of people did you meet there?</p></li><li><p>There is this centuries-old mystery you’re obsessed with. What is it?</p></li><li><p>Is it true that some things are better left buried beneath the sands of time?</p></li></ul><p></p><h3>BASE CLASS</h3><p>@UUID[Compendium.projectfu.classes.Item.CCSYiJBV0Ce69JOp]{Loremaster}</p><p></p><h3>SKILLS</h3><p>@UUID[Compendium.projectfu.skills.Item.J5KbrSiczxizbdM3]{Flash of Insight}</p><p>@UUID[Compendium.projectfu.skills.Item.xaNu6plCZfo9dGsX]{Focused}</p><p>@UUID[Compendium.projectfu.skills.Item.XNAHXFdVPKiABegZ]{Knowledge Is Power}</p><p>@UUID[Compendium.projectfu.skills.Item.YiBD86tGOvFSlaZ6]{Quick Assessment}</p><p>@UUID[Compendium.projectfu.skills.Item.NseNebtgAwSF7pM6]{Trained Memory}</p>",
ORATOR GUIDE,
"<p style=""text-align:center""><em><strong>""Words are only as good as the actions that follow.""</strong></em></p><p></p><h5>Also: Ambassador, Diplomat, Entertainer</h5><p></p><ul><li><p>Do you think everyone can be persuaded? Is it true that everyone has a price?</p></li><li><p>You thought someone was on your side, but they betrayed you. Who are they?</p></li><li><p>How do you feel about manipulating people, even if it is for a good cause?</p></li><li><p>In the past, your words ended up putting you in trouble. What happened?</p></li></ul><p></p><h3>BASE CLASS</h3><p>@UUID[Compendium.projectfu.classes.Item.8HxmAoTTwLlmQ8Fc]{Orator}</p><p></p><h3>SKILLS</h3><p>@UUID[Compendium.projectfu.skills.Item.DtEiCkDsC1amYABn]{Condemn}</p><p>@UUID[Compendium.projectfu.skills.Item.04DiGVKhF3DtmJ4n]{Encourage}</p><p>@UUID[Compendium.projectfu.skills.Item.lK9onKSiMuQEe3zd]{My Trust In You}</p><p>@UUID[Compendium.projectfu.skills.Item.GjmqoWAJ4szsk0om]{Persuasive}</p><p>@UUID[Compendium.projectfu.skills.Item.ucCrtRAvv2qX8aJO]{Unexpected Ally}</p>",
ROGUE GUIDE,
"<p style=""text-align:center""><em><strong>""I will find my own justice.""</strong></em></p><p></p><h5>Also: Bandit, Ninja, Thief</h5><p></p><ul><li><p>What drives you? Is it desire, vengeance, or a burning need for freedom?</p></li><li><p>Are you part of a criminal gang or guild, or do you work on your own?</p></li><li><p>Is there a place you can call home? Or is it true that, in the end, we all die alone?</p></li><li><p>What is the most important rule in your personal code?</p><p></p></li></ul><h3>BASE CLASS</h3><p>@UUID[Compendium.projectfu.classes.Item.q7ak4N89Makw4jiJ]{Rogue}</p><p></p><h3>SKILLS</h3><p>@UUID[Compendium.projectfu.skills.Item.c2XRt5pvOab25Tbe]{Cheap Shot}</p><p>@UUID[Compendium.projectfu.skills.Item.ksgKc90MZSpDTka7]{Dodge}</p><p>@UUID[Compendium.projectfu.skills.Item.tiu0D74YNxirN6Tr]{High Speed}</p><p>@UUID[Compendium.projectfu.skills.Item.cHKzZJBYjwLuRfDL]{See You Later}</p><p>@UUID[Compendium.projectfu.skills.Item.bpCv5Vkr1aWZiFSw]{Soul Steal}</p>",
SHARPSHOOTER GUIDE,
"<p style=""text-align:center""><em><strong>""Flee to the other end of the world; my arrow shall find you.""</strong></em></p><p></p><h5>Also: Archer, Gunslinger, Sniper</h5><p></p><ul><li><p>Some believe arrows and bullets to be a coward's weapons. What's your opinion?</p></li><li><p>When caught unprepared, do you improvise or do you retreat?</p></li><li><p>Are you quiet and reserved, confident and cunning, or boisterous and reckless?</p></li><li><p>What do your weapons and fighting style look like?</p></li></ul><p></p><h3>BASE CLASS</h3><p>@UUID[Compendium.projectfu.classes.Item.eO37Jm8x3VaGmE7c]{Sharpshooter}</p><p></p><h3>SKILLS</h3><p>@UUID[Compendium.projectfu.skills.Item.lCFQMCY4AmDsv6sv]{Barrage}</p><p>@UUID[Compendium.projectfu.skills.Item.sIkQa2NzkqsvczBr]{Crossfire}</p><p>@UUID[Compendium.projectfu.skills.Item.hmDCgX5OEk5l4uXW]{Hawkeye}</p><p>@UUID[Compendium.projectfu.skills.Item.0UxTgrag7cE4M1oc]{Ranged Weapon Mastery}</p><p>@UUID[Compendium.projectfu.skills.Item.Ovmw7cMrN6qvagG4]{Warning Shot}</p>",
SPIRITIST GUIDE,
"<p style=""text-align:center""><em><strong>""Show me the truths of your heart.""</strong></em></p><p></p><h5>Also: Healer, Priest, Witch</h5><p></p><ul><li><p>Where does your magic come from? What are your beliefs concerning life and death?</p></li><li><p>How do you feel about manipulating other people’s emotions and vital energy?</p></li><li><p>What do you think of religion? Are you part of a specific cult, church or institution?</p></li><li><p>What does your magic look like?</p></li></ul><p></p><h3>BASE CLASS</h3><p>@UUID[Compendium.projectfu.classes.Item.s7AtJlv04lTsbKg4]{Spiritist}</p><p></p><h3>SKILLS</h3><p>@UUID[Compendium.projectfu.skills.Item.rVM7HhQ5OwdPtFwa]{Healing Power}</p><p>@UUID[Compendium.projectfu.skills.Item.ek0pzfo1bSWGHfzb]{Ritual Spiritism}</p><p>@UUID[Compendium.projectfu.skills.Item.dwVQpxDTOZeNbcjy]{Spiritual Magic}</p><p>@UUID[Compendium.projectfu.skills.Item.pIkEDFcA5pnIpsu3]{Support Magic}</p><p>@UUID[Compendium.projectfu.skills.Item.affUHtuCYoDxmO4h]{Vismagus}</p><p></p><h3>SKILLS</h3><p>@UUID[Compendium.projectfu.spells.Item.fIzsuP7ro97Xc8H0]{[Spiritist Spells]}</p>",
TINKERER GUIDE,
"<p style=""text-align:center""><em><strong>""I like to think that what we have today is not a gift from the Gods.""</strong></em></p><p></p><h5>Also: Alchemist, Magitech Engineer, Mechanic</h5><p></p><ul><li><p>Did you learn your craft from someone? What is your relationship with them?</p></li><li><p>What have you lost in the pursuit of progress and innovation?</p></li><li><p>Is your craft something revolutionary, or is it an established field of work?</p></li><li><p>When an item or effect is created through your abilities, what does it look like?</p></li></ul><p></p><h3>BASE CLASS</h3><p>@UUID[Compendium.projectfu.classes.Item.Zmqvu8QKmgyIci7C]{Tinkerer}</p><p></p><h3>SKILLS</h3><p>@UUID[Compendium.projectfu.skills.Item.2MoV74xWJnF5Ru8u]{Emergency Item}</p><p>@UUID[Compendium.projectfu.skills.Item.0ErPA4Q0P97ZPwPE]{Gadgets}</p><p>@UUID[Compendium.projectfu.skills.Item.xzyAHegWwSaysYqV]{Potion Rain}</p><p>@UUID[Compendium.projectfu.skills.Item.S64zqBVdaYA3I5LW]{Secret Formula}</p><p>@UUID[Compendium.projectfu.skills.Item.6pJAB6E29I15q1gU]{Visionary}</p><p></p><h3>GADGETS</h3><p>@UUID[Compendium.projectfu.skills.Item.SsR6UJXT65Q1qNO2]{Gadget - Alchemy}</p><p>@UUID[Compendium.projectfu.skills.Item.1tfYFkiXLuTOUmre]{Gadget - Infusion}</p><p>@UUID[Compendium.projectfu.skills.Item.EmwWSYlFjlUSGPLL]{Gadget- Magitech}</p><p>@UUID[Compendium.projectfu.skills.Item.aPfawWXZqKuHAAqj]{Magitech Override}</p>",
WAYFARER GUIDE,
"<p style=""text-align:center""><em><strong>""Borders are a trick of the mind.""</strong></em></p><p></p><h5>Also: Adventurer, Explorer, Treasure Hunter</h5><p></p><ul><li><p>What led you to live a life of endless travels? Was it your choice? ...are you tired?</p></li><li><p>Is there a place or person that feels like “home” to you?</p></li><li><p>You have met many people and visited many places. Is there one you can’t forget?</p></li><li><p>You lost something or someone because of your travels. What happened?</p></li></ul><p></p><h3>BASE CLASS</h3><p>@UUID[Compendium.projectfu.classes.Item.EWKUOGOMmyHfgOJm]{Wayfarer}</p><p></p><h3>SKILLS</h3><p>@UUID[Compendium.projectfu.skills.Item.L34pOGhdH0ZwV4Bt]{Faithful Companion}</p><p>@UUID[Compendium.projectfu.skills.Item.0n8T7U81oNP7yU5X]{Resourceful}</p><p>@UUID[Compendium.projectfu.skills.Item.CHMsojkTh3fU8HXg]{Tavern Talk}</p><p>@UUID[Compendium.projectfu.skills.Item.rsGhkElIiEBgN5zA]{Treasure Hunter}</p><p>@UUID[Compendium.projectfu.skills.Item.fuPzuDHzaKUgbvL2]{Well-Traveled}</p>",
WEAPONMASTER GUIDE,
"<p style=""text-align:center""><em><strong>""The wiser blade remains unsheathed.""</strong></em></p><h5></h5><h5>Also: Fighter, Ronin, Warrior</h5><p></p><ul><li><p>What is your relationship with weapons? Are they mere objects, or something more?</p></li><li><p>Is battle something you seek, or something you strive to avoid?</p></li><li><p>Are you, or have you ever been, the servant of a Lady or Lord? What were they like?</p></li><li><p>What do your weapons and fighting style look like?</p><p></p></li></ul><h3>BASE CLASS</h3><p>@UUID[Compendium.projectfu.classes.Item.kVSzbabb2AUviwnH]{Weaponmaster}</p><p></p><h3>SKILLS</h3><p>@UUID[Compendium.projectfu.skills.Item.IhBCZsilt0bj5RJK]{Bladestorm}</p><p>@UUID[Compendium.projectfu.skills.Item.7jWycVYFgZ1BMxch]{Bone Crusher}</p><p>@UUID[Compendium.projectfu.skills.Item.WZDdQfw9VF64La2P]{Breach}</p><p>@UUID[Compendium.projectfu.skills.Item.XhcTVGtGEk7L2Ddq]{Counterattack}</p><p>@UUID[Compendium.projectfu.skills.Item.ztxLYzo1ADCaRupR]{Melee Weapon Mastery}</p>",
CHANTER GUIDE,
"<p style=""text-align:center""><em><strong>""Show’s just begun, and it’s lights out for you already!""</strong></em></p><p></p><h5>ALSO: Bard, Idol, Troubadour</h5><p></p><ul><li><p>Who taught you how to combine magic and music? Is it a natural talent?</p></li><li><p>Are you a celebrity, or more of a traveling musician?</p></li><li><p>Who is your greatest music rival? Who inspires you to be who you are?</p></li><li><p>What do your instruments and singing style look like?</p></li></ul><p></p><h3>BASE CLASS</h3><p>@UUID[Compendium.projectfu.classes.Item.hgYU8yjiz01xB6Zj]{Chanter}</p><p></p><h3>SKILLS</h3><p>@UUID[Compendium.projectfu.skills.Item.bt4jQZ557iLHlazO]{Magichant}</p><p>@UUID[Compendium.projectfu.skills.Item.kdL9oQYefqNlWqyD]{Resonance}</p><p>@UUID[Compendium.projectfu.skills.Item.huB2uoP2PAHoOp8T]{Siren's Song}</p><p>@UUID[Compendium.projectfu.skills.Item.9xjUyytWiDxFhqdV]{Sound Barrier}</p><p>@UUID[Compendium.projectfu.skills.Item.pQVuklFnMKXxHTFr]{Vibrato}</p><p></p><h3>VERSES</h3><p>@UUID[Compendium.projectfu.handouts.JournalEntry.q4PpsRwoiMTRKUeJ]{Verses Rules}</p><p>@UUID[Compendium.projectfu.skills.Item.c8jU0AIm1nOBRQaX]{[Handout: Key List]}</p><p>@UUID[Compendium.projectfu.skills.Item.dzv1DzQ6N3FKATek]{[Handout: Tone List]}</p><p>@UUID[Compendium.projectfu.skills.Item.8d9spHVFrK4kyLsd]{[Handout: Verses Rules]}</p><p>@UUID[Compendium.projectfu.skills.Item.nu7QnUu7tmVv6zxU]{Verse}</p>",
COMMANDER GUIDE,
"<p style=""text-align:center""><em><strong>""War has no victors.""</strong></em></p><h5></h5><h5>ALSO: Prince, Queen, Shōgun</h5><p></p><ul><li><p>Are you of noble birth? Or perhaps a hero of humble beginnings?</p></li><li><p>Is battle something you seek, or something you strive to avoid?</p></li><li><p>Are there any sacrifices you would never be willing to make to achieve victory?</p></li><li><p>How do you manifest your abilities? Are they visibly supernatural?</p></li></ul><p></p><h3>BASE CLASS</h3><p>@UUID[Compendium.projectfu.classes.Item.2ZBMQzwMLEGVJkz2]{Commander}</p><p></p><h3>SKILLS</h3><p>@UUID[Compendium.projectfu.skills.Item.FGihIPfif7yWsBCp]{Bishop's Edict}</p><p>@UUID[Compendium.projectfu.skills.Item.VhWG5AXdBZ8hL4xr]{Charging Cavalry}</p><p>@UUID[Compendium.projectfu.skills.Item.4ymBr3vRdPHNxIKC]{Crushing Chariot}</p><p>@UUID[Compendium.projectfu.skills.Item.79xGJD8jn4zGzYpX]{King's Castle}</p><p>@UUID[Compendium.projectfu.skills.Item.HC27DMHBE4M54y6Y]{Queen's Gambit}</p>",
DANCER GUIDE,
"<p style=""text-align:center""><em><strong>""My story? Dance with me and you shall know it.""</strong></em></p><p></p><h5>ALSO: Acrobat, Jester, Swashbuckler</h5><p></p><ul><li><p>Your abilities require great focus and discipline. Who was your teacher?</p></li><li><p>Why do you dance? Is it an art form, a profession, or something else?</p></li><li><p>Are you graceful and charming, or roguish and boisterous?</p></li><li><p>What do your stunts and performances look like?</p></li></ul><p></p><h3>BASE CLASS</h3><p>@UUID[Compendium.projectfu.classes.Item.KoQ2Q4mPVC7cpts7]{Dancer}</p><p></p><h3>SKILLS</h3><p>@UUID[Compendium.projectfu.skills.Item.y0dACFzoQBBMZOEk]{Dance}</p><p>@UUID[Compendium.projectfu.skills.Item.3mqtdzwMU62J1ogW]{Follow My Lead}</p><p>@UUID[Compendium.projectfu.skills.Item.R0F1K6i1gjNWNklq]{Frenetic Footwork}</p><p>@UUID[Compendium.projectfu.skills.Item.DF1eCfsBw1kYOAH6]{Quick-Change}</p><p>@UUID[Compendium.projectfu.skills.Item.L4LqyZu7NPjavyaf]{Wardancer}</p><p></p><h3>DANCES</h3><p>@UUID[Compendium.projectfu.handouts.JournalEntry.cH2N0pg4NeNZpaM5]{Dances Rules}</p><p>@UUID[Compendium.projectfu.skills.Item.kTJhhmUgvlOMSgKh]{[Handout: Dance List]}</p>",
SYMBOLIST GUIDE,
"<p style=""text-align:center""><em><strong>""What good is a brush if your heart is not in the right place?""</strong></em></p><p></p><h5>ALSO: Calligrapher, Painter, Runemaker</h5><p></p><ul><li><p>Who or what taught you how to weave magic into symbols?</p></li><li><p>Do you consider yourself more of a spellcaster or an artist?</p></li><li><p>Are there many practicing your art, or are you the exception?</p></li><li><p>What do your symbols look like, and how do you place them on creatures?</p></li></ul><p></p><h3>BASE CLASS</h3><p>@UUID[Compendium.projectfu.classes.Item.m2nmisQnnkVKowT7]{Symbolist}</p><p></p><h3>SKILLS</h3><p>@UUID[Compendium.projectfu.skills.Item.ffgsQbg3SuWBUUS2]{Magic Symbols}</p><p>@UUID[Compendium.projectfu.skills.Item.mqwu1cSVPhWdT2Mt]{Mirage}</p><p>@UUID[Compendium.projectfu.skills.Item.nAX4AsRoQhmO6gnf]{Personal Touch}</p><p>@UUID[Compendium.projectfu.skills.Item.h6ynrwX1sUsBQYAE]{Symbolic Connection}</p><p>@UUID[Compendium.projectfu.skills.Item.Twj3wpoMzSpUE3Go]{Symbolism}</p><p></p><h3>SYMBOLS</h3><p>@UUID[Compendium.projectfu.handouts.JournalEntry.t38IeNrS9T7NQspT]{Symbol Rules}</p><p>@UUID[Compendium.projectfu.skills.Item.E0m9ZsyQ5HG8k77Y]{[Handout: Symbol Rules]}</p><p>@UUID[Compendium.projectfu.skills.Item.v1HYJJsqOzPWrYv8]{[Handout: Symbol List]}</p><p></p>",
ACE OF HEARTS GUIDE,
"<p style=""text-align:center""><strong>""Don't look away.""</strong></p><p></p><h5>Also: Deckmancer, Destiny Duelist, High Roller</h5><p></p><ul><li><p>When did you first manifest your magic powers?</p></li><li><p>Are you cold and perceptive, or brash and lively? What does your deck look like?</p></li><li><p>What was the most unfortunate event in your life? What did you learn from it?</p></li><li><p>How do you combine your deck with other abilities?</p></li></ul><p></p><h3><strong>BASE CLASS</strong></h3><p>@UUID[Compendium.projectfu.classes.Item.R6Wcc6Gcf27yWalj]{Ace of Cards}</p><p></p><h3>SKILLS</h3><p>@UUID[Compendium.projectfu.skills.Item.sfIxI8t0XlJMMVFC]{Double or Nothing}</p><p>@UUID[Compendium.projectfu.skills.Item.tFbGtEfIudpck8vL]{High or Low}</p><p>@UUID[Compendium.projectfu.skills.Item.5zF6JTf6nhKbXr69]{Magic Cards}</p><p>@UUID[Compendium.projectfu.skills.Item.ry0CUZsygSpySLBZ]{Mulligan}</p><p>@UUID[Compendium.projectfu.skills.Item.dHurcgjvmwVBJPvM]{Trap Card}</p><p></p><h3>THE DECK</h3><p>@UUID[Compendium.projectfu.skills.Item.FVmAbnxp6kZyoqkN]{[Handout: Deck]}</p><p>@UUID[Compendium.projectfu.skills.Item.z3xhzflevgPyf7ah]{[Handout: Managing The Deck]}</p>",
NECROMANCER GUIDE,
"<p style=""text-align:center""><strong>""Waste not, want not.""</strong></p><p></p><h5>Also: Grave Queen, Reanimator, Vampire</h5><p></p><ul><li><p>Who taught you in the ways of necromancy? Are they living or (un)dead?</p></li><li><p>Your powers act against the natural soul cycle. How do you feel about this?</p></li><li><p>Are you cold and grim, or decadent and sardonic?</p></li><li><p>Who have you lost? Who would you resurrect, given the power to do so?</p></li></ul><p></p><h3>BASE CLASS</h3><p>@UUID[Compendium.projectfu.classes.Item.hAaL90nfamx7FfrY]{Necromancer}</p><p></p><h3>SKILLS</h3><p>@UUID[Compendium.projectfu.skills.Item.QwAuh7RXGBQsCb6l]{Beyond The Realms Of Death}</p><p>@UUID[Compendium.projectfu.skills.Item.kOEljjCw7bS9FyJv]{Children Of The Grave}</p><p>@UUID[Compendium.projectfu.skills.Item.4TxnpOUnaOaTFCP0]{Fear Is The Key}</p><p>@UUID[Compendium.projectfu.skills.Item.oevRD7ES46HQEOKn]{For Whom The Bell Tolls}</p><p>@UUID[Compendium.projectfu.skills.Item.VSWCJDqDERswimf0]{Rondo Of Nightmare}</p>",
PILOT GUIDE,
"<p style=""text-align:center""><em>""<strong>Within this steel beat the hearts and hopes of all of Minerva IV. The Empire has already lost, they just don’t know it yet.""</strong></em></p><p></p><h5>Also: Biker, Mech Pilot, Sky Pirate</h5><p></p><ul><li><p>Where did you learn to pilot? Is your teacher still alive?</p></li><li><p>How did you obtain your vehicle? Did you build it yourself? Did you inherit it?</p></li><li><p>What personal touch makes your vehicle stand out from the rest?</p></li><li><p>Who or what would you never allow aboard your vehicle?</p></li></ul><p></p><h3>BASE CLASS</h3><p>@UUID[Compendium.projectfu.classes.Item.BpzqLw0tPg39wrUF]{Pilot}</p><p></p><h3>SKILLS</h3><p>@UUID[Compendium.projectfu.skills.Item.kMQH13lhWY4Mlbh8]{Compression Tech}</p><p>@UUID[Compendium.projectfu.skills.Item.BuqR9EZDFMn5lDGG]{Flexible Configuration}</p><p>@UUID[Compendium.projectfu.skills.Item.HCzLtYgEWScIeJNq]{Heart in the Engine}</p><p>@UUID[Compendium.projectfu.skills.Item.wGzSaXFjLlQIAAxk]{Personal Vehicle}</p><p>@UUID[Compendium.projectfu.skills.Item.rTqtsfBemOKLgWuN]{Strong Grip}</p><p></p><h3>A PILOT'S VEHICLE</h3><p>@UUID[Compendium.projectfu.handouts.JournalEntry.JtN1YEB5uhn9JMUG]{Vehicle Rules}</p><p>@UUID[Compendium.projectfu.skills.Item.O0imCVrWFpJgpQ0b]{[Handout: Vehicle Rules]}</p><p>@UUID[Compendium.projectfu.skills.Item.wDGQGIEqFOYreyA6]{[Handout: Armor Modules]}</p><p>@UUID[Compendium.projectfu.skills.Item.QUtsK2Mh1gSqCb47]{[Handout: Support Modules]}</p><p>@UUID[Compendium.projectfu.skills.Item.zq0tEMif1Nrh8rxx]{[Handout: Weapon Modules]}</p><p>@UUID[Compendium.projectfu.skills.Item.ZvzMIq1aj9Alanui]{[Handout: Other Rules]}</p>",
MUTANT GUIDE,
"<p style=""text-align:center""><em><strong>""Look at me, coward! Behold what your silence allowed them to create.""</strong></em></p><p></p><h5>Also: Abomination, Experiment, Lycanthrope</h5><p></p><ul><li><p>Were your mutations caused by a scientific experiment or by some kind of magic?</p></li><li><p>Who is responsible for your mutations? What are your feelings towards them?</p></li><li><p>Who was the first person to show you kindness? What did it cost them?</p></li><li><p>How do your mutations manifest? What makes them eerily beautiful?</p></li></ul><p></p><h3>BASE CLASS</h3><p>@UUID[Compendium.projectfu.classes.Item.IgNtSZfLvEcUAcqA]{Mutant}</p><p></p><h3>SKILLS</h3><p>@UUID[Compendium.projectfu.skills.Item.7ZIT4N07zc2yWsre]{Akromorphosis}</p><p>@UUID[Compendium.projectfu.skills.Item.kpg23Fs85uniba2A]{Biophagy}</p><p>@UUID[Compendium.projectfu.skills.Item.ij6vcA9nnD915bgI]{Ecdysis}</p><p>@UUID[Compendium.projectfu.skills.Item.mWqx8pto9gbbwMoG]{Genoclepsis}</p><p>@UUID[Compendium.projectfu.skills.Item.pmwdU2AGU0JtrWw8]{Theriomorphosis}</p><p></p><h3>THERIOFORMS</h3><p>@UUID[Compendium.projectfu.handouts.JournalEntry.aXZh9r7OxySQ484p]{Therioforms Rules}</p><p>@UUID[Compendium.projectfu.skills.Item.cAQOA27jqgLEwKlt]{[Handout: Therioform Rules]}</p><p>@UUID[Compendium.projectfu.skills.Item.9ww1Sa24R1VsLqgA]{[Handout: Therioform List]}</p><p></p>",
ESPER GUIDE,
"<p style=""text-align:center""><em><strong>""Peace dictated by a single will is no peace at all: it is merely a form of submission.""</strong></em></p><p></p><h5><strong>Also</strong>: Empath, Psion, Soul Hacker</h5><p></p><ul><li><p>How did you develop your psychic abilities? Did someone train you?</p></li><li><p>Are your abilities relatively common, or are you the exception?</p></li><li><p>Which of your attributes or skills can you strengthen with your psychic arts?</p></li><li><p>Which unsettling or unusual quality do your powers possess?</p></li></ul><p></p><h3>BASE CLASS</h3><p>@UUID[Compendium.projectfu.classes.Item.XxUUexPvdDjoieG2]{Esper}</p><p></p><h3>SKILLS</h3><p>@UUID[Compendium.projectfu.skills.Item.idQdS82bEICiB0zL]{Cognitive Focus}</p><p>@UUID[Compendium.projectfu.skills.Item.P0oD7KQA9ipYWU8o]{Hypercognition}</p><p>@UUID[Compendium.projectfu.skills.Item.51Ws5AS0aD5MTJRI]{Navigator}</p><p>@UUID[Compendium.projectfu.skills.Item.uiXJvj0qK0pVfnwY]{Psychic Gifts}</p><p>@UUID[Compendium.projectfu.skills.Item.eU0lW3S2AcGj8BoD]{Psychokinesis}</p><p></p><h3>PSYCHIC GIFTS</h3><p>@UUID[Compendium.projectfu.handouts.JournalEntry.mcjpTrTkosKxoyCc]{Psychic Gift Rules}</p><p>@UUID[Compendium.projectfu.skills.Item.3wujzPJj4dyCUUHX]{[Handout: Psychic Gifts Rules]}</p><p>@UUID[Compendium.projectfu.skills.Item.mMeTN3919AnQFJrC]{[Handout: Psychic Gift List]}</p><p></p>",
CLASSES BY BOOK,
"<p>Fabula Ultima has released numerous Atlases and supplements to further inspire certain types of worlds. The classes have been sorted by their origin here to help GMs and players better disseminate which options they want present in their games.</p><p></p><h3>CORE RULEBOOK</h3><table><tbody><tr><td data-colwidth=""96""><p>@UUID[Compendium.projectfu.classes.Item.dqvpb3dkA3cDCChq]{Arcanist}</p></td><td data-colwidth=""39""><p style=""text-align:center""><strong>FUCR</strong></p></td><td><p><span class=""fontstyle0""><strong>Core Rulebook</strong> </span><span class=""fontstyle2"">(page </span><span class=""fontstyle0""><strong>176</strong></span><span class=""fontstyle2"">)</span></p></td></tr><tr><td data-colwidth=""96""><p>@UUID[Compendium.projectfu.classes.Item.I3qOytLtqR9OAawS]{Chimerist}</p></td><td data-colwidth=""39""><p style=""text-align:center""><strong>FUCR</strong></p></td><td><p><span class=""fontstyle0""><strong>Core Rulebook</strong> </span><span class=""fontstyle2"">(page </span><span class=""fontstyle0""><strong>182</strong></span><span class=""fontstyle2"">)</span></p></td></tr><tr><td data-colwidth=""96""><p>@UUID[Compendium.projectfu.classes.Item.AgYLSVuJduaQBja0]{Darkblade}</p></td><td data-colwidth=""39""><p style=""text-align:center""><strong>FUCR</strong></p></td><td><p><span class=""fontstyle0""><strong>Core Rulebook</strong> </span><span class=""fontstyle2"">(page </span><span class=""fontstyle0""><strong>184</strong></span><span class=""fontstyle2"">)</span></p></td></tr><tr><td data-colwidth=""96""><p>@UUID[Compendium.projectfu.classes.Item.vSE3PMoHTGLC1yzG]{Elementalist}</p></td><td data-colwidth=""39""><p style=""text-align:center""><strong>FUCR</strong></p></td><td><p><span class=""fontstyle0""><strong>Core Rulebook</strong> </span><span class=""fontstyle2"">(page </span><span class=""fontstyle0""><strong>186</strong></span><span class=""fontstyle2"">)</span></p></td></tr><tr><td data-colwidth=""96""><p>@UUID[Compendium.projectfu.classes.Item.A24rkaeNHdKThN4N]{Entropist}</p></td><td data-colwidth=""39""><p style=""text-align:center""><strong>FUCR</strong></p></td><td><p><span class=""fontstyle0""><strong>Core Rulebook</strong> </span><span class=""fontstyle2"">(page </span><span class=""fontstyle0""><strong>190</strong></span><span class=""fontstyle2"">)</span></p></td></tr><tr><td data-colwidth=""96""><p>@UUID[Compendium.projectfu.classes.Item.JqjAUSTgQyZdfAML]{Fury}</p></td><td data-colwidth=""39""><p style=""text-align:center""><strong>FUCR</strong></p></td><td><p><span class=""fontstyle0""><strong>Core Rulebook</strong> </span><span class=""fontstyle2"">(page </span><span class=""fontstyle0""><strong>194</strong></span><span class=""fontstyle2"">)</span></p></td></tr><tr><td data-colwidth=""96""><p>@UUID[Compendium.projectfu.classes.Item.ARBTZXtCwUzlyIyy]{Guardian}</p></td><td data-colwidth=""39""><p style=""text-align:center""><strong>FUCR</strong></p></td><td><p><span class=""fontstyle0""><strong>Core Rulebook</strong> </span><span class=""fontstyle2"">(page </span><span class=""fontstyle0""><strong>196</strong></span><span class=""fontstyle2"">)</span></p></td></tr><tr><td data-colwidth=""96""><p>@UUID[Compendium.projectfu.classes.Item.CCSYiJBV0Ce69JOp]{Loremaster}</p></td><td data-colwidth=""39""><p style=""text-align:center""><strong>FUCR</strong></p></td><td><p><span class=""fontstyle0""><strong>Core Rulebook</strong> </span><span class=""fontstyle2"">(page </span><span class=""fontstyle0""><strong>198</strong></span><span class=""fontstyle2"">)</span></p></td></tr><tr><td data-colwidth=""96""><p>@UUID[Compendium.projectfu.classes.Item.8HxmAoTTwLlmQ8Fc]{Orator}</p></td><td data-colwidth=""39""><p style=""text-align:center""><strong>FUCR</strong></p></td><td><p><span class=""fontstyle0""><strong>Core Rulebook</strong> </span><span class=""fontstyle2"">(page </span><span class=""fontstyle0""><strong>200</strong></span><span class=""fontstyle2"">)</span></p></td></tr><tr><td data-colwidth=""96""><p><span class=""fontstyle0"">@UUID[Compendium.projectfu.classes.Item.q7ak4N89Makw4jiJ]{Rogue}</span></p></td><td data-colwidth=""39""><p style=""text-align:center""><strong>FUCR</strong></p></td><td><p><span class=""fontstyle0""><strong>Core Rulebook</strong> </span><span class=""fontstyle2"">(page </span><span class=""fontstyle0""><strong>202</strong></span><span class=""fontstyle2"">)</span></p></td></tr><tr><td data-colwidth=""96""><p>@UUID[Compendium.projectfu.classes.Item.eO37Jm8x3VaGmE7c]{Sharpshooter}</p></td><td data-colwidth=""39""><p style=""text-align:center""><strong>FUCR</strong></p></td><td><p><span class=""fontstyle0""><strong>Core Rulebook</strong> </span><span class=""fontstyle2"">(page </span><span class=""fontstyle0""><strong>204</strong></span><span class=""fontstyle2"">)</span></p></td></tr><tr><td data-colwidth=""96""><p>@UUID[Compendium.projectfu.classes.Item.s7AtJlv04lTsbKg4]{Spiritist}</p></td><td data-colwidth=""39""><p style=""text-align:center""><strong>FUCR</strong></p></td><td><p><span class=""fontstyle0""><strong>Core Rulebook</strong> </span><span class=""fontstyle2"">(page </span><span class=""fontstyle0""><strong>206</strong></span><span class=""fontstyle2"">)</span></p></td></tr><tr><td data-colwidth=""96""><p>@UUID[Compendium.projectfu.classes.Item.Zmqvu8QKmgyIci7C]{Tinkerer}</p></td><td data-colwidth=""39""><p style=""text-align:center""><strong>FUCR</strong></p></td><td><p><span class=""fontstyle0""><strong>Core Rulebook</strong> </span><span class=""fontstyle2"">(page </span><span class=""fontstyle0""><strong>210</strong></span><span class=""fontstyle2"">)</span></p></td></tr><tr><td data-colwidth=""96""><p>@UUID[Compendium.projectfu.classes.Item.EWKUOGOMmyHfgOJm]{Wayfarer}</p></td><td data-colwidth=""39""><p style=""text-align:center""><strong>FUCR</strong></p></td><td><p><span class=""fontstyle0""><strong>Core Rulebook</strong> </span><span class=""fontstyle2"">(page </span><span class=""fontstyle0""><strong>216</strong></span><span class=""fontstyle2"">)</span></p></td></tr><tr><td data-colwidth=""96""><p>@UUID[Compendium.projectfu.classes.Item.kVSzbabb2AUviwnH]{Weaponmaster}</p></td><td data-colwidth=""39""><p style=""text-align:center""><strong>FUCR</strong></p></td><td><p><span class=""fontstyle0""><strong>Core Rulebook</strong> </span><span class=""fontstyle2"">(page </span><span class=""fontstyle0""><strong>218</strong></span><span class=""fontstyle2"">)</span></p></td></tr></tbody></table><p></p><h3>ATLAS HIGH FANTASY</h3><table><tbody><tr><td data-colwidth=""98""><p>@UUID[Compendium.projectfu.classes.Item.hgYU8yjiz01xB6Zj]{Chanter}</p></td><td data-colwidth=""40""><p style=""text-align:center""><strong>FUHF</strong></p></td><td><p><span class=""fontstyle0""><strong>High Fantasy Atlas</strong></span><span class=""fontstyle2""> (page </span><span class=""fontstyle0""><strong>136</strong>)</span></p></td></tr><tr><td data-colwidth=""98""><p>@UUID[Compendium.projectfu.classes.Item.2ZBMQzwMLEGVJkz2]{Commander}</p></td><td data-colwidth=""40""><p style=""text-align:center""><strong>FUHF</strong></p></td><td><p><span class=""fontstyle0""><strong>High Fantasy Atlas</strong></span><span class=""fontstyle2""> (page </span><span class=""fontstyle0""><strong>140</strong>)</span></p></td></tr><tr><td data-colwidth=""98""><p>@UUID[Compendium.projectfu.classes.Item.KoQ2Q4mPVC7cpts7]{Dancer}</p></td><td data-colwidth=""40""><p style=""text-align:center""><strong>FUHF</strong></p></td><td><p><span class=""fontstyle0""><strong>High Fantasy Atlas</strong></span><span class=""fontstyle2""> (page </span><span class=""fontstyle0""><strong>142</strong>)</span></p></td></tr><tr><td data-colwidth=""98""><p>@UUID[Compendium.projectfu.classes.Item.m2nmisQnnkVKowT7]{Symbolist}</p></td><td data-colwidth=""40""><p style=""text-align:center""><strong>FUHF</strong></p></td><td><p><span class=""fontstyle0""><strong>High Fantasy Atlas</strong></span><span class=""fontstyle2""> (page </span><span class=""fontstyle0""><strong>146</strong>)</span></p></td></tr></tbody></table><p></p><h3>ATLAS TECHNO FANTASY</h3><table><tbody><tr><td data-colwidth=""98""><p>@UUID[Compendium.projectfu.classes.Item.XxUUexPvdDjoieG2]{Esper}</p></td><td data-colwidth=""41""><p style=""text-align:center""><strong>FUTF</strong></p></td><td><p><span class=""fontstyle0""><strong>Techno Fantasy Atlas</strong></span><span class=""fontstyle2""> (page </span><span class=""fontstyle0""><strong>150</strong>)</span></p></td></tr><tr><td data-colwidth=""98""><p>@UUID[Compendium.projectfu.classes.Item.IgNtSZfLvEcUAcqA]{Mutant}</p></td><td data-colwidth=""41""><p style=""text-align:center""><strong>FUTF</strong></p></td><td><p><span class=""fontstyle0""><strong>Techno Fantasy Atlas</strong></span><span class=""fontstyle2""> (page </span><span class=""fontstyle0""><strong>154</strong>)</span></p></td></tr><tr><td data-colwidth=""98""><p>@UUID[Compendium.projectfu.classes.Item.BpzqLw0tPg39wrUF]{Pilot}</p></td><td data-colwidth=""41""><p style=""text-align:center""><strong>FUTF</strong></p></td><td><p><span class=""fontstyle0""><strong>Techno Fantasy Atlas</strong></span><span class=""fontstyle2""> (page </span><span class=""fontstyle0""><strong>158</strong>)</span></p></td></tr></tbody></table><p></p><h3>ATLAS NATURAL FANTASY</h3><table><tbody><tr><td data-colwidth=""98""><p>@UUID[Compendium.projectfu.classes.Item.HyMmdqLE74Q0Wfnk]{Floralist}</p></td><td data-colwidth=""41""><p style=""text-align:center""><strong>FUNF</strong></p></td><td><p><span class=""fontstyle0""><strong>Natural Fantasy Atlas</strong></span><span class=""fontstyle2""> (page </span><span class=""fontstyle0""><strong>138</strong>)</span></p></td></tr><tr><td data-colwidth=""98""><p>@UUID[Compendium.projectfu.classes.Item.bI02AG6lS99zB8a5]{Gourmet}</p></td><td data-colwidth=""41""><p style=""text-align:center""><strong>FUNF</strong></p></td><td><p><span class=""fontstyle0""><strong>Natural Fantasy Atlas</strong></span><span class=""fontstyle2""> (page </span><span class=""fontstyle0""><strong>148</strong>)</span></p></td></tr><tr><td data-colwidth=""98""><p>@UUID[Compendium.projectfu.classes.Item.3oIs9d1HnyKkJ424]{Invoker}</p></td><td data-colwidth=""41""><p style=""text-align:center""><strong>FUNF</strong></p></td><td><p><span class=""fontstyle0""><strong>Natural Fantasy Atlas</strong></span><span class=""fontstyle2""> (page </span><span class=""fontstyle0""><strong>154</strong>)</span></p></td></tr><tr><td data-colwidth=""98""><p>@UUID[Compendium.projectfu.classes.Item.sMuiXoUEpR7Red20]{Merchant}</p></td><td data-colwidth=""41""><p style=""text-align:center""><strong>FUNF</strong></p></td><td><p><span class=""fontstyle0""><strong>Natural Fantasy Atlas</strong></span><span class=""fontstyle2""> (page </span><span class=""fontstyle0""><strong>158</strong>)</span></p></td></tr></tbody></table><p></p><h3>BONUS CONTENT</h3><table><tbody><tr><td data-colwidth=""98""><p>@UUID[Compendium.projectfu.classes.Item.R6Wcc6Gcf27yWalj]{Ace of Cards}</p></td><td data-colwidth=""41""><p style=""text-align:center""><strong>FUAC</strong></p></td><td><p><span class=""fontstyle0""><strong>April Fool's Special 2023</strong></span><span class=""fontstyle2""> (page </span><span class=""fontstyle0""><strong>2</strong>)</span></p></td></tr><tr><td data-colwidth=""98""><p>@UUID[Compendium.projectfu.classes.Item.hAaL90nfamx7FfrY]{Necromancer}</p></td><td data-colwidth=""41""><p style=""text-align:center""><strong>FUNM</strong></p></td><td><p><span class=""fontstyle0""><strong>Halloween Special 2022</strong></span><span class=""fontstyle2""> (page </span><span class=""fontstyle0""><strong>2</strong>)</span></p></td></tr></tbody></table>",
FLORALIST GUIDE,
"<p style=""text-align:center""><em><strong>""There is no rose, without thorns.""</strong></em></p><p></p><h5><strong>Also</strong>: Bloomblade, Gardener, Herbalist</h5><p></p><ul><li><p>When did you first discover a magiseed, and where?</p></li><li><p>Who taught you how to tend to plants and flowers?</p></li><li><p>How did you implement magiseeds in your combat style?</p></li><li><p>Are there many practicing your art, or are you the exception?</p></li></ul><p></p><h3>BASE CLASS</h3><p>@UUID[Compendium.projectfu.classes.Item.HyMmdqLE74Q0Wfnk]{Floralist}</p><p></p><h3>SKILLS</h3><p>@UUID[Compendium.projectfu.skills.Item.eZxqfORDilZ4mYip]{Battle Gardening}</p><p>@UUID[Compendium.projectfu.skills.Item.ZmzDl88kGMvrumoJ]{Chloromancy}</p><p>@UUID[Compendium.projectfu.skills.Item.0IqVc3nbaYQWh5mm]{Graft}</p><p>@UUID[Compendium.projectfu.skills.Item.LldlV87wO5Tqnl4L]{Tree of Life}</p><p>@UUID[Compendium.projectfu.skills.Item.ilAq8Q2OSE3oCVdi]{Verdant Sway}</p><p></p><h3>MAGISEEDS</h3><p>@UUID[Compendium.projectfu.handouts.JournalEntry.16lV3Tse5aK9qipX]{Magiseed Rules}</p><p>@UUID[Compendium.projectfu.skills.Item.gf73sZuiSvnt7FtX]{[Handout: Magiseed Rules]}</p><p>@UUID[Compendium.projectfu.skills.Item.NuJwnpRP7xREY9q5]{[Handout: Magiseed List]}</p><p>@UUID[Compendium.projectfu.skills.Item.5Zr3PwgJBehT516X]{Garden}</p><p></p>",
GOURMET GUIDE,
"<p style=""text-align:center""><em><strong>""A true chef respects the nature of that which they transform.""</strong></em></p><p></p><h5><strong>Also</strong>: Brewer, Chef, Patissier</h5><p></p><ul><li><p>Who taught you how to cook? What is your relationship with your teacher?</p></li><li><p>Is your craft something revolutionary, or is it an established field of work?</p></li><li><p>What does your cooking look like? Which tools do you use?</p></li><li><p>What legendary recipe or ingredient are you looking for?</p></li></ul><p></p><h3>BASE CLASS</h3><p>@UUID[Compendium.projectfu.classes.Item.bI02AG6lS99zB8a5]{Gourmet}</p><p></p><h3>SKILLS</h3><p>@UUID[Compendium.projectfu.skills.Item.SkhjmD8IDm1yff3e]{Cooking}</p><p>@UUID[Compendium.projectfu.skills.Item.GJHaSepRfZZ5TRWN]{Knife and Fork}</p><p>@UUID[Compendium.projectfu.skills.Item.VXv8FzCETDsXLeH7]{Made with Love}</p><p>@UUID[Compendium.projectfu.skills.Item.y6f7BuTvmefliVVD]{Salt and Pepper}</p><p>@UUID[Compendium.projectfu.skills.Item.EU5astEIUK1d8Qk3]{Traveling Cook}</p><p></p><h3>INGREDIENTS &amp; DELICACIES</h3><p>@UUID[Compendium.projectfu.handouts.JournalEntry.vsXmQQBeh7FSTCc4]{Ingredients &amp; Delicacies Rules}</p><p>@UUID[Compendium.projectfu.skills.Item.myEqu3SLky5X0HXA]{[Handout: Gourmet Rules]}</p><p>@UUID[Compendium.projectfu.skills.Item.SkhjmD8IDm1yff3e]{Cooking}</p>",
INVOKER GUIDE,
"<p style=""text-align:center""><em><strong>""Wish not for control, but understanding.""</strong></em></p><p></p><h5><strong>Also</strong>: Ascetic, Channeler, Five-Soul Master</h5><p></p><ul><li><p>How did you develop the art of invocation?</p></li><li><p>Is there a spirit or elemental creature you have a special bond towards?</p></li><li><p>How do your invocations manifest?</p></li><li><p>Are your abilities relatively common, or are you the exception?</p></li></ul><p></p><h3>BASE CLASS</h3><p>@UUID[Compendium.projectfu.classes.Item.3oIs9d1HnyKkJ424]{Invoker}</p><p></p><h3>SKILLS</h3><p>@UUID[Compendium.projectfu.skills.Item.YZkp0hXK29tfI0MI]{Elemental Harmony}</p><p>@UUID[Compendium.projectfu.skills.Item.G5SMsS4TC1glE2VS]{Invocation}</p><p>@UUID[Compendium.projectfu.skills.Item.OQaLTvDV59JKnFqO]{Linked Invocation}</p><p>@UUID[Compendium.projectfu.skills.Item.ouhN6A6jFZO10eST]{Ripples}</p><p>@UUID[Compendium.projectfu.skills.Item.HlSeaheZt8969qI7]{Wellspring Expansion}</p><p></p><h3>INVOCATIONS</h3><p>@UUID[Compendium.projectfu.skills.Item.OI8hkX3ZusBYmBtu]{[Handout: Invoker Rules]}</p><p>@UUID[Compendium.projectfu.skills.Item.OCPEJcHypOPXaDUM]{Invocations}</p>",
MERCHANT GUIDE,
"<p style=""text-align:center""><em><strong>""First of all, think: how will this help people in need?""</strong></em></p><p></p><h5><strong>Also</strong>: Antiquarian, Collector, Pharmacist</h5><p></p><ul><li><p>Who introduced you to the art of commerce? Is it a family business?</p></li><li><p>Would this world be better without money? If so, why are you still a merchant?</p></li><li><p>What do you love about commerce? And what do you despise about it?</p></li><li><p>Do you have a business rival? What is your relationship with them?</p></li></ul><p></p><h3>BASE CLASS</h3><p>@UUID[Compendium.projectfu.classes.Item.sMuiXoUEpR7Red20]{Merchant}</p><p></p><h3>SKILLS</h3><p>@UUID[Compendium.projectfu.skills.Item.BW9vyaiaOF5OkIcG]{Expiration Date}</p><p>@UUID[Compendium.projectfu.skills.Item.GkFFLkshtNlg0vgV]{I've Heard of It!}</p><p>@UUID[Compendium.projectfu.skills.Item.cjo6RghyGPUwvo1N]{Private Stock}</p><p>@UUID[Compendium.projectfu.skills.Item.lFYCdvybWS7x8e6L]{Real Treasure}</p><p>@UUID[Compendium.projectfu.skills.Item.zXB7pBEv1JED1xkh]{Winds of Trade}</p>",
Dances Rules,
DANCES LIST,
"<table border=""1""><colgroup><col></col><col></col></colgroup><tbody><tr><td><strong>Dance</strong></td><td><strong>Duration</strong></td></tr><tr><td>@UUID[Compendium.projectfu.skills.Item.t50AQQwenusLr5aU]{Angel Dance}</td><td>Until the start of your next turn</td></tr></tbody></table><p>Choose one option: you gain Resistance to <strong>light </strong>damage; <strong>or </strong>all damage dealt by your attacks and spells becomes <strong>light</strong>.</p><table border=""1""><colgroup><col></col><col></col></colgroup><tbody><tr><td><strong>Dance</strong></td><td><strong>Duration</strong></td></tr><tr><td>@UUID[Compendium.projectfu.skills.Item.QCTlpwSI35ypWKKS]{Banshee Dance}</td><td>Instantaneous</td></tr></tbody></table><p>Choose another creature that is able to see you. If that creature is already <strong>slow</strong>, they immediately suffer <strong>shaken</strong>.</p><table style=""width:100%;height:34px"" border=""1""><colgroup><col style=""width:25.6369%""></col><col style=""width:74.2038%""></col></colgroup><tbody><tr style=""height:17px""><td style=""height:17px""><strong>Dance</strong></td><td style=""height:17px""><strong>Duration</strong></td></tr><tr style=""height:17px""><td style=""height:17px"">@UUID[Compendium.projectfu.skills.Item.71Cr58HNhFHtzTqN]{Bat Dance}</td><td style=""height:17px"">Until the start of your next turn</td></tr></tbody></table><p>Choose one option: you gain Resistance to <strong>dark </strong>damage; <strong>or </strong>all damage dealt by your attacks and spells becomes <strong>dark</strong>.</p><table border=""1""><colgroup><col></col><col></col></colgroup><tbody><tr><td><strong>Dance</strong></td><td><strong>Duration</strong></td></tr><tr><td>@UUID[Compendium.projectfu.skills.Item.YN5ZFhKRnqq381I7]{Golem Dance}</td><td>Until the start of your next turn</td></tr></tbody></table><p>Choose one option: you gain Resistance to <strong>bolt </strong>damage; <strong>or </strong>all damage dealt by your attacks and spells becomes <strong>bolt</strong>.</p><table border=""1""><colgroup><col></col><col></col></colgroup><tbody><tr><td><strong>Dance</strong></td><td><strong>Duration</strong></td></tr><tr><td>@UUID[Compendium.projectfu.skills.Item.4y9aruoDa2NqwoUw]{Griffin Dance}</td><td>Until the start of your next turn</td></tr></tbody></table><p>Choose one option: you gain Resistance to <strong>air </strong>damage; <strong>or </strong>all damage dealt by your attacks and spells becomes <strong>air</strong></p><table border=""1""><colgroup><col></col><col></col></colgroup><tbody><tr><td><strong>Dance</strong></td><td><strong>Duration</strong></td></tr><tr><td>@UUID[Compendium.projectfu.skills.Item.tu1dSPyWiUl8DMUY]{Hydra Dance}</td><td>Until the start of your next turn</td></tr></tbody></table><p>After you suffer damage, choose one option: you recover 5 Hit Points, <strong>or </strong>you recover 5 Mind Points.</p><table border=""1""><tbody><tr><td><p><strong>Dance</strong></p></td><td><p><strong>Duration</strong></p></td></tr><tr><td><p>@UUID[Compendium.projectfu.skills.Item.RP1PRbMysmTnwfEa]{Kraken Dance}</p></td><td><p>Instantaneous</p></td></tr></tbody></table><p>Choose another creature that is able to see you. If that creature is already <strong>dazed</strong>, they immediately suffer <strong>slow</strong>.</p><table border=""1""><tbody><tr><td><p><strong>Dance</strong></p></td><td><p><strong>Duration</strong></p></td></tr><tr><td><p>@UUID[Compendium.projectfu.skills.Item.mTvy0jppcCEcmpQN]{Lion Dance}</p></td><td><p>Instantaneous</p></td></tr></tbody></table><p>You immediately recover from a single status effect of your choice.</p><table border=""1""><tbody><tr><td><p><strong>Dance</strong></p></td><td><p><strong>Duration</strong></p></td></tr><tr><td><p>@UUID[Compendium.projectfu.skills.Item.1lCRqkPoxPGnUBHQ]{Maenad Dance}</p></td><td><p>Instantaneous</p></td></tr></tbody></table><p>Choose another creature that is able to see you. That creature loses an amount of Mind Points equal to your current <strong>Dexterity </strong>die size.</p><table border=""1""><tbody><tr><td><p><strong>Dance</strong></p></td><td><p><strong>Duration</strong></p></td></tr><tr><td><p>@UUID[Compendium.projectfu.skills.Item.MBflOYsNp0Grh2zI]{Myrmidon Dance}</p></td><td><p>Until the start of your next turn</p></td></tr></tbody></table><p>Choose one option: you gain Resistance to <strong>earth </strong>damage; <strong>or </strong>all damage dealt by your attacks and spells becomes <strong>earth</strong>.</p><table border=""1""><tbody><tr><td><p><strong>Dance</strong></p></td><td><p><strong>Duration</strong></p></td></tr><tr><td><p>@UUID[Compendium.projectfu.skills.Item.1osIu05OTOlvhvIL]{Nightmare Dance}</p></td><td><p>Instantaneous</p></td></tr></tbody></table><p>Choose another creature that is able to see you. If that creature is already <strong>shaken</strong>, they immediately suffer <strong>weak</strong>.</p><table border=""1""><tbody><tr><td><p><strong>Dance</strong></p></td><td><p><strong>Duration</strong></p></td></tr><tr><td><p>@UUID[Compendium.projectfu.skills.Item.3xoV4kXCe24RKCRN]{Ouroboros Dance}</p></td><td><p>Instantaneous</p></td></tr></tbody></table><p>Choose one ally you can see who has yet to take a turn during this round. That ally may take their turn immediately after yours during this round.</p><table border=""1""><tbody><tr><td><p><strong>Dance</strong></p></td><td><p><strong>Duration</strong></p></td></tr><tr><td><p>@UUID[Compendium.projectfu.skills.Item.kViouDnYEiLZsuKj]{Peacock Dance}</p></td><td><p>Instantaneous</p></td></tr></tbody></table><p>Choose another creature that is able to see you. The next time that creature performs an attack or casts an offensive <strong>(</strong> @ICON[offensive] <strong>)</strong> spell during this scene, that attack or spell must include you among its targets if possible.</p><table border=""1""><tbody><tr><td><p><strong>Dance</strong></p></td><td><p><strong>Duration</strong></p></td></tr><tr><td><p>@UUID[Compendium.projectfu.skills.Item.WfbGw3bzCvbsOBzB]{Phoenix Dance}</p></td><td><p>Until the start of your next turn</p></td></tr></tbody></table><p>Choose one option: you gain Resistance to <strong>fire </strong>damage; <strong>or </strong>all damage dealt by your attacks and spells becomes <strong>fire</strong>.</p><table border=""1""><tbody><tr><td><p><strong>Dance</strong></p></td><td><p><strong>Duration</strong></p></td></tr><tr><td><p>@UUID[Compendium.projectfu.skills.Item.PIPfmBR92C4UjsW5]{Satyr Dance}</p></td><td><p>Instantaneous</p></td></tr></tbody></table><p>Choose another creature that is able to see you. If that creature is already <strong>weak</strong>, they immediately suffer <strong>dazed</strong>.</p><table border=""1""><tbody><tr><td><p><strong>Dance</strong></p></td><td><p><strong>Duration</strong></p></td></tr><tr><td><p>@UUID[Compendium.projectfu.skills.Item.4WuCxVpwfqDLPx02]{Unicorn Dance}</p></td><td><p>Instantaneous</p></td></tr></tbody></table><p>Choose an ally that is able to see you and has a Bond towards you: you and that ally both recover an amount of Hit Points equal to your current <strong>Dexterity </strong>die size.<br />The restored amount increases by 5 Hit Points if you are <strong>level 20 or higher</strong>, or by 10 Hit Points if you are level <strong>40 or higher</strong>.</p><table style=""width:100%;height:34px"" border=""1""><tbody><tr style=""height:17px""><td style=""width:25.7936%;height:17px"" data-colwidth=""298""><p><strong>Dance</strong></p></td><td style=""width:73.4102%;height:17px""><p><strong>Duration</strong></p></td></tr><tr style=""height:17px""><td style=""width:25.7936%;height:17px"" data-colwidth=""298""><p>@UUID[Compendium.projectfu.skills.Item.I0L1IgalIrT2OMAh]{Yeti Dance}</p></td><td style=""width:73.4102%;height:17px""><p>Until the start of your next turn</p></td></tr></tbody></table><p>Choose one option: you gain Resistance to <strong>ice </strong>damage; <strong>or </strong>all damage dealt by your attacks and spells becomes <strong>ice</strong>.</p>",
Deck Rules,
DECK RULES,
"<h2>MANAGING THE DECK</h2><p>Your <strong>deck</strong> is an actual deck of cards that you can assemble however you prefer, provided their backs are identical and you follow the restrictions below:</p><ul><li><p>The deck contains exactly <strong>30 cards: 2 jokers</strong>, plus <strong>28</strong> cards divided into <strong>4 types</strong>, called <strong>suits</strong>; for instance, in a standard poker deck the <strong>suits</strong> are <strong>clubs</strong> ( @ICON[club]<strong> </strong>), <strong>diamonds</strong> ( @ICON[diamond] ), <strong>hearts</strong> ( @ICON[heart] ), and <strong>spades</strong> ( @ICON[spade] ). When you create your character's deck, associate each <strong>suit</strong> to a different damage type among <strong>air</strong>, <strong>earth</strong>, <strong>fire</strong>, and <strong>ice</strong>.</p></li><li><p>For each <strong>suit</strong>, the deck contains <strong>7 cards</strong> with <strong>values 1 to 7</strong>.</p></li></ul><p>The simplest approach is to use a poker deck (removing <strong>face cards</strong> and <strong>cards numbered 8 to 10</strong>), but you can also use minor arcana from tarot, cards from collectible card games, and much more; just make sure the combinations are easy to identify.</p><ul><li>When a <strong>conflict</strong> begins, shuffle all 30 cards in your <strong>deck</strong> and place it <strong>face down</strong> in front of yourself, then draw <strong>5 cards</strong> to form your starting <strong>hand</strong>.</li><li>If you need to draw cards and your <strong>deck</strong> doesn't have enough, draw as many as you can, <strong>shuffle your discard pile into the deck</strong>, place it <strong>face down</strong>, then keep drawing.</li><li>When you draw cards from your <strong>deck</strong>, they are put into your <strong>hand</strong>. Normally only you can see your <strong>hand</strong>, but you can show it to others if you so wish.</li><li>When you discard cards from your <strong>hand</strong>, place them <strong>face up</strong> into your <strong>discard pile</strong>, in whatever order you prefer. However, the order of cards in your <strong>discard pile</strong> cannot be modified.</li></ul><p>Your <strong>deck</strong>, your <strong>hand</strong>, and your <strong>discard pile</strong> (as well as any Skills and effects related to them) are only available during conflict scenes; at the end of each conflict, shuffle all 30 cards back into your <strong>deck</strong> and put it aside.</p><h3>RESOLVING A SET</h3><p>To produce a given effect, a <strong>set</strong> must match its requirements <strong>exactly</strong> (for instance, resolving a <strong>set of 5 cards with the same value</strong> will not match the requirements of <strong>Jackpot</strong>; it has to be composed of <strong>exactly 4 cards</strong>).</p><ul><li>When you resolve a <strong>set</strong> that includes <strong>jokers</strong>, you choose their <strong>suit</strong> and <strong>value</strong> (<strong>1</strong> to <strong>7</strong>).</li></ul><p>If a <strong>set</strong> matches the requirements of two or more effects, you must choose and apply <strong>only one</strong> of those effects.</p>",
DECK LIST,
"<p>If you use a classic poker deck, the recommended suit types are: <strong>air</strong> ( @ICON[diamond]<strong> </strong>), <strong>earth</strong> ( @ICON[club] ), <strong>fire</strong> ( @ICON[heart] ), and <strong>ice</strong> ( @ICON[spade] ).</p><hr /><p><em><strong>Note</strong>: effects <strong>Blinding Flush</strong>, <strong>Double Trouble</strong>, and <strong>Magic Flush</strong> deal 10 extra damage if you are <strong>level 20 or higher</strong>, or 20 extra damage if you are level <strong>40 or higher.</strong></em></p><table style=""height:34px;width:100%;border-width:1px;margin-left:auto;margin-right:auto"" border=""1""><colgroup><col style=""width:27.9452%""></col><col style=""width:72.0548%""></col></colgroup><tbody><tr style=""height:17px""><td style=""height:17px;border-width:1px""><strong>Effect</strong></td><td style=""height:17px;border-width:1px""><strong>Set Requirements</strong></td></tr><tr style=""height:17px""><td style=""height:17px;border-width:1px""><strong>Jackpot</strong></td><td style=""height:17px;border-width:1px""><strong>4 cards</strong> of the <strong>same value</strong>, <strong>none</strong> of which is a <strong>joker</strong></td></tr></tbody></table><p>You and every ally present on the scene recover 777 Hit Points and 777 Mind Points; any PCs who have <strong>surrendered</strong> but are still part of the scene immediately regain consciousness (this does not cancel the effects of their <strong>Surrender</strong>).</p><table style=""height:34px;width:100%;border-width:1px;margin-left:auto;margin-right:auto"" border=""1""><colgroup><col style=""width:27.9452%""></col><col style=""width:72.0548%""></col></colgroup><tbody><tr style=""height:17px""><td style=""height:17px;border-width:1px""><strong>Effect</strong></td><td style=""height:17px;border-width:1px""><strong>Set Requirements</strong></td></tr><tr style=""height:17px""><td style=""height:17px;border-width:1px""><strong>Magic Flush</strong></td><td style=""height:17px;border-width:1px""><strong>4 cards</strong> of <strong>consecutive values</strong> and of the <strong>same suit.</strong></td></tr></tbody></table><p>You deal damage equal to <strong>【25 + the total value of the resolved cards】</strong> to each enemy present on the scene; the type of this damage matches the <strong>suit</strong> of the resolved cards.</p><table style=""height:34px;width:100%;border-width:1px;margin-left:auto;margin-right:auto"" border=""1""><colgroup><col style=""width:27.9452%""></col><col style=""width:72.0548%""></col></colgroup><tbody><tr style=""height:17px""><td style=""height:17px;border-width:1px""><strong>Effect</strong></td><td style=""height:17px;border-width:1px""><strong>Set Requirements</strong></td></tr><tr style=""height:17px""><td style=""height:17px;border-width:1px""><strong>Blinding Flush</strong></td><td style=""height:17px;border-width:1px""><strong>4 cards</strong> of <strong>consecutive values</strong></td></tr></tbody></table><p>You deal damage equal to <strong>【15 + the total value of the resolved cards】</strong> to each enemy present on the scene; the type of this damage is <strong>light</strong> if that total is <strong>even</strong>, or <strong>dark</strong> if that total is <strong>odd</strong>.</p><table style=""height:34px;width:100%;border-width:1px;margin-left:auto;margin-right:auto"" border=""1""><colgroup><col style=""width:27.9452%""></col><col style=""width:72.0548%""></col></colgroup><tbody><tr style=""height:17px""><td style=""height:17px;border-width:1px""><strong>Effect</strong></td><td style=""height:17px;border-width:1px""><strong>Set Requirements</strong></td></tr><tr style=""height:17px""><td style=""height:17px;border-width:1px""><strong>Full Status</strong></td><td style=""height:17px;border-width:1px""><strong>3 cards</strong> of the <strong>same value</strong> + <strong>2 cards</strong> of the <strong>same value.</strong></td></tr></tbody></table><p>Choose <strong>two</strong> status effects among <strong>dazed</strong>, <strong>shaken</strong>, <strong>slow</strong>, and <strong>weak</strong>: if <strong>【the highest value among resolved cards】</strong> is <strong>even</strong>, you and every ally present on the scene recover from the chosen status effects; if <strong>odd</strong>, each enemy present on the scene suffers them.</p><table style=""height:34px;width:100%;border-width:1px;margin-left:auto;margin-right:auto"" border=""1""><colgroup><col style=""width:27.9452%""></col><col style=""width:72.0548%""></col></colgroup><tbody><tr style=""height:17px""><td style=""height:17px;border-width:1px""><strong>Effect</strong></td><td style=""height:17px;border-width:1px""><strong>Set Requirements</strong></td></tr><tr style=""height:17px""><td style=""height:17px;border-width:1px""><strong>Triple Support</strong></td><td style=""height:17px;border-width:1px""><strong>3 cards</strong> of <strong>the same value</strong></td></tr></tbody></table><p>You and every ally present on the scene regain an amount of Hit Points and Mind Points equal to <strong>【the total value of the resolved cards, multiplied by 3】</strong>.</p><table style=""height:34px;width:100%;border-width:1px;margin-left:auto;margin-right:auto"" border=""1""><colgroup><col style=""width:27.9452%""></col><col style=""width:72.0548%""></col></colgroup><tbody><tr style=""height:17px""><td style=""height:17px;border-width:1px""><strong>Effect</strong></td><td style=""height:17px;border-width:1px""><strong>Set Requirements</strong></td></tr><tr style=""height:17px""><td style=""height:17px;border-width:1px""><strong>Double Trouble</strong></td><td style=""height:17px;border-width:1px""><strong>2 cards</strong> of the <strong>same value + 2 cards</strong> of the <strong>same value</strong></td></tr></tbody></table><p>You deal damage equal to <strong>【10 + the highest value among resolved cards】</strong> to each of <strong>up to two</strong> different enemies you can see that are present on the scene; the type of this damage is one of your choice among those matching the <strong>suits</strong> of the resolved cards.</p><table style=""height:34px;width:100%;border-width:1px;margin-left:auto;margin-right:auto"" border=""1""><colgroup><col style=""width:27.9452%""></col><col style=""width:72.0548%""></col></colgroup><tbody><tr style=""height:17px""><td style=""height:17px;border-width:1px""><strong>Effect</strong></td><td style=""height:17px;border-width:1px""><strong>Set Requirements</strong></td></tr><tr style=""height:17px""><td style=""height:17px;border-width:1px""><strong>Magic Pair</strong></td><td style=""height:17px;border-width:1px""><strong>2 cards</strong> of the <strong>same value</strong></td></tr></tbody></table><p>You perform a <strong>free attack</strong> with a weapon you have equipped. If this attack deals damage, choose a <strong>suit</strong> among those of the resolved cards; all damage dealt by the attack becomes of the type matching that <strong>suit</strong>.</p>",
Elementalist Rules,
SPELL LIST,
"<p>Spells marked with ( @ICON[offensive] ) are offensive spells and require Magic Checks!</p><table style=""height:51px;width:100%;border-width:1px;margin-left:auto;margin-right:auto"" border=""1""><colgroup><col style=""width:49.6504%""></col><col style=""width:16.7832%""></col><col style=""width:16.7832%""></col><col style=""width:16.7832%""></col></colgroup><tbody><tr style=""height:17px""><td style=""height:17px;border-width:1px""><strong>Spell</strong></td><td style=""height:17px;border-width:1px""><strong>MP</strong></td><td style=""height:17px;border-width:1px""><strong>Target</strong></td><td style=""height:17px;border-width:1px""><strong>Duration</strong></td></tr><tr style=""height:34px""><td style=""height:34px;border-width:1px"">@UUID[Compendium.projectfu.spells.Item.jyakaYH34Wp0AlVZ]{Elemental Shroud}</td><td style=""height:34px;border-width:1px"">5 × T</td><td style=""height:34px;border-width:1px"">Up to three creatures</td><td style=""height:34px;border-width:1px"">Scene</td></tr></tbody></table><p>You weave magical energy and protect the targets from the fury of the elements.<br />Choose a damage type: <strong>air</strong>, <strong>bolt</strong>, <strong>earth</strong>, <strong>fire </strong>or <strong>ice</strong>. Until this spell ends, each target gains Resistance against the chosen damage type.</p><table style=""height:34px;width:100%;border-width:1px;margin-left:auto;margin-right:auto"" border=""1""><colgroup><col style=""width:49.6504%""></col><col style=""width:16.7832%""></col><col style=""width:16.7832%""></col><col style=""width:16.7832%""></col></colgroup><tbody><tr style=""height:17px""><td style=""height:17px;border-width:1px""><strong>Spell</strong></td><td style=""height:17px;border-width:1px""><strong>MP</strong></td><td style=""height:17px;border-width:1px""><strong>Target</strong></td><td style=""height:17px;border-width:1px""><strong>Duration</strong></td></tr><tr style=""height:17px""><td style=""height:17px;border-width:1px"">@UUID[Compendium.projectfu.spells.Item.AIqyQ1m2hpX27rsd]{Elemental Weapon}</td><td style=""height:17px;border-width:1px"">10</td><td style=""height:17px;border-width:1px"">One weapon</td><td style=""height:17px;border-width:1px"">Scene</td></tr></tbody></table><p>You imbue a weapon with elemental energy. Choose a damage type: <strong>air</strong>, <strong>bolt</strong>, <strong>earth</strong>, <strong>fire</strong>, or <strong>ice</strong>. Until this spell ends, all damage dealt by the weapon becomes of the chosen damage type. If you have that weapon equipped while you cast this spell, you may perform a <strong>free attack</strong> with it as part of the same action.<br />This spell can only be cast on a weapon equipped by a willing creature.</p><table style=""height:34px;width:100%;border-width:1px;margin-left:auto;margin-right:auto"" border=""1""><colgroup><col style=""width:49.6168%""></col><col style=""width:16.8213%""></col><col style=""width:16.8213%""></col><col style=""width:16.8213%""></col></colgroup><tbody><tr style=""height:17px""><td style=""height:17px;border-width:1px""><strong>Spell</strong></td><td style=""height:17px;border-width:1px""><strong>MP</strong></td><td style=""height:17px;border-width:1px""><strong>Target</strong></td><td style=""height:17px;border-width:1px""><strong>Duration</strong></td></tr><tr style=""height:17px""><td style=""height:17px;border-width:1px"">@UUID[Compendium.projectfu.spells.Item.z3MJucbao8SYheqG]{Flare} @ICON[offensive]</td><td style=""height:17px;border-width:1px"">20</td><td style=""height:17px;border-width:1px"">One creature</td><td style=""height:17px;border-width:1px"">Instantaneous</td></tr></tbody></table><p>You channel a single ray of fire towards your foe, its temperature so high that it will pierce through most defenses. The target suffers <strong>【HR + 25】 fire</strong> damage.<br />Damage dealt by this spell ignores Resistances.</p><table style=""height:34px;width:100%;border-width:1px;margin-left:auto;margin-right:auto"" border=""1""><colgroup><col style=""width:49.6504%""></col><col style=""width:16.7832%""></col><col style=""width:16.7832%""></col><col style=""width:16.7832%""></col></colgroup><tbody><tr style=""height:17px""><td style=""height:17px;border-width:1px""><strong>Spell</strong></td><td style=""height:17px;border-width:1px""><strong>MP</strong></td><td style=""height:17px;border-width:1px""><strong>Target</strong></td><td style=""height:17px;border-width:1px""><strong>Duration</strong></td></tr><tr style=""height:17px""><td style=""height:17px;border-width:1px"">@UUID[Compendium.projectfu.spells.Item.YV1OL72oIzseoLbd]{Fulgur} @ICON[offensive]</td><td style=""height:17px;border-width:1px"">10 × T</td><td style=""height:17px;border-width:1px"">Up to three creatures</td><td style=""height:17px;border-width:1px"">Instantaneous</td></tr></tbody></table><p>You weave electricity into a wave of crackling bolts. Each target hit by this spell suffers <strong>【HR + 15】 bolt</strong> damage.<br /><strong>Opportunity</strong>: Each target hit by this spell suffers <strong>dazed</strong>.</p><table style=""height:34px;width:100%;border-width:1px;margin-left:auto;margin-right:auto"" border=""1""><colgroup><col style=""width:49.6504%""></col><col style=""width:16.7832%""></col><col style=""width:16.7832%""></col><col style=""width:16.7832%""></col></colgroup><tbody><tr style=""height:17px""><td style=""height:17px;border-width:1px""><strong>Spell</strong></td><td style=""height:17px;border-width:1px""><strong>MP</strong></td><td style=""height:17px;border-width:1px""><strong>Target</strong></td><td style=""height:17px;border-width:1px""><strong>Duration</strong></td></tr><tr style=""height:17px""><td style=""height:17px;border-width:1px"">@UUID[Compendium.projectfu.spells.Item.rJzSHOASX2ZXOx2u]{Glacies} @ICON[offensive]</td><td style=""height:17px;border-width:1px"">10 × T</td><td style=""height:17px;border-width:1px"">Up to three creatures</td><td style=""height:17px;border-width:1px"">Instantaneous</td></tr></tbody></table><p>You coat your foes under a thick layer of frost. Each target hit by this spell suffers <strong>【HR + 15】</strong> ice damage.<br /><strong>Opportunity</strong>: Each target hit by this spell suffers <strong>slow</strong>.</p><table style=""height:34px;width:100%;border-width:1px;margin-left:auto;margin-right:auto"" border=""1""><colgroup><col style=""width:49.6504%""></col><col style=""width:16.7832%""></col><col style=""width:16.7832%""></col><col style=""width:16.7832%""></col></colgroup><tbody><tr style=""height:17px""><td style=""height:17px;border-width:1px""><strong>Spell</strong></td><td style=""height:17px;border-width:1px""><strong>MP</strong></td><td style=""height:17px;border-width:1px""><strong>Target</strong></td><td style=""height:17px;border-width:1px""><strong>Duration</strong></td></tr><tr style=""height:17px""><td style=""height:17px;border-width:1px"">@UUID[Compendium.projectfu.spells.Item.5CeFT4U2ktbH19nY]{Iceberg} @ICON[offensive]</td><td style=""height:17px;border-width:1px"">20</td><td style=""height:17px;border-width:1px"">One creature</td><td style=""height:17px;border-width:1px"">Instantaneous</td></tr></tbody></table><p>A pillar of ice magic envelops your foe, suddenly dropping their body temperature to a critical level. The target suffers <strong>【HR + 25】 ice</strong> damage.<br />Damage dealt by this spell ignores Resistances.</p><table style=""height:51px;width:100%;border-width:1px;margin-left:auto;margin-right:auto"" border=""1""><colgroup><col style=""width:49.6504%""></col><col style=""width:16.7832%""></col><col style=""width:16.7832%""></col><col style=""width:16.7832%""></col></colgroup><tbody><tr style=""height:17px""><td style=""height:17px;border-width:1px""><strong>Spell</strong></td><td style=""height:17px;border-width:1px""><strong>MP</strong></td><td style=""height:17px;border-width:1px""><strong>Target</strong></td><td style=""height:17px;border-width:1px""><strong>Duration</strong></td></tr><tr style=""height:34px""><td style=""height:34px;border-width:1px"">@UUID[Compendium.projectfu.spells.Item.a9oEuIOkQQdmtw7k]{Ignis} @ICON[offensive]</td><td style=""height:34px;border-width:1px"">10 × T</td><td style=""height:34px;border-width:1px"">Up to three creatures</td><td style=""height:34px;border-width:1px"">Instantaneous</td></tr></tbody></table><p>You unleash a searing barrage against your foes, conjuring flames out of thin air. Each target hit by this spell suffers <strong>【HR + 15】 fire</strong> damage.<br /><strong>Opportunity</strong>: Each target hit by this spell suffers <strong>shaken</strong>.</p><table style=""height:34px;width:100%;border-width:1px;margin-left:auto;margin-right:auto"" border=""1""><tbody><tr style=""height:17px""><td style=""height:17px;border-width:1px;width:49.8588%""><p><strong>Spell</strong></p></td><td style=""height:17px;border-width:1px;width:17.3054%""><p><strong>MP</strong></p></td><td style=""height:17px;border-width:1px;width:16.2162%""><p><strong>Target</strong></p></td><td style=""height:17px;border-width:1px;width:16.5793%""><p><strong>Duration</strong></p></td></tr><tr style=""height:17px""><td style=""height:17px;border-width:1px;width:49.8588%""><p>@UUID[Compendium.projectfu.spells.Item.ERyYzi4cjxjAp7Xw]{Soaring Strike}</p></td><td style=""height:17px;border-width:1px;width:17.3054%""><p>10</p></td><td style=""height:17px;border-width:1px;width:16.2162%""><p>Self</p></td><td style=""height:17px;border-width:1px;width:16.5793%""><p>Instantaneous</p></td></tr></tbody></table><p>The wind carries your strikes across the battlefield. You may immediately perform a <strong>free attack</strong> with a <strong>melee </strong>weapon you have equipped. This attack may target creatures that can only be targeted by <strong>ranged </strong>attacks.<br />If you used a weapon belonging to the <strong>brawling </strong>or <strong>spear </strong>Category for this attack, it deals 5 extra damage.<br />If you hit a flying target with this attack, you may force them to land immediately.</p><table style=""height:34px;width:100%;border-width:1px;margin-left:auto;margin-right:auto"" border=""1""><colgroup><col style=""width:49.6504%""></col><col style=""width:16.7832%""></col><col style=""width:16.7832%""></col><col style=""width:16.7832%""></col></colgroup><tbody><tr style=""height:17px""><td style=""height:17px;border-width:1px""><strong>Spell</strong></td><td style=""height:17px;border-width:1px""><strong>MP</strong></td><td style=""height:17px;border-width:1px""><strong>Target</strong></td><td style=""height:17px;border-width:1px""><strong>Duration</strong></td></tr><tr style=""height:17px""><td style=""height:17px;border-width:1px"">@UUID[Compendium.projectfu.spells.Item.HBpuuefQTab6pE7R]{Terra} @ICON[offensive]</td><td style=""height:17px;border-width:1px"">10 × T</td><td style=""height:17px;border-width:1px"">Up to three creatures </td><td style=""height:17px;border-width:1px"">Instantaneous</td></tr></tbody></table><p>Spires of jagged rock erupt from the ground beneath your foes, closing around them.<br />Each target hit by this spell suffers <strong>【HR + 15】 earth</strong> damage. This spell cannot target creatures who are flying, floating, falling, or otherwise in mid-air.<br /><strong>Opportunity</strong>: Each target hit by this spell performs one fewer action on their next turn<br />(to a minimum of 0 actions).</p><table style=""height:34px;width:100%;border-width:1px;margin-left:auto;margin-right:auto"" border=""1""><colgroup><col style=""width:49.6504%""></col><col style=""width:16.7832%""></col><col style=""width:16.7832%""></col><col style=""width:16.7832%""></col></colgroup><tbody><tr style=""height:17px""><td style=""height:17px;border-width:1px""><strong>Spell</strong></td><td style=""height:17px;border-width:1px""><strong>MP</strong></td><td style=""height:17px;border-width:1px""><strong>Target</strong></td><td style=""height:17px;border-width:1px""><strong>Duration</strong></td></tr><tr style=""height:17px""><td style=""height:17px;border-width:1px"">@UUID[Compendium.projectfu.spells.Item.I4DfvMXCmGMkuXKB]{Thunderbolt} @ICON[offensive]</td><td style=""height:17px;border-width:1px"">20</td><td style=""height:17px;border-width:1px"">One creature</td><td style=""height:17px;border-width:1px"">Instantaneous</td></tr></tbody></table><p>You send lightning striking at your foe. The target suffers <strong>【HR + 25】 bolt</strong> damage.<br />Damage dealt by this spell ignores Resistances.</p><table style=""height:34px;width:100%;border-width:1px;margin-left:auto;margin-right:auto"" border=""1""><tbody><tr style=""height:17px""><td style=""height:17px;border-width:1px;width:49.8404%""><p><strong>Spell</strong></p></td><td style=""height:17px;border-width:1px;width:16.5417%""><p><strong>MP</strong></p></td><td style=""height:17px;border-width:1px;width:16.9691%""><p><strong>Target</strong></p></td><td style=""height:17px;border-width:1px;width:16.6489%""><p><strong>Duration</strong></p></td></tr><tr style=""height:17px""><td style=""height:17px;border-width:1px;width:49.8404%""><p>@UUID[Compendium.projectfu.spells.Item.DgEP4iSKWMcXHFkO]{Ventus} @ICON[offensive]</p></td><td style=""height:17px;border-width:1px;width:16.5417%""><p>10 × T</p></td><td style=""height:17px;border-width:1px;width:16.9691%""><p>Up to three creatures</p></td><td style=""height:17px;border-width:1px;width:16.6489%""><p>Instantaneous</p></td></tr></tbody></table><p>You summon the power of winds against your enemy. Each target hit by this spell suffers <strong>【HR + 15】</strong> <strong>air </strong>damage.<br /><strong>Opportunity</strong>: Each <strong>flying </strong>target hit by this spell is forced to land immediately.</p><table style=""height:34px;width:100%;border-width:1px;margin-left:auto;margin-right:auto"" border=""1""><tbody><tr style=""height:17px""><td style=""height:17px;border-width:1px;width:49.8404%""><p><strong>Spell</strong></p></td><td style=""height:17px;border-width:1px;width:16.5417%""><p><strong>MP</strong></p></td><td style=""height:17px;border-width:1px;width:16.9691%""><p><strong>Target</strong></p></td><td style=""height:17px;border-width:1px;width:16.6489%""><p><strong>Duration</strong></p></td></tr><tr style=""height:17px""><td style=""height:17px;border-width:1px;width:49.8404%""><p>@UUID[Compendium.projectfu.spells.Item.e8zOkUsnSVLHBFLZ]{Vortex}</p></td><td style=""height:17px;border-width:1px;width:16.5417%""><p>10</p></td><td style=""height:17px;border-width:1px;width:16.9691%""><p>Self</p></td><td style=""height:17px;border-width:1px;width:16.6489%""><p>Scene</p></td></tr></tbody></table><p>A roaring gale surrounds you, blowing away arrows and bullets. Until this spell ends, you gain a +2 bonus to your Defense against <strong>ranged </strong>attacks.</p>",
Entropist Rules,
"<p>Spells marked with ( @ICON[offensive] <strong>) </strong>are offensive spells and require Magic Checks!</p><table style=""height:34px;width:100%;border-width:1px;margin-left:auto;margin-right:auto"" border=""1""><colgroup><col style=""width:49.6504%""></col><col style=""width:16.7832%""></col><col style=""width:16.7832%""></col><col style=""width:16.7832%""></col></colgroup><tbody><tr style=""height:17px""><td style=""height:17px;border-width:1px""><strong>Spell</strong></td><td style=""height:17px;border-width:1px""><strong>MP</strong></td><td style=""height:17px;border-width:1px""><strong>Target</strong></td><td style=""height:17px;border-width:1px""><strong>Duration</strong></td></tr><tr style=""height:17px""><td style=""height:17px;border-width:1px"">@UUID[Compendium.projectfu.spells.Item.odCKj31VovzmcEUw]{Acceleration}</td><td style=""height:17px;border-width:1px"">20</td><td style=""height:17px;border-width:1px"">One creature</td><td style=""height:17px;border-width:1px"">Scene</td></tr></tbody></table><p>You bend the fabric of time. Until this spell ends, the target gains the ability to perform a single additional action during each of their turns. Once the target has performed a total of two additional actions granted by this spell, this spell ends.</p><table style=""height:34px;width:100%;border-width:1px;margin-left:auto;margin-right:auto"" border=""1""><colgroup><col style=""width:49.6504%""></col><col style=""width:16.7832%""></col><col style=""width:16.7832%""></col><col style=""width:16.7832%""></col></colgroup><tbody><tr style=""height:17px""><td style=""height:17px;border-width:1px""><strong>Spell</strong></td><td style=""height:17px;border-width:1px""><strong>MP</strong></td><td style=""height:17px;border-width:1px""><strong>Target</strong></td><td style=""height:17px;border-width:1px""><strong>Duration</strong></td></tr><tr style=""height:17px""><td style=""height:17px;border-width:1px"">@UUID[Compendium.projectfu.spells.Item.ztNmooCW5dwZqwPx]{Anomaly} @ICON[offensive]</td><td style=""height:17px;border-width:1px"">20</td><td style=""height:17px;border-width:1px"">One creature</td><td style=""height:17px;border-width:1px"">Scene</td></tr></tbody></table><p>You alter the very nature of your target. Until this spell ends, if the target would suffer damage of a type they Absorb or are Immune to, they are instead treated as if they were Vulnerable to that damage type. Once that happens, this spell ends.</p><table style=""height:34px;width:100%;border-width:1px;margin-left:auto;margin-right:auto"" border=""1""><colgroup><col style=""width:49.6504%""></col><col style=""width:16.7832%""></col><col style=""width:16.7832%""></col><col style=""width:16.7832%""></col></colgroup><tbody><tr style=""height:17px""><td style=""height:17px;border-width:1px""><strong>Spell</strong></td><td style=""height:17px;border-width:1px""><strong>MP</strong></td><td style=""height:17px;border-width:1px""><strong>Target</strong></td><td style=""height:17px;border-width:1px""><strong>Duration</strong></td></tr><tr style=""height:17px""><td style=""height:17px;border-width:1px"">@UUID[Compendium.projectfu.spells.Item.S5jyPShQHxqZdKZB]{Dark Weapon}</td><td style=""height:17px;border-width:1px"">10</td><td style=""height:17px;border-width:1px"">One equipped weapon</td><td style=""height:17px;border-width:1px"">Scene</td></tr></tbody></table><p>You imbue a weapon with dark energy. Until this spell ends, all damage dealt by the weapon becomes of the <strong>dark </strong>type. If you have that weapon equipped while you cast this spell, you may perform a <strong>free attack</strong> with it as part of the same action. This spell can only be cast on a weapon equipped by a willing creature.</p><table style=""height:34px;width:100%;border-width:1px;margin-left:auto;margin-right:auto"" border=""1""><colgroup><col style=""width:49.6504%""></col><col style=""width:16.7832%""></col><col style=""width:16.7832%""></col><col style=""width:16.7832%""></col></colgroup><tbody><tr style=""height:17px""><td style=""height:17px;border-width:1px""><strong>Spell</strong></td><td style=""height:17px;border-width:1px""><strong>MP</strong></td><td style=""height:17px;border-width:1px""><strong>Target</strong></td><td style=""height:17px;border-width:1px""><strong>Duration</strong></td></tr><tr style=""height:17px""><td style=""height:17px;border-width:1px"">@UUID[Compendium.projectfu.spells.Item.6QG5ZZgRs4xnxlVl]{Dispel}</td><td style=""height:17px;border-width:1px"">10</td><td style=""height:17px;border-width:1px"">One creature</td><td style=""height:17px;border-width:1px"">Instantaneous</td></tr></tbody></table><p>You release a wave of negative energy and cleanse all magic from a creature. If the target is affected by one or more spells with a <strong>duration </strong>of Scene, they are no longer affected by any of those spells instead.</p><table style=""height:34px;width:100%;border-width:1px;margin-left:auto;margin-right:auto"" border=""1""><colgroup><col style=""width:49.6504%""></col><col style=""width:16.7832%""></col><col style=""width:16.7832%""></col><col style=""width:16.7832%""></col></colgroup><tbody><tr style=""height:17px""><td style=""height:17px;border-width:1px""><strong>Spell</strong></td><td style=""height:17px;border-width:1px""><strong>MP</strong></td><td style=""height:17px;border-width:1px""><strong>Target</strong></td><td style=""height:17px;border-width:1px""><strong>Duration</strong></td></tr><tr style=""height:17px""><td style=""height:17px;border-width:1px"">@UUID[Compendium.projectfu.spells.Item.AAsEhxIBxlig3hRk]{Divination}</td><td style=""height:17px;border-width:1px"">10</td><td style=""height:17px;border-width:1px"">Self</td><td style=""height:17px;border-width:1px"">Scene</td></tr></tbody></table><p>You glimpse briefly into the future. Until this spell ends, after a creature you can see performs a Check, if it was not a <strong>fumble </strong>nor a <strong>critical success</strong>, you may force that creature to reroll <strong>both </strong>dice. Once you have forced <strong>two </strong>rerolls this way, this spell ends.</p><table style=""height:34px;width:100%;border-width:1px;margin-left:auto;margin-right:auto"" border=""1""><colgroup><col style=""width:49.6504%""></col><col style=""width:16.7832%""></col><col style=""width:16.7832%""></col><col style=""width:16.7832%""></col></colgroup><tbody><tr style=""height:17px""><td style=""height:17px;border-width:1px""><strong>Spell</strong></td><td style=""height:17px;border-width:1px""><strong>MP</strong></td><td style=""height:17px;border-width:1px""><strong>Target</strong></td><td style=""height:17px;border-width:1px""><strong>Duration</strong></td></tr><tr style=""height:17px""><td style=""height:17px;border-width:1px"">@UUID[Compendium.projectfu.spells.Item.300SqWOqTrc7Qb3L]{Drain Spirit} @ICON[offensive]</td><td style=""height:17px;border-width:1px"">5</td><td style=""height:17px;border-width:1px"">One creature</td><td style=""height:17px;border-width:1px"">Instantaneous</td></tr></tbody></table><p>You consume a creature’s psyche. The target loses <strong>【HR + 15】</strong> Mind Points. Then, you recover an amount of Mind Points equal to half the Mind Points loss they suffered (if the loss was reduced to 0 in some way, you recover none).</p><table style=""height:34px;width:100%;border-width:1px;margin-left:auto;margin-right:auto"" border=""1""><colgroup><col style=""width:49.6504%""></col><col style=""width:16.7832%""></col><col style=""width:16.7832%""></col><col style=""width:16.7832%""></col></colgroup><tbody><tr style=""height:17px""><td style=""height:17px;border-width:1px""><strong>Spell</strong></td><td style=""height:17px;border-width:1px""><strong>MP</strong></td><td style=""height:17px;border-width:1px""><strong>Target</strong></td><td style=""height:17px;border-width:1px""><strong>Duration</strong></td></tr><tr style=""height:17px""><td style=""height:17px;border-width:1px"">@UUID[Compendium.projectfu.spells.Item.HCknXFHu7q0bJ2Cg]{Drain Vigor}@ICON[offensive]</td><td style=""height:17px;border-width:1px"">10</td><td style=""height:17px;border-width:1px"">One creature</td><td style=""height:17px;border-width:1px"">Instantaneous</td></tr></tbody></table><p>You steal another creature’s life force. The target suffers <strong>【HR + 15】 dark</strong> damage. Then, you recover an amount of Hit Points equal to half the Hit Points loss they suffered (if the loss was reduced to 0 in some way, you recover none).</p><table style=""height:34px;width:100%;border-width:1px;margin-left:auto;margin-right:auto"" border=""1""><colgroup><col style=""width:49.6504%""></col><col style=""width:16.7832%""></col><col style=""width:16.7832%""></col><col style=""width:16.7832%""></col></colgroup><tbody><tr style=""height:17px""><td style=""height:17px;border-width:1px""><strong>Spell</strong></td><td style=""height:17px;border-width:1px""><strong>MP</strong></td><td style=""height:17px;border-width:1px""><strong>Target</strong></td><td style=""height:17px;border-width:1px""><strong>Duration</strong></td></tr><tr style=""height:17px""><td style=""height:17px;border-width:1px"">@UUID[Compendium.projectfu.spells.Item.P33D2g4z1WlN9o6a]{Gamble}</td><td style=""height:17px;border-width:1px"">up to 20</td><td style=""height:17px;border-width:1px"">Special</td><td style=""height:17px;border-width:1px"">Instantaneous</td></tr></tbody></table><p>You summon a vortex of chaotic energy. Roll your current <strong>Willpower </strong>die once for every 10 Mind Points spent while casting this spell, then keep the <strong>single </strong>die you prefer: the number on that die determines the effects of this spell.</p><table style=""width:100%;height:178px"" border=""1""><colgroup><col style=""width:8.13238%""></col><col style=""width:91.8676%""></col></colgroup><tbody><tr style=""height:17px""><td style=""height:17px""><strong>1</strong></td><td style=""height:17px"">You lose half of your current Hit Points and half of your current Mind Points.</td></tr><tr style=""height:17px""><td style=""height:17px""><strong>2-3</strong></td><td style=""height:17px"">Each creature present on the scene, including yourself, suffers <strong>poisoned</strong>.</td></tr><tr style=""height:17px""><td style=""height:17px""><strong>4-6</strong></td><td style=""height:17px"">Each creature present on the scene, including yourself, suffers <strong>slow</strong>.</td></tr><tr style=""height:55px""><td style=""height:55px""><strong>7-8</strong></td><td style=""height:55px""><p>Choose up to three creatures you can see: each of them recovers 50 Hit Points and</p><p>also recovers from all status effects.</p></td></tr><tr style=""height:72px""><td style=""height:72px""><strong>9+</strong></td><td style=""height:72px""><p>Choose any number of creatures you can see: each of them suffers 30 damage. The<br />damage type is determined randomly by rolling a d6:</p><ol><li style=""list-style-type:none""><p><strong>air     </strong>2. <strong>bolt     </strong>3. <strong>dark    </strong>4. <strong>earth    </strong>5. <strong>fire     </strong>6. <strong>poison</strong></p></li></ol></td></tr></tbody></table><table style=""height:34px;width:100%;border-width:1px;margin-left:auto;margin-right:auto"" border=""1""><colgroup><col style=""width:49.6504%""></col><col style=""width:16.7832%""></col><col style=""width:16.7832%""></col><col style=""width:16.7832%""></col></colgroup><tbody><tr style=""height:17px""><td style=""height:17px;border-width:1px""><strong>Spell</strong></td><td style=""height:17px;border-width:1px""><strong>MP</strong></td><td style=""height:17px;border-width:1px""><strong>Target</strong></td><td style=""height:17px;border-width:1px""><strong>Duration</strong></td></tr><tr style=""height:17px""><td style=""height:17px;border-width:1px"">@UUID[Compendium.projectfu.spells.Item.mPwO3kzv6N1P1kiD]{Mirror}</td><td style=""height:17px;border-width:1px"">10</td><td style=""height:17px;border-width:1px"">One creature</td><td style=""height:17px;border-width:1px"">Scene</td></tr></tbody></table><p>You twist the laws of magic. Until this spell ends, if an offensive @ICON[offensive] spell is cast on the target, the creature who cast that offensive spell will be targeted in their stead (any other targets of the offensive spell will be targeted as normal). Once that happens, this spell ends.</p><table style=""height:34px;width:100%;border-width:1px;margin-left:auto;margin-right:auto"" border=""1""><colgroup><col style=""width:49.6504%""></col><col style=""width:16.7832%""></col><col style=""width:16.7832%""></col><col style=""width:16.7832%""></col></colgroup><tbody><tr style=""height:17px""><td style=""height:17px;border-width:1px""><strong>Spell</strong></td><td style=""height:17px;border-width:1px""><strong>MP</strong></td><td style=""height:17px;border-width:1px""><strong>Target</strong></td><td style=""height:17px;border-width:1px""><strong>Duration</strong></td></tr><tr style=""height:17px""><td style=""height:17px;border-width:1px"">@UUID[Compendium.projectfu.spells.Item.XJM910rLM6sj55Uf]{Omega} @ICON[offensive]</td><td style=""height:17px;border-width:1px"">20</td><td style=""height:17px;border-width:1px"">One creature</td><td style=""height:17px;border-width:1px"">Instantaneous</td></tr></tbody></table><p>You invoke doom on your foe, turning strength into frailty. The target loses an amount of Hit Points equal to <strong>【20 + half the target’s level】</strong> .</p><table style=""height:34px;width:100%;border-width:1px;margin-left:auto;margin-right:auto"" border=""1""><colgroup><col style=""width:49.6504%""></col><col style=""width:16.7832%""></col><col style=""width:16.7832%""></col><col style=""width:16.7832%""></col></colgroup><tbody><tr style=""height:17px""><td style=""height:17px;border-width:1px""><strong>Spell</strong></td><td style=""height:17px;border-width:1px""><strong>MP</strong></td><td style=""height:17px;border-width:1px""><strong>Target</strong></td><td style=""height:17px;border-width:1px""><strong>Duration</strong></td></tr><tr style=""height:17px""><td style=""height:17px;border-width:1px"">@UUID[Compendium.projectfu.spells.Item.MWL6NbfZjFkcQ4oC]{Stop} @ICON[offensive]</td><td style=""height:17px;border-width:1px"">10</td><td style=""height:17px;border-width:1px"">One creature</td><td style=""height:17px;border-width:1px"">Instantaneous</td></tr></tbody></table><p>You trap a foe inside a circle of altered time and space. The target will perform one fewer action on their next turn (to a minimum of 0 actions).</p><table style=""height:34px;width:100%;border-width:1px;margin-left:auto;margin-right:auto"" border=""1""><tbody><tr style=""height:17px""><td style=""height:17px;border-width:1px;width:49.8404%""><p><strong>Spell</strong></p></td><td style=""height:17px;border-width:1px;width:16.5417%""><p><strong>MP</strong></p></td><td style=""height:17px;border-width:1px;width:16.9691%""><p><strong>Target</strong></p></td><td style=""height:17px;border-width:1px;width:16.6489%""><p><strong>Duration</strong></p></td></tr><tr style=""height:17px""><td style=""height:17px;border-width:1px;width:49.8404%""><p>@UUID[Compendium.projectfu.spells.Item.q0iHNjkDnWaQJgZN]{Umbra} @ICON[offensive]</p></td><td style=""height:17px;border-width:1px;width:16.5417%""><p>10 × T</p></td><td style=""height:17px;border-width:1px;width:16.9691%""><p>Up to three creatures</p></td><td style=""height:17px;border-width:1px;width:16.6489%""><p>Instantaneous</p></td></tr></tbody></table><p>A storm of dark energy turns matter into ash. Each target hit by this spell suffers <strong>【HR + 15】 dark </strong>damage.<br /><strong>Opportunity</strong>: Each target hit by this spell suffers <strong>weak</strong>.</p>",
Gadget Rules,
ALCHEMY RULES,
"<h3>ALCHEMY</h3><p><span class=""fontstyle0""><strong>Also: </strong>Chemistry, Bombs, Mutations</span></p><hr /><p><span class=""fontstyle0"">You may perform the </span><span class=""fontstyle2""><strong>Inventory </strong></span>action to rapidly craft a <span class=""fontstyle2""><strong>potion </strong></span>with powerful but somewhat unpredictable effects. When you do so, choose one type of <span class=""fontstyle2""><strong>mix </strong></span>among those you have unlocked (<span class=""fontstyle2""><strong>basic</strong></span>, <span class=""fontstyle2""><strong>advanced </strong></span>or <span class=""fontstyle2""><strong>superior</strong></span>) and spend the appropriate amount of Inventory Points. </p><hr /><p> </p><table style=""width:100%"" border=""1""><colgroup><col style=""width:14.8891%""></col><col style=""width:9.71909%""></col><col style=""width:75.3918%""></col></colgroup><tbody><tr><td><strong>Mix</strong></td><td style=""text-align:center""><strong>IP Cost</strong></td><td> <strong>Description</strong></td></tr><tr><td><strong>Basic</strong></td><td style=""text-align:center""><strong>3</strong></td><td><span class=""fontstyle0""> Roll <strong>two </strong></span><span class=""fontstyle2""><strong>d20</strong></span><span class=""fontstyle0""><strong>s</strong> and assign one to </span><span class=""fontstyle2""><strong>target </strong></span><span class=""fontstyle0"">and one to </span><span class=""fontstyle2""><strong>effect</strong></span><span class=""fontstyle0"">.</span> </td></tr><tr><td><strong>Advanced</strong></td><td style=""text-align:center""><strong>4</strong></td><td><span class=""fontstyle0""> Roll <strong>three </strong></span><span class=""fontstyle2""><strong>d20</strong></span><span class=""fontstyle0""><strong>s</strong> and assign one to </span><span class=""fontstyle2""><strong>target </strong></span><span class=""fontstyle0"">and one to </span><span class=""fontstyle2""><strong>effect</strong></span><span class=""fontstyle0"">.</span> </td></tr><tr><td><strong>Superior</strong></td><td style=""text-align:center""><strong>5</strong></td><td><span class=""fontstyle0""> Roll <strong>four </strong></span><span class=""fontstyle2""><strong>d20</strong></span><span class=""fontstyle0""><strong>s</strong> and assign one to </span><span class=""fontstyle2""><strong>target </strong></span><span class=""fontstyle0"">and one to </span><span class=""fontstyle2""><strong>effect</strong></span><span class=""fontstyle0"">.</span> </td></tr></tbody></table><p> </p><p><span class=""fontstyle0"">When you create a mix, roll the amount of twenty-sided dice indicated by that mix, then assign one of those rolls to the </span><span class=""fontstyle2""><strong>target </strong></span>table (below) and one to the <span class=""fontstyle2""><strong>effect </strong></span>table (on the right). Discard all remaining dice, then describe the effects of the mix!</p><blockquote><p><span class=""fontstyle2""><em><strong>Example</strong>: </em></span><em>You spend 5 Inventory Points for a </em><span class=""fontstyle2""><em><strong>superior mix </strong></em></span><em>and roll four twenty-sided dice. You roll </em><span class=""fontstyle2""><em><strong>3</strong></em></span><em>, </em><span class=""fontstyle2""><em><strong>14</strong></em></span><em>, </em><span class=""fontstyle2""><em><strong>9 </strong></em></span><em>and </em><span class=""fontstyle2""><em><strong>4</strong></em></span><em>. You might assign </em><span class=""fontstyle2""><em><strong>14 </strong></em></span><em>to </em><span class=""fontstyle2""><em><strong>target</strong> </em></span><em>and </em><span class=""fontstyle2""><em><strong>9 </strong></em></span><em>to </em><span class=""fontstyle2""><em><strong>effect </strong></em></span><em>to grant yourself and all allies Resistance to </em><span class=""fontstyle2""><em><strong>air </strong></em></span><em>and </em><span class=""fontstyle2""><em><strong>fire</strong></em></span><em>; or you could go on the offensive and assign </em><span class=""fontstyle2""><em><strong>9 </strong></em></span><em>to <strong>target </strong>and </em><span class=""fontstyle2""><em><strong>4 </strong></em></span><em>to </em><span class=""fontstyle2""><em><strong>effect </strong></em></span><em>to deal </em><span class=""fontstyle2""><em><strong>bolt </strong></em></span><em>damage to a single enemy; or even assign </em><span class=""fontstyle2""><em><strong>9 </strong></em></span><em>to <strong>target </strong>and </em><span class=""fontstyle2""><em><strong>14 </strong></em></span><em>to </em><span class=""fontstyle2""><em><strong>effect </strong></em></span><em>to inflict four status effects on that foe!</em></p></blockquote><p><span class=""fontstyle0"">Whatever your choice, the two dice you don't assign will be discarded.</span></p><p><span class=""fontstyle0"">The two effects marked with ""</span><span class=""fontstyle2"">Any</span>"" on the <span class=""fontstyle2"">effect </span>table are always availabl<span class=""fontstyle0"">e and can be chosen if none of the available effects appeal to you. </span></p><p> </p><p><span class=""fontstyle0""><strong>TARGET</strong></span></p><table style=""width:96.0876%"" border=""1""><colgroup><col style=""width:14.2534%""></col><col style=""width:85.7502%""></col></colgroup><tbody><tr><td style=""text-align:center""><strong>Die</strong></td><td> <span class=""fontstyle0""><strong>The potion affects...</strong></span><strong> </strong></td></tr><tr><td style=""text-align:center""><strong>1-6</strong></td><td> <span class=""fontstyle0"">... you </span><span class=""fontstyle2""><strong>or </strong></span><span class=""fontstyle0"">one ally you can see that is present on the scene.</span> </td></tr><tr><td style=""text-align:center""><strong>7-11</strong></td><td> <span class=""fontstyle0"">... one enemy you can see that is present on the scene.</span> </td></tr><tr><td style=""text-align:center""><strong>12-16</strong></td><td> <span class=""fontstyle0"">... you </span><span class=""fontstyle2""><strong>and </strong></span><span class=""fontstyle0"">every ally present on the scene.</span> </td></tr><tr><td style=""text-align:center""><strong>17-20</strong></td><td> <span class=""fontstyle0"">... every enemy present on the scene.</span> </td></tr></tbody></table><p> </p><p><strong>EFFECT</strong></p><table style=""width:100%"" border=""1""><colgroup><col style=""width:9.24765%""></col><col style=""width:90.7524%""></col></colgroup><tbody><tr><td style=""text-align:center""><strong>Die</strong></td><td> <span class=""fontstyle0""><strong>Each creature affected by the potion...</strong></span><strong> </strong></td></tr><tr><td style=""text-align:center""><strong>Any</strong></td><td> <span class=""fontstyle0"">... suffers @DMG[20 poison]</span><span class=""fontstyle2""> </span><span class=""fontstyle0"">damage.</span></td></tr><tr><td style=""text-align:center""><strong>Any</strong></td><td> <span class=""fontstyle0"">... recovers @GAIN[30 hp].</span> </td></tr><tr><td style=""text-align:center""><strong>1</strong></td><td> <span class=""fontstyle0"">... treats their </span><span class=""fontstyle2""><strong>Dexterity</strong> (@EFFECT[dex-up]) </span><span class=""fontstyle0"">and </span><span class=""fontstyle2""><strong>Might </strong>(@EFFECT[mig-up]) </span><span class=""fontstyle0"">dice as if they were one size higher (up to a maximum of </span><span class=""fontstyle2""><strong>d12</strong></span><span class=""fontstyle0"">) until the end of your next turn.</span> </td><td><p></p></td><td><p></p></td></tr><tr><td style=""text-align:center""><strong>2</strong></td><td> ... treats their <strong>Insight </strong>(@EFFECT[ins-up]) and <strong>Willpower</strong> (@EFFECT[wlp-up]) dice as if they were one size higher (up to a maximum of <strong>d12</strong>) until the end of your next turn. </td><td><p></p></td><td><p></p></td></tr><tr><td style=""text-align:center""><strong>3</strong></td><td> <span class=""fontstyle0"">... suffers @DMG[20 air] damage. This amount increases to @DMG[30 air] damage if you are </span><span class=""fontstyle2""><strong>level 20 or higher</strong></span><span class=""fontstyle0"">, or to @DMG[40 air] damage if you are </span><span class=""fontstyle2""><strong>level 40 or higher</strong></span><span class=""fontstyle0"">.</span> </td></tr><tr><td style=""text-align:center""><strong>4</strong></td><td> ... suffers @DMG[20 bolt] damage. This amount increases to @DMG[30 bolt] damage if you are <strong>level 20 or higher</strong>, or to @DMG[40 bolt] damage if you are <strong>level 40 or higher</strong>. </td></tr><tr><td style=""text-align:center""><strong>5</strong></td><td> ... suffers @DMG[20 dark] damage. This amount increases to @DMG[30 dark] damage if you are <strong>level 20 or higher</strong>, or to @DMG[40 dark] damage if you are <strong>level 40 or higher</strong>. </td></tr><tr><td style=""text-align:center""><strong>6</strong></td><td> ... suffers @DMG[20 earth] damage. This amount increases to @DMG[30 earth] damage if you are <strong>level 20 or higher</strong>, or to @DMG[40 earth] damage if you are <strong>level 40 or higher</strong>. </td></tr><tr><td style=""text-align:center""><strong>7</strong></td><td> ... suffers @DMG[20 fire] damage. This amount increases to @DMG[30 fire] damage if you are <strong>level 20 or higher</strong>, or to @DMG[40 fire] damage if you are <strong>level 40 or higher</strong>. </td></tr><tr><td style=""text-align:center""><strong>8</strong></td><td> ... suffers @DMG[20 ice] damage. This amount increases to @DMG[30 ice] damage if you are <strong>level 20 or higher</strong>, or to @DMG[40 ice] damage if you are <strong>level 40 or higher</strong>. </td></tr><tr><td style=""text-align:center""><strong>9</strong></td><td> <span class=""fontstyle0"">... gains Resistance to </span><span class=""fontstyle2""><strong>air </strong>(</span>@TYPE[affinity air resistance]<span class=""fontstyle2"">)<strong> </strong></span><span class=""fontstyle0"">and </span><span class=""fontstyle2""><strong>fire </strong>(</span>@TYPE[affinity fire resistance]<span class=""fontstyle2"">)<strong> </strong></span><span class=""fontstyle0"">damage until the end of the scene.</span> </td></tr><tr><td style=""text-align:center""><strong>10</strong></td><td>  <span class=""fontstyle0"">... gains Resistance to </span><span class=""fontstyle2""><strong>bolt </strong>(</span>@TYPE[affinity bolt resistance]<span class=""fontstyle2"">) </span><span class=""fontstyle0"">and </span><span class=""fontstyle2""><strong>ice </strong>(</span>@TYPE[affinity ice resistance]<span class=""fontstyle2"">) damage until the end of the scene. </span></td></tr><tr><td style=""text-align:center""><strong>11</strong></td><td>  <span class=""fontstyle0"">... gains Resistance to </span><span class=""fontstyle2""><strong>dark</strong> (</span>@TYPE[affinity dark resistance]<span class=""fontstyle2"">)<strong> </strong></span><span class=""fontstyle0"">and </span><span class=""fontstyle2""><strong>earth </strong>(</span>@TYPE[affinity earth resistance]<span class=""fontstyle2"">) </span><span class=""fontstyle0"">damage until the end of the scene. </span></td></tr><tr><td style=""text-align:center""><strong>12</strong></td><td> <span class=""fontstyle0"">... suffers </span><span class=""fontstyle2"">@EFFECT[enraged]</span><span class=""fontstyle0"">.</span> </td></tr><tr><td style=""text-align:center""><strong>13</strong></td><td> <span class=""fontstyle0"">... suffers </span><span class=""fontstyle2"">@EFFECT[poisoned]</span><span class=""fontstyle0"">.</span> </td></tr><tr><td style=""text-align:center""><strong>14</strong></td><td> <span class=""fontstyle0"">... suffers </span><span class=""fontstyle2"">@EFFECT[dazed]</span><span class=""fontstyle0"">, </span><span class=""fontstyle2"">@EFFECT[shaken]</span><span class=""fontstyle0"">, </span><span class=""fontstyle2"">@EFFECT[slow], </span><span class=""fontstyle0"">and </span><span class=""fontstyle2"">@EFFECT[weak]</span><span class=""fontstyle0"">.</span> </td></tr><tr><td style=""text-align:center""><strong>15</strong></td><td> <span class=""fontstyle0"">... recovers from all status effects.</span> </td></tr><tr><td style=""text-align:center""><strong>16-17</strong></td><td> <span class=""fontstyle0"">... recovers @GAIN[50 hp] and @GAIN[50 mp]</span></td></tr><tr><td style=""text-align:center""><strong>18</strong></td><td> <span class=""fontstyle0"">... recovers @GAIN[100 hp]</span></td></tr><tr><td style=""text-align:center""><strong>19</strong></td><td> <span class=""fontstyle0"">... recovers @GAIN[100 mp]</span></td></tr><tr><td style=""text-align:center""><strong>20</strong></td><td> <span class=""fontstyle0"">... recovers @GAIN[100 hp] and @GAIN[100 mp]</span></td></tr></tbody></table><p> </p>",
INFUSION RULES,
"<h3>INFUSIONS</h3><p><span class=""fontstyle0""><strong>Also:</strong> </span><span class=""fontstyle2"">Arcane Ammunition, Blade Coatings, Combat Runes</span></p><hr /><p><span class=""fontstyle0"">When you successfully hit one or more targets with an attack, you may spend </span><span class=""fontstyle2"">@LOSS[2 ip]</span><span class=""fontstyle0""> to produce a special </span><strong>infusion </strong><span class=""fontstyle0"">and apply the corresponding effect to that attack (if the attack had the </span><strong>multi </strong><span class=""fontstyle0"">property, apply the effects of the infusion to each target).</span></p><hr /><p><span class=""fontstyle0"">You cannot apply more than one infusion to the same attack; producing and using an infusion are both part of the action you used to attack with the weapon.</span> </p><hr /><p><span class=""fontstyle2""><strong>BASIC INFUSIONS</strong></span></p><table style=""width:97.2093%"" border=""1""><colgroup><col style=""width:17.4333%""></col><col style=""width:82.4937%""></col></colgroup><tbody><tr><td><strong>INFUSIONS</strong></td><td> <strong>EFFECT</strong></td></tr><tr><td><strong>Cryo</strong></td><td> <span class=""fontstyle0"">The attack deals 5 extra damage, and its damage becomes </span><span class=""fontstyle2""><strong>ice </strong>@ICON[ice]</span><span class=""fontstyle0"">.</span> </td></tr><tr><td><strong>Pyro</strong></td><td> <span class=""fontstyle0"">The attack deals 5 extra damage, and its damage becomes </span><span class=""fontstyle2""><strong>fire </strong>@ICON[fire]</span><span class=""fontstyle0"">.</span> </td></tr><tr><td><strong>Volt</strong></td><td> <span class=""fontstyle0"">The attack deals 5 extra damage, and its damage becomes </span><span class=""fontstyle2""><strong>bolt </strong>@ICON[bolt]</span><span class=""fontstyle0"">.</span> </td></tr></tbody></table><p></p><p><strong>ADVANCED INFUSIONS</strong></p><table style=""width:96.5571%"" border=""1""><colgroup><col style=""width:17.2065%""></col><col style=""width:82.7935%""></col></colgroup><tbody><tr><td><strong>INFUSIONS</strong></td><td><strong> EFFECT</strong></td></tr><tr><td><strong>Cyclone</strong></td><td> <span class=""fontstyle0"">The attack deals 5 extra damage, and its damage becomes </span><span class=""fontstyle2""><strong>air</strong> @ICON[air]</span><span class=""fontstyle0"">.</span> </td></tr><tr><td><strong>Exorcism</strong></td><td> <span class=""fontstyle0"">The attack deals 5 extra damage, and its damage becomes </span><span class=""fontstyle2""><strong>light </strong>@ICON[light]</span><span class=""fontstyle0"">.</span> </td></tr><tr><td><strong>Seismic</strong></td><td> <span class=""fontstyle0"">The attack deals 5 extra damage, and its damage becomes </span><span class=""fontstyle2""><strong>earth </strong>@ICON[earth]</span><span class=""fontstyle0"">.</span> </td></tr><tr><td><strong>Shadow</strong></td><td> <span class=""fontstyle0"">The attack deals 5 extra damage, and its damage becomes </span><span class=""fontstyle2""><strong>dark</strong> @ICON[dark]</span><span class=""fontstyle0"">.</span> </td></tr></tbody></table><p> </p><p><strong>SUPERIOR INFUSIONS</strong></p><table style=""width:95.9311%"" border=""1""><colgroup><col style=""width:17.3909%""></col><col style=""width:82.6091%""></col></colgroup><tbody><tr><td><strong>INFUSIONS</strong></td><td><strong> EFFECT</strong></td></tr><tr><td><strong>Vampire</strong></td><td><p> Choose one option: you recover an amount of HP equal to half the HP loss suffered by the target of the attack; <strong>or</strong> you recover an amount of MP equal to half the HP loss suffered by the target of the attack. </p><p> This infusion can only be used if the attack targeted a <strong>single</strong> creature. </p></td></tr><tr><td><strong>Venom</strong></td><td> <span class=""fontstyle0"">The attack deals 5 extra damage, its damage becomes </span><span class=""fontstyle2""><strong>poison </strong>@ICON[poison]</span><span class=""fontstyle0"">, and each creature hit by the attack suffers </span><span class=""fontstyle2""><strong>poisoned</strong></span><span class=""fontstyle0"">.</span> </td></tr></tbody></table>",
MAGITECH RULES,
"<h3>MAGITECH</h3><p><strong>Also:</strong> Engineering, Golemcraft, Robotics.</p><hr /><p>This invention type grants a variety of different benefits.</p><hr /><p></p><h3>MAGITECH OVERRIDE (BASIC)</h3><p>Add the @UUID[Compendium.projectfu.skills.Item.aPfawWXZqKuHAAqj]{Magitech Override} feature to your character sheet.</p><p>You may use an action and spend @LOSS[10 mp] to perform an Opposed <strong>【INS + INS】 </strong>Check against a nearby <strong>soldier</strong>-rank <strong>construct </strong>you can see (the Game Master musttell you who is a valid target). If you succeed, you gain control of the creature untilthe end of the scene (the Game Master gives you its profile). You may only control <strong>one construct at any given time</strong>, but may set it free whenever you want; the <strong>construct </strong>is also set free as soon as it is harmed by you or by one of your allies. Once free, the construct is again in control of its actions and might turn against you.</p><p></p><h3>MAGICANNON (ADVANCED)</h3><p>Add the@UUID[Compendium.projectfu.consumables.Item.AbazTRyaMTW4ouhx]{Magicannon (Item)} to your character sheet.</p><p>You may perform the <strong>Inventory</strong> action and spend @LOSS[3 ip] Inventory Points to create a <strong>firearm</strong> weapon known as a <strong>magicannon</strong> (see below). The magicannon will crumble to pieces as soon as you use create a new magicannon. When you create a magicannon, choose the type of damage it deals (<strong>air, bolt, earth, fire, ice,</strong> or <strong>physical</strong>).</p><table border=""1""><colgroup><col></col><col></col><col></col><col></col></colgroup><tbody><tr><td><strong>WEAPON</strong></td><td><strong>ACCURACY</strong></td><td><strong>DAMAGE</strong></td><td><strong>QUALITIES</strong></td></tr><tr><td>Magicannon</td><td>【<span class=""fontstyle1"">DEX + INS】 +1</span></td><td>【<span class=""fontstyle1"">HR + 10】</span></td><td>Two-handed -Ranged -No Quality.</td></tr></tbody></table><p></p><h3>MAGISPHERES (SUPERIOR)</h3><p>Add three @UUID[Compendium.projectfu.consumables.Item.7dUU12f8IHa2tESo]{Magisphere (Superior)} to your character sheet.</p><p>You develop three magisphere prototypes; each of them can replicate a spell chosen from the following lists: <strong>Elementalist</strong>, <strong>Entropist </strong>and <strong>Spiritist</strong>. The spells you choose may come from the same list or different lists.</p><p>You also develop two more prototypes upon reaching <strong>level 20</strong>, and another two upon reaching <strong>level 40</strong> (the same applies if you already reached those levels).</p><p>You may perform the <strong>Inventory action</strong> and spend @LOSS[2 ip] to create a <strong>magisphere </strong>and immediately perform the <strong>Spell action for free</strong>, casting one ofthe spells you have developed a prototype for. The spell follows the normal rules(including MP costs and Magic Checks) and the magisphere is destroyed upon use.</p>",
GADGET VTT INSTRUCTIONS,
"<h6>GADGET - ALCHEMY</h6><ol><li><p>Add the following gadget to your character sheet: @UUID[Compendium.projectfu.skills.Item.SsR6UJXT65Q1qNO2]{Alchemy}</p></li><li><p>Import the following rollable tables to your world: @UUID[Compendium.projectfu.rollable-tables.RollTable.TvH7gOE0xQYeimUF]{Alchemy: Effect} and @UUID[Compendium.projectfu.rollable-tables.RollTable.vZa3GMOzrEVma2Hv]{Alchemy: Target}</p></li><li><p>Open the alchemy sheet and navigate to ""<strong>Config</strong>"" tab</p></li><li><p>Under ""<strong>Target Rollable Table</strong>"" select ""Alchemy: Target""</p></li><li><p>Under ""<strong>Effect Rollable Table</strong>"" select ""Alchemy: Effect""</p></li></ol><hr /><h6>GADGET - INFUSION</h6><ol><li><p>Add the following gadget to your character sheet: @UUID[Compendium.projectfu.skills.Item.1tfYFkiXLuTOUmre]{Infusion}</p></li><li><p>Perform an Accuracy Check like you'd normally do; <strong>roll</strong> a weapon.</p></li><li><p>In the chat message, right click, select ""Apply Infusion"", and select an infusion in the dialog menu.</p></li></ol><hr /><h6>GADGET - MAGITECH</h6><ol><li><p>Add the following gadget to your character sheet: @UUID[Compendium.projectfu.skills.Item.EmwWSYlFjlUSGPLL]{Magitech}</p></li><li><p>For <strong>basic</strong> rank, add the following item to your character sheet: @UUID[Compendium.projectfu.skills.Item.aPfawWXZqKuHAAqj]{Magitech Override}</p></li><li><p>For <strong>advanced</strong> rank, add the following item to your character sheet: @UUID[Compendium.projectfu.consumables.Item.AbazTRyaMTW4ouhx]{Magicannon (Item)}</p></li><li><p>For <strong>superior</strong> rank, pick  three spells from the following lists: @UUID[Compendium.projectfu.handouts.JournalEntry.hK8r8lsQNaknSqdq.JournalEntryPage.z1OeFUn5ckVmO5oW]{Elementalist Spells}, @UUID[Compendium.projectfu.handouts.JournalEntry.jZeTJrK0mFsRyz8S.JournalEntryPage.z1OeFUn5ckVmO5oW]{Entropist Spells}, and @UUID[Compendium.projectfu.handouts.JournalEntry.L65ajg6cmHEk3zAP.JournalEntryPage.z1OeFUn5ckVmO5oW]{Spiritist Spells}</p></li></ol>",
Heroic Skills,
HEROIC SKILLS,
"<p>When a Player Character masters a Class by bringing it to level 10, that character may acquire one <strong>Heroic</strong> <strong>Skill</strong> from the list below.</p><ul><li><p>Unless otherwise noted, each Heroic Skill may only be taken <strong>once</strong> — however, some Heroic Skills grow stronger as you reach certain levels.</p></li><li><p>Some Heroic Skills have <strong>requirements</strong> that must be fulfilled before you can acquire them, such as having mastered a specific Class.</p></li></ul><p>Have fun and experiment with Heroic Skills and create unique combinations!</p><p></p><h4><span style=""text-decoration:underline""><span style=""text-decoration:underline"">HEROIC SKILLS AVAILABLE TO ALL CHARACTERS</span></span></h4><table><tbody><tr><td><p>@UUID[Compendium.projectfu.heroic-skills.Item.wr1if7rQttzxelbV]{Ambidextrous}</p></td><td><p>Fight with two weapons of different categories.</p></td></tr><tr><td><p>@UUID[Compendium.projectfu.heroic-skills.Item.okxC0Vg7jOXrEg6V]{Extra HP}</p></td><td><p>Increase your maximum hit points.</p></td></tr><tr><td><p>@UUID[Compendium.projectfu.heroic-skills.Item.VwPy5u5mcj9xLF6T]{Extra MP}</p></td><td><p>Increase your maximum mind points.</p></td></tr><tr><td><p>@UUID[Compendium.projectfu.heroic-skills.Item.RSacdfMknVY24eCH]{Extra IP}</p></td><td><p>Increase your maximum Inventory points.</p></td></tr><tr><td><p>@UUID[Compendium.projectfu.heroic-skills.Item.eNGAXzS3LaIrSukF]{Extra Spells}</p></td><td><p>Learn two spells from a Class of your choice.</p></td></tr></tbody></table><p></p><h4><span style=""text-decoration:underline""><strong><span style=""text-decoration:underline"">HEROIC SKILLS WITH A CLASS MASTERY REQUIREMENT</span></strong></span></h4><table><tbody><tr><td data-colwidth=""187""><p><strong>Name</strong></p></td><td data-colwidth=""187""><p><strong>Class Mastery / Other Requirements</strong></p></td><td><p><strong>Summary</strong></p></td></tr><tr><td data-colwidth=""187""><p>@UUID[Compendium.projectfu.heroic-skills.Item.MoUQhgRVKo5HTqhl]{Adversity}</p></td><td data-colwidth=""187""><p><strong>Darkblade</strong></p></td><td><p>Status effects make you stronger.</p></td></tr><tr><td data-colwidth=""187""><p>@UUID[Compendium.projectfu.heroic-skills.Item.562YcXPjzRCWpeLh]{All You Can Eat}</p></td><td data-colwidth=""187""><p><strong>Gourmet</strong></p></td><td><p>Combine four ingredients into a <strong>delicacy</strong>.</p></td></tr><tr><td data-colwidth=""187""><p>@UUID[Compendium.projectfu.heroic-skills.Item.m5uGvbpdVfRmALod]{Arcane Echoes}</p></td><td data-colwidth=""187""><p><strong>Arcanist</strong></p></td><td><p>Arcana help you influence Clocks.</p></td></tr><tr><td data-colwidth=""187""><p>@UUID[Compendium.projectfu.heroic-skills.Item.hH6SHCiX0HAdXugI]{Arcane Mark}</p></td><td data-colwidth=""187""><p><strong>1</strong> or more among <strong>Sharpshooter, Symbolist, </strong>and <strong>Weaponmaster</strong></p></td><td><p>Improve spells' critical chance with arcane weapons.</p></td></tr><tr><td data-colwidth=""187""><p>@UUID[Compendium.projectfu.heroic-skills.Item.E3OppAz7I4f0g19B]{Arcane Soldier}</p></td><td data-colwidth=""187""><p><strong>1 </strong>or more among <strong>Elementalist, Sharpshooter, </strong>and <strong>Weaponmaster</strong>; must know at least two <strong>offensive </strong>@ICON[offensive]<strong> spells.</strong></p></td><td><p>Perform a free attack against a target, then immediately cast an offensive spell against them.</p></td></tr><tr><td data-colwidth=""187""><p>@UUID[Compendium.projectfu.heroic-skills.Item.DVaiA90aHgq9gPYI]{Auramancer's Refraction}</p></td><td data-colwidth=""187""><p><strong>1 or more among Arcanist and Spiritist</strong></p></td><td><p>Improves <strong>Aura</strong> and <strong>Barrier</strong>, and punishes enemies who damage protected targets.</p></td></tr><tr><td data-colwidth=""187""><p>@UUID[Compendium.projectfu.heroic-skills.Item.HsdYyIcbdvcleXQP]{Bend Magic}</p></td><td data-colwidth=""187""><p><strong>1 </strong>or more among <strong>Elementalist, Entropist, Invoker, Symbolist</strong></p></td><td><p>React to enemy spells with your <strong>invocations</strong>.</p></td></tr><tr><td data-colwidth=""187""><p>@UUID[Compendium.projectfu.heroic-skills.Item.sx1dhJqczTT4UkYw]{Bimagus}</p></td><td data-colwidth=""187""><p><strong>2 </strong>or more among <strong>Elementalist, Spiritist, </strong>and <strong>Entropist; Level</strong> <strong>30</strong> <strong>or higher.</strong></p></td><td><p>Cast one spell right after another, saving MP.</p></td></tr><tr><td data-colwidth=""187""><p>@UUID[Compendium.projectfu.heroic-skills.Item.iTh63cnp8IVawDwH]{Birth of the Cruel}</p></td><td data-colwidth=""187""><p><strong>Necromancer</strong></p></td><td><p>Turn a dead NPC into a Minion.</p></td></tr><tr><td data-colwidth=""187""><p>@UUID[Compendium.projectfu.heroic-skills.Item.OSJ4PCp6GmSnLaS3]{Black &amp; White}</p></td><td data-colwidth=""187""><p><strong>1 </strong>or more among <strong>Ace of Cards, Darkblade, Entropist, </strong>and <strong>Spiritist; </strong>must have acquired the <strong>Magic Cards</strong> Skill.</p></td><td><p>Modify your Double Trouble Set; Jokers become stronger.</p></td></tr><tr><td data-colwidth=""187""><p>@UUID[Compendium.projectfu.heroic-skills.Item.s316rQUTr3lgeTx7]{Blade Adept}</p></td><td data-colwidth=""187""><p><strong>1 </strong>or more among <strong>Rogue</strong> and <strong>Weaponmaster</strong></p></td><td><p>Gain bonuses with daggers and treat them as brawling, sword, and thrown weapons.</p></td></tr><tr><td data-colwidth=""187""><p>@UUID[Compendium.projectfu.heroic-skills.Item.iZIhU35ZCZ1zrbfL]{Brainwave Discharge}</p></td><td data-colwidth=""187""><p><strong>Esper</strong></p></td><td><p>Erase your <strong>Brainwave</strong> <strong>Clock</strong> and deal damage.</p></td></tr><tr><td data-colwidth=""187""><p>@UUID[Compendium.projectfu.heroic-skills.Item.FvqC34UYxD3O2bFt]{Brambleheart}</p></td><td data-colwidth=""187""><p><strong>1 </strong>or more among <strong>Darkblade</strong> and <strong>Floralist; </strong>must have acquired the <strong>Chloromancy </strong>Skills.</p></td><td><p>Your brambles protect you and react to enemy attacks.</p></td></tr><tr><td data-colwidth=""187""><p>@UUID[Compendium.projectfu.heroic-skills.Item.eOGrMEqq2sBta0AN]{Brave Bash}</p></td><td data-colwidth=""187""><p><strong>1 </strong>or more among <strong>Commander, Fury, Guardian, Pilot, Weaponmaster</strong></p></td><td><p>Use <strong>Bone Crusher</strong> to challenge foes with a shield, then deal additional damage.</p></td></tr><tr><td data-colwidth=""187""><p>@UUID[Compendium.projectfu.heroic-skills.Item.ap1qHpIHqNFIKTsT]{Bullet Break}</p></td><td data-colwidth=""187""><p><strong>Sharpshooter; </strong>must have acquired the <strong>Crossfire</strong> Skill.</p></td><td><p>Counterattack with firearms after using <strong>Crossfire.</strong></p></td></tr><tr><td data-colwidth=""187""><p>@UUID[Compendium.projectfu.heroic-skills.Item.RD8MoXlaZMNolEnN]{Bullet Time}</p></td><td data-colwidth=""187""><p><strong>1 </strong>or more among <strong>Entropist </strong>and <strong>Rogue;</strong> must have acquired one or more Skills among <strong>Dodge</strong> and <strong>Stolen Time.</strong></p></td><td><p>Gain several benefits from <strong>Dodge</strong> and <strong>Stolen Time.</strong></p></td></tr><tr><td data-colwidth=""187""><p>@UUID[Compendium.projectfu.heroic-skills.Item.6xjSns6UPuZcIbXs]{Card Vanguard}</p></td><td data-colwidth=""187""><p><strong>Ace of Cards;</strong> must have acquired the <strong>Magic Cards </strong>Skill.</p></td><td><p>Place cards as Vanguard Cards.</p></td></tr><tr><td data-colwidth=""187""><p>@UUID[Compendium.projectfu.heroic-skills.Item.sSq9Z065pczkdBLZ]{Ceaseless Battlefield}</p></td><td data-colwidth=""187""><p><strong>Commander</strong></p></td><td><p>Halve the MP cost of Commander Skills.</p></td></tr><tr><td data-colwidth=""187""><p>@UUID[Compendium.projectfu.heroic-skills.Item.cSzzcGmQur0Zo6R5]{Cheer Up!}</p></td><td data-colwidth=""187""><p><strong>1 </strong>or more among <strong>Chanter, Esper, Orator; </strong>must have acquired the <strong>My Trust in You </strong>Skills.</p></td><td><p>Improves <strong>My Trust in You</strong>.</p></td></tr><tr><td data-colwidth=""187""><p>@UUID[Compendium.projectfu.heroic-skills.Item.S64viyPBB8VsH9cQ]{Chimeric Mastery}</p></td><td data-colwidth=""187""><p><strong>Chimerist</strong></p></td><td><p>Learn spells from new Species and increase spell limit.</p></td></tr><tr><td data-colwidth=""187""><p>@UUID[Compendium.projectfu.heroic-skills.Item.nmeZ2ukzybP0lpR9]{Chimeric Soul}</p></td><td data-colwidth=""187""><p><strong>1 </strong>or more among <strong>Chimerist</strong> and <strong>Mutant; </strong>must have acquired the <strong>Spell Mimic</strong> Skills.</p></td><td><p>Casting Chimerist <strong>spells</strong> grant benefits based on the Species.</p></td></tr><tr><td data-colwidth=""187""><p>@UUID[Compendium.projectfu.heroic-skills.Item.IgteRExMGSKQwg1G]{Clean Slate}</p></td><td data-colwidth=""187""><p><strong>Symbolist</strong></p></td><td><p>Remove spells and status effects from creatures.</p></td></tr><tr><td data-colwidth=""187""><p>@UUID[Compendium.projectfu.heroic-skills.Item.KLo8fztm26jzY2Zn]{Cleansing Moonlight}</p></td><td data-colwidth=""187""><p><strong>1 </strong>or more among <strong>Entropist</strong> and<strong> Spiritist</strong></p></td><td><p>Your <strong>spells</strong> can remove status effects and spells from targets.</p></td></tr><tr><td data-colwidth=""187""><p>@UUID[Compendium.projectfu.heroic-skills.Item.zggGDIOSuvO8uzHg]{Comet}</p></td><td data-colwidth=""187""><p><strong>Entropist</strong></p></td><td><p>Learn the <strong>Comet</strong> spell.</p></td></tr><tr><td data-colwidth=""187""><p>@UUID[Compendium.projectfu.heroic-skills.Item.18sj4s6SHmfIicUj]{Decoy Bait}</p></td><td data-colwidth=""187""><p><strong>Sharpshooter; </strong>must have acquired the <strong>Hawkeye </strong>Skill.</p></td><td><p><strong>Hawkeye</strong> creates a decoy and grants a punishing attack.</p></td></tr><tr><td data-colwidth=""187""><p>@UUID[Compendium.projectfu.heroic-skills.Item.ca4n2hFwIzfP4F12]{Deep Pockets}</p></td><td data-colwidth=""187""><p><strong>Tinkerer</strong></p></td><td><p>Reduce Inventory Point costs.</p></td></tr><tr><td data-colwidth=""187""><p>@UUID[Compendium.projectfu.heroic-skills.Item.pcqTER5q2Mrcq0r4]{Disarming Rhetoric}</p></td><td data-colwidth=""187""><p><strong>Orator</strong></p></td><td><p>Persuade enemies to retreat.</p></td></tr><tr><td data-colwidth=""187""><p>@UUID[Compendium.projectfu.heroic-skills.Item.ibuohUO9YHDIId4x]{Double Arrow}</p></td><td data-colwidth=""187""><p><strong>1 </strong>or more among <strong>Commander</strong> and <strong>Sharpshooter</strong></p></td><td><p>Attack twice with bows.</p></td></tr><tr><td data-colwidth=""187""><p>@UUID[Compendium.projectfu.heroic-skills.Item.jdhnFWPhnFtLRLe8]{Dreamslice}</p></td><td data-colwidth=""187""><p><strong>1 </strong>or more among <strong>Darkblade </strong>and <strong>Esper</strong>; must have acquired the <strong>Shadow Strike </strong>skill.</p></td><td><p><strong>Shadow Strike</strong> reduces MP and causes action loss with swords.</p></td></tr><tr><td data-colwidth=""187""><p>@UUID[Compendium.projectfu.heroic-skills.Item.ngt7aBn7AykfzJDg]{Duel Master}</p></td><td data-colwidth=""187""><p><strong>1 </strong>or more among <strong>Ace of Cards, Fury, Rogue, Sharpshooter, </strong>and <strong>Weaponmaster; </strong>must have acquired the <strong>Magic Cards</strong> Skill.</p></td><td><p>Your <strong>Magic Pairs</strong> enhance your attacks.</p></td></tr><tr><td data-colwidth=""187""><p>@UUID[Compendium.projectfu.heroic-skills.Item.3Fxytf91dQuKMn74]{Dynamic Synchronization}</p></td><td data-colwidth=""187""><p><strong>Pilot</strong></p></td><td><p>Synchronize with another pilot or passenger to join forces.</p></td></tr><tr><td data-colwidth=""187""><p>@UUID[Compendium.projectfu.heroic-skills.Item.mYZHKPvfVmvZ4vNy]{Ephemeral Tranquility}</p></td><td data-colwidth=""187""><p><strong>1 </strong>or more among <strong>Dancer, Esper, Rogue, Spiritist, Symbolist</strong></p></td><td><p>Improves <strong>Hallucination</strong> and <strong>Torpor</strong>, and cleanses status effects to cause HP loss.</p></td></tr><tr><td data-colwidth=""187""><p>@UUID[Compendium.projectfu.heroic-skills.Item.6bLqejGbDDsGTj93]{Fast Rituals}</p></td><td data-colwidth=""187""><p><strong>1 </strong>or more among <strong>Chimerist, Elementalist, Entropist, </strong>and <strong>Spiritist</strong></p></td><td><p>Reduce the number of sections for Ritual Clocks in conflicts.</p></td></tr><tr><td data-colwidth=""187""><p>@UUID[Compendium.projectfu.heroic-skills.Item.W1UsYgp1MDCKkOV0]{Fleeting Moment}</p></td><td data-colwidth=""187""><p><strong>Weaponmaster</strong></p></td><td><p>Add High Roll when you <strong>Counterattack</strong> with a sword.</p></td></tr><tr><td data-colwidth=""187""><p>@UUID[Compendium.projectfu.heroic-skills.Item.VUOVB6ej86Ml3d1j]{Fitcast}</p></td><td data-colwidth=""187""><p><strong>1 </strong>or more among <strong>Chimerist, Darkblade, Esper, Fury, Wayfarer</strong></p></td><td><p>Use <strong>Might</strong> for Magic Checks, and treat weapons relying on <strong>Might</strong> as being <strong>arcane</strong>.</p></td></tr><tr><td data-colwidth=""187""><p>@UUID[Compendium.projectfu.heroic-skills.Item.UhjNswMk6idkCg0c]{Forbidden Rite}</p></td><td data-colwidth=""187""><p><strong>1 </strong>or more among <strong>Ace of Cards </strong>and <strong>Arcanist</strong>;</p></td><td><p>Gain access to the <strong>Forbidden</strong> <strong>Monarch</strong> set. Your discards grant you strength.</p></td></tr><tr><td data-colwidth=""187""><p>@UUID[Compendium.projectfu.heroic-skills.Item.KT1FGhqeq1MYkrtJ]{For a Better Future}</p></td><td data-colwidth=""187""><p><strong>Merchant; </strong>must have acquired the <strong>Real Treasure</strong> and <strong>Winds of Trade</strong> Skills.</p></td><td><p>Use <strong>Trade Points</strong> instead of Fabula Points and improve settlements with donations.</p></td></tr><tr><td data-colwidth=""187""><p>@UUID[Compendium.projectfu.heroic-skills.Item.mRwuLhNrlBLPKvoB]{Grand Summoning}</p></td><td data-colwidth=""187""><p><strong>Arcanist; Level 30 or higher.</strong></p></td><td><p>Summon Arcana as creatures.</p></td></tr><tr><td data-colwidth=""187""><p>@UUID[Compendium.projectfu.heroic-skills.Item.JkU2SSeR5kMcDIXQ]{Greater Akromorphosis}</p></td><td data-colwidth=""187""><p><strong>Mutant; </strong>must have acquired the <strong>Akromorphosis </strong>Skill.</p></td><td><p>Gain different benefits based on the Category of your unarmed strikes.</p></td></tr><tr><td data-colwidth=""187""><p>@UUID[Compendium.projectfu.heroic-skills.Item.Q2Xiuen9jKw7CEpW]{Greater Chloromancy}</p></td><td data-colwidth=""187""><p><strong>Floralist</strong></p></td><td><p>Increase <strong>magiseed</strong> effects and manipulate vegetation.</p></td></tr><tr><td data-colwidth=""187""><p>@UUID[Compendium.projectfu.heroic-skills.Item.gMC0t7NhWgv6BTcl]{Greater Ecdysis}</p></td><td data-colwidth=""187""><p><strong>Mutant; </strong>must have acquired the <strong>Ecdysis </strong>Skill.</p></td><td><p><strong>Ecdysis</strong> allows you to end status effects and spells.</p></td></tr><tr><td data-colwidth=""187""><p>@UUID[Compendium.projectfu.heroic-skills.Item.vwygOswBPj5vyiWN]{Greater Theriomorphosis}</p></td><td data-colwidth=""187""><p><strong>Mutant; </strong>must have acquired the <strong>Theriomorphosis </strong>Skill.</p></td><td><p>Act after <strong>Theriomorphosis.</strong></p></td></tr><tr><td data-colwidth=""187""><p>@UUID[Compendium.projectfu.heroic-skills.Item.nm6Ec7nbsrNlRZCf]{Green Thumb}</p></td><td data-colwidth=""187""><p><strong>Floralist</strong></p></td><td><p>Quicken or delay the growth of your <strong>magiseeds</strong>.</p></td></tr><tr><td data-colwidth=""187""><p>@UUID[Compendium.projectfu.heroic-skills.Item.pqT5C8ap91WD7TDf]{Harvester of Sorrow}</p></td><td data-colwidth=""187""><p><strong>1 </strong>or more among <strong>Entropist </strong>and <strong>Necromancer; </strong>must have acquired both the <strong>Drain Spirit </strong>and <strong>Drain Vigor</strong> spells.</p></td><td><p>Increase the potency of <strong>Drain</strong> spells.</p></td></tr><tr><td data-colwidth=""187""><p>@UUID[Compendium.projectfu.heroic-skills.Item.8Djx8D9cU36qHQYz]{Heartbreaker}</p></td><td data-colwidth=""187""><p><strong>Darkblade</strong></p></td><td><p>Sacrifice HP for massive damage.</p></td></tr><tr><td data-colwidth=""187""><p>@UUID[Compendium.projectfu.heroic-skills.Item.BD2TjjMN3s8DfZEu]{Heroic Companion}</p></td><td data-colwidth=""187""><p><strong>Wayfarer</strong></p></td><td><p>Your <strong>Faithful Companion</strong> grows stronger.</p></td></tr><tr><td data-colwidth=""187""><p>@UUID[Compendium.projectfu.heroic-skills.Item.IMg6ssWeH5hyBtIi]{Hit the Nerve}</p></td><td data-colwidth=""187""><p><strong>1 </strong>or more among <strong>Chanter </strong>and <strong>Orator;</strong> must have acquired the <strong>Condemn</strong> Skill.</p></td><td><p>Use <strong>Condemn</strong> to inﬂict <strong>enraged</strong> and gain beneﬁts against <strong>enraged</strong> creatures.</p></td></tr><tr><td data-colwidth=""187""><p>@UUID[Compendium.projectfu.heroic-skills.Item.kAoA3OAXH6E6tt9I]{Hope}</p></td><td data-colwidth=""187""><p><strong>Spiritist</strong></p></td><td><p>Learn the <strong>Hope </strong>spell.</p></td></tr><tr><td data-colwidth=""187""><p>@UUID[Compendium.projectfu.heroic-skills.Item.sEXgOpgUF00z55Y3]{Hoplite}</p></td><td data-colwidth=""187""><p><strong>1 </strong>or more among <strong>Commander</strong> or <strong>Guardian</strong></p></td><td><p>Strengthen attacks when you fight with weapon and shield.</p></td></tr><tr><td data-colwidth=""187""><p>@UUID[Compendium.projectfu.heroic-skills.Item.FPzCCSJAdIwVLVqB]{Inner Wellspring}</p></td><td data-colwidth=""187""><p><strong>Invoker</strong></p></td><td><p>Carry an elemental <strong>wellspring</strong> of your choice within yourself.</p></td></tr><tr><td data-colwidth=""187""><p>@UUID[Compendium.projectfu.heroic-skills.Item.9ga5k07i5o6nEE1c]{Iron Forest}</p></td><td data-colwidth=""187""><p><strong>1 </strong>or more among <strong>Commander</strong> or <strong>Weaponmaster</strong></p></td><td><p>Force enemies to spend MP to act after hitting with a spear.</p></td></tr><tr><td data-colwidth=""187""><p>@UUID[Compendium.projectfu.heroic-skills.Item.dwmA3TWb8Ya3VSDZ]{Magic Guard}</p></td><td data-colwidth=""187""><p><strong>1 </strong>or more among <strong>Chimerist, Elementalist, Entropist</strong> or <strong>Spiritist</strong></p></td><td><p>Negate enemy spells while you are in <strong>Guard.</strong></p></td></tr><tr><td data-colwidth=""187""><p>@UUID[Compendium.projectfu.heroic-skills.Item.p8vmh280ByFh88tK]{Make it or Break it}</p></td><td data-colwidth=""187""><p><strong>1 </strong>or more among <strong>Darkblade </strong>and <strong>Fury.</strong></p></td><td><p>Double the HR of an attack but risk damaging the weapon.</p></td></tr><tr><td data-colwidth=""187""><p>@UUID[Compendium.projectfu.heroic-skills.Item.oedqQdAvlhW6VCPh]{Mathemagic}</p></td><td data-colwidth=""187""><p><strong>Loremaster</strong></p></td><td><p>Extend single target spells.</p></td></tr><tr><td data-colwidth=""187""><p>@UUID[Compendium.projectfu.heroic-skills.Item.8vzHUmPg4Cksad7D]{Mimeoclepsis}</p></td><td data-colwidth=""187""><p><strong>1 </strong>or more among <strong>Chimerist </strong>and <strong>Mutant; </strong>must have acquired the <strong>Genoclepsis </strong>and <strong>Spell Mimic </strong>Skills.</p></td><td><p>Learn spells through the Mutant's <strong>Genoclepsis.</strong></p></td></tr><tr><td data-colwidth=""187""><p>@UUID[Compendium.projectfu.heroic-skills.Item.zwoUkVKrKQHZzVHV]{Monkey Grip}</p></td><td data-colwidth=""187""><p><strong>Fury</strong></p></td><td><p>Equip some two-handed weapons in a single-hand slot.</p></td></tr><tr><td data-colwidth=""187""><p>@UUID[Compendium.projectfu.heroic-skills.Item.2bYmGoMPJ8jNP8hP]{Nebulization}</p></td><td data-colwidth=""187""><p><strong>Tinkerer; </strong>must have acquired the <strong>advanced Alchemy</strong> benefit from the <strong>Gadget </strong>Skill.</p></td><td><p>Your potions are strengthened by repeated use.</p></td></tr><tr><td data-colwidth=""187""><p>@UUID[Compendium.projectfu.heroic-skills.Item.nvR7qGeOaTNe4F9n]{Overload Burst}</p></td><td data-colwidth=""187""><p><strong>Pilot; </strong>must have acquired the <strong>Compression Tech</strong> Skill.</p></td><td><p>Perform an additional action, then leave the vehicle.</p></td></tr><tr><td data-colwidth=""187""><p>@UUID[Compendium.projectfu.heroic-skills.Item.h8keSqFfvEilNhF7]{Paso Doble}</p></td><td data-colwidth=""187""><p><strong>Dancer</strong></p></td><td><p>Ignore the MP cost of <strong>Follow My Lead</strong> when you are in Crisis.</p></td></tr><tr><td data-colwidth=""187""><p>@UUID[Compendium.projectfu.heroic-skills.Item.ZfAZkP1rc6RrFjre]{Perfect Aim}</p></td><td data-colwidth=""187""><p><strong>Sharpshooter</strong></p></td><td><p>Choose two options when using <strong>Warning Shot.</strong></p></td></tr><tr><td data-colwidth=""187""><p>@UUID[Compendium.projectfu.heroic-skills.Item.ZwYXOZJHtRxsmHXl]{Pillage}</p></td><td data-colwidth=""187""><p><strong>Rogue</strong></p></td><td><p>Steal from multiple creatures.</p></td></tr><tr><td data-colwidth=""187""><p>@UUID[Compendium.projectfu.heroic-skills.Item.2BCHomNzOGzj2SNa]{Power Chord}</p></td><td data-colwidth=""187""><p><strong>Dancer</strong></p></td><td><p>Improve allies’ critical success chance with songs.</p></td></tr><tr><td data-colwidth=""187""><p>Take a little nap during a conflict to regain your energies.</p></td><td data-colwidth=""187""><p><strong>1 </strong>or more among <strong>Guardian, Merchant, Wayfarer</strong></p></td><td><p>Take a little nap during a conflict to regain your energies.</p></td></tr><tr><td data-colwidth=""187""><p>@UUID[Compendium.projectfu.heroic-skills.Item.LDgRVXFVnUdJTvit]{Powerful Shot}</p></td><td data-colwidth=""187""><p><strong>Sharpshooter</strong></p></td><td><p>Deal extra damage at range.</p></td></tr><tr><td data-colwidth=""187""><p>@UUID[Compendium.projectfu.heroic-skills.Item.lYKani6s0f2C8vqA]{Powerful Spell}</p></td><td data-colwidth=""187""><p><strong>1 </strong>or more among <strong>Chimerist, Elementalist, Entropist</strong> and <strong>Spiritist</strong></p></td><td><p>Deal extra damage with spells.</p></td></tr><tr><td data-colwidth=""187""><p>@UUID[Compendium.projectfu.heroic-skills.Item.BsWM80bfvYRZjbED]{Powerful Strike}</p></td><td data-colwidth=""187""><p><strong>1 </strong>or more among <strong>Fury </strong>and <strong>Weaponmaster</strong></p></td><td><p>Deal extra damage in melee.</p></td></tr><tr><td data-colwidth=""187""><p>@UUID[Compendium.projectfu.heroic-skills.Item.r6EWpIcwbMmH3u42]{Predictable!}</p></td><td data-colwidth=""187""><p><strong>Loremaster</strong></p></td><td><p>Force an enemy to spend MP to perform specific actions.</p></td></tr><tr><td data-colwidth=""187""><p>@UUID[Compendium.projectfu.heroic-skills.Item.3h38Nob5B8AWsexP]{Psychic Field}</p></td><td data-colwidth=""187""><p><strong>Esper</strong></p></td><td><p>Extend some of your psychic gifts to your allies.</p></td></tr><tr><td data-colwidth=""187""><p>@UUID[Compendium.projectfu.heroic-skills.Item.rbs7azAWkb9MwSXi]{Pulse of the Maggots}</p></td><td data-colwidth=""187""><p><strong>Necromancer</strong></p></td><td><p><strong>Grave</strong> <strong>Points</strong> modify your <strong>Affinities</strong>.</p></td></tr><tr><td data-colwidth=""187""><p>@UUID[Compendium.projectfu.heroic-skills.Item.DppL1AyvffBGbjDM]{Pulverizing Strike}</p></td><td data-colwidth=""187""><p><strong>1 </strong>or more among <strong>Darkblade, Fury</strong> and <strong>Weaponmaster</strong></p></td><td><p><strong>Breach</strong> deals more damage with heavy weapons.</p></td></tr><tr><td data-colwidth=""187""><p>@UUID[Compendium.projectfu.heroic-skills.Item.7X5Douk1Esbc0LJf]{Quantum Magicannon}</p></td><td data-colwidth=""187""><p><strong>Tinkerer; </strong>must have acquired the <strong>advanced Magitech </strong>benefit from the <strong>Gadget</strong> Skill.</p></td><td><p>Improve your magicannon and use it for an explosive attack.</p></td></tr><tr><td data-colwidth=""187""><p>@UUID[Compendium.projectfu.heroic-skills.Item.6UzPwOYtyU0inH48]{Quick Scan}</p></td><td data-colwidth=""187""><p><strong>Loremaster</strong></p></td><td><p>Examine multiple creatures.</p></td></tr><tr><td data-colwidth=""187""><p>@UUID[Compendium.projectfu.heroic-skills.Item.RhoZgyaCPn1IPixe]{Rampart}</p></td><td data-colwidth=""187""><p><strong>Guardian</strong></p></td><td><p>Resist damage and status effects during the first round.</p></td></tr><tr><td data-colwidth=""187""><p>@UUID[Compendium.projectfu.heroic-skills.Item.qi4qlidm2Dg7R99X]{Repetition}</p></td><td data-colwidth=""187""><p><strong>Orator</strong></p></td><td><p><strong>Condemn </strong>or <strong>Encourage</strong> twice.</p></td></tr><tr><td data-colwidth=""187""><p>@UUID[Compendium.projectfu.heroic-skills.Item.tY6Y0EW7JPP80flT]{Revelation}</p></td><td data-colwidth=""187""><p><strong>Arcanist</strong></p></td><td><p>Bind a previously unknown Arcanum, and improve dismiss effects.</p></td></tr><tr><td data-colwidth=""187""><p>@UUID[Compendium.projectfu.heroic-skills.Item.8tBwzNz4egN1Lu4L]{Rising Tide}</p></td><td data-colwidth=""187""><p><strong>1 </strong>or more among <strong>Fury</strong> and <strong>Weaponmaster</strong></p></td><td><p>Gain benefits for consecutive attacks with brawling weapons.</p></td></tr><tr><td data-colwidth=""187""><p>@UUID[Compendium.projectfu.heroic-skills.Item.kxGTMBIvlLKM50Wa]{Ritual Seals}</p></td><td data-colwidth=""187""><p><strong>Symbolist</strong></p></td><td><p>Place Rituals into seals with contingency activations.</p></td></tr><tr><td data-colwidth=""187""><p>@UUID[Compendium.projectfu.heroic-skills.Item.A0NEGshlzb52Tv7h]{Showstopper}</p></td><td data-colwidth=""187""><p><strong>Dancer</strong></p></td><td><p>Perform three dances, then take a temporary break.</p></td></tr><tr><td data-colwidth=""187""><p>@UUID[Compendium.projectfu.heroic-skills.Item.v2oHTRDdfnDEXURD]{Side by Side}</p></td><td data-colwidth=""187""><p><strong>Wayfarer; </strong>must have acquired the <strong>Faithful Companion</strong> Skills.</p></td><td><p>Improve your synergy with your <strong>Faithful Companion</strong>.</p></td></tr><tr><td data-colwidth=""187""><p>@UUID[Compendium.projectfu.heroic-skills.Item.1jiLF3jy7eEinL1k]{Silent Hunter}</p></td><td data-colwidth=""187""><p><strong>1 </strong>or more among <strong>Rogue, Sharpshooter, Weaponmaster; </strong>must have acquired the <strong>High Speed</strong> Skills.</p></td><td><p>Improve <strong>High Speed</strong> with <strong>bows</strong>, <strong>spears</strong>, and <strong>thrown</strong> weapons, and deny <strong>free attacks</strong>.</p></td></tr><tr><td data-colwidth=""187""><p>@UUID[Compendium.projectfu.heroic-skills.Item.1wnsaeyJ46ElqvPX]{Skillful Dosage}</p></td><td data-colwidth=""187""><p><strong>1 </strong>or more among <strong>Gourmet, Loremaster, Merchant, Tinkerer</strong></p></td><td><p><strong>Delicacies</strong>, <strong>potions</strong> and <strong>spells</strong> heal above maximum HP and MP.</p></td></tr><tr><td data-colwidth=""187""><p>@UUID[Compendium.projectfu.heroic-skills.Item.HMQApiczSy0sas6z]{Specialty of the House}</p></td><td data-colwidth=""187""><p><strong>Gourmet</strong></p></td><td><p>Prepare a unique <strong>delicacy</strong> with alternative effects.</p></td></tr><tr><td data-colwidth=""187""><p>@UUID[Compendium.projectfu.heroic-skills.Item.aFS46NM5EYoywktL]{Status Immunity}</p></td><td data-colwidth=""187""><p><strong>Wayfarer</strong></p></td><td><p>Ignore a status effect.</p></td></tr><tr><td data-colwidth=""187""><p>@UUID[Compendium.projectfu.heroic-skills.Item.m6MWTDpEJqEMAb5a]{Steel Witch}</p></td><td data-colwidth=""187""><p><strong>Pilot</strong></p></td><td><p>Gain beneﬁts when you cast spells on a personal vehicle</p></td></tr><tr><td data-colwidth=""187""><p>@UUID[Compendium.projectfu.heroic-skills.Item.LaGJKkBP3v61ra1v]{Strength of Five Wellsprings}</p></td><td data-colwidth=""187""><p><strong>Invoker</strong></p></td><td><p>Invocations improve Attributes.</p></td></tr><tr><td data-colwidth=""187""><p>@UUID[Compendium.projectfu.heroic-skills.Item.8Y5cFfBejJdnj9bb]{Spider’s Web}</p></td><td data-colwidth=""187""><p><strong>Weaponmaster</strong></p></td><td><p>Attack twice with flails.</p></td></tr><tr><td data-colwidth=""187""><p>@UUID[Compendium.projectfu.heroic-skills.Item.WKJ4ZSPBnlg4U3qt]{Swirling Swarm}</p></td><td data-colwidth=""187""><p><strong>1 </strong>or more among <strong>Dancer, Fury, </strong>and <strong>Sharpshooter</strong></p></td><td><p>Gain benefits for consecutive attacks with thrown weapons.</p></td></tr><tr><td data-colwidth=""187""><p>@UUID[Compendium.projectfu.heroic-skills.Item.MNSD1FKJfOk8BCKr]{Tabula Rasa}</p></td><td data-colwidth=""187""><p><strong>Commander</strong></p></td><td><p>Your Skills cause HP loss in <strong>Crisis</strong>.</p></td></tr><tr><td data-colwidth=""187""><p>@UUID[Compendium.projectfu.heroic-skills.Item.eRWAdOPqb5aU9k9x]{Tempest Strike}</p></td><td data-colwidth=""187""><p><strong>Weaponmaster</strong></p></td><td><p>Concentrate <strong>multi</strong> attacks on a single target.</p></td></tr><tr><td data-colwidth=""187""><p>@UUID[Compendium.projectfu.heroic-skills.Item.HEOsMRPIujE75Sll]{Theme Song}</p></td><td data-colwidth=""187""><p><strong>Chanter</strong></p></td><td><p>Gain a Theme Song with a variety of benefits.</p></td></tr><tr><td data-colwidth=""187""><p>@UUID[Compendium.projectfu.heroic-skills.Item.awqSSh3rbNZW8L5V]{Triple Slash}</p></td><td data-colwidth=""187""><p><strong>1 </strong>or more among <strong>Dancer </strong>and <strong>Weaponmaster</strong></p></td><td><p>Equip three daggers/swords and perform triple attacks.</p></td></tr><tr><td data-colwidth=""187""><p>@UUID[Compendium.projectfu.heroic-skills.Item.Njj84qeVxijnlVB9]{Unbreakable}</p></td><td data-colwidth=""187""><p><strong>Guardian</strong></p></td><td><p>Survive a fatal hit once per scene.</p></td></tr><tr><td data-colwidth=""187""><p>@UUID[Compendium.projectfu.heroic-skills.Item.xbTcxx4ysOWOamZP]{Upgrade}</p></td><td data-colwidth=""187""><p><strong>Tinkerer</strong></p></td><td><p>Modify equipment abilities.</p></td></tr><tr><td data-colwidth=""187""><p>@UUID[Compendium.projectfu.heroic-skills.Item.RRKlW2mwN7sA8YJh]{Vanish}</p></td><td data-colwidth=""187""><p><strong>Rogue</strong></p></td><td><p>Disappear after an attack.</p></td></tr><tr><td data-colwidth=""187""><p>@UUID[Compendium.projectfu.heroic-skills.Item.FpTkfuZ5p4zCQKDP]{Volcano}</p></td><td data-colwidth=""187""><p><strong>Elementalist</strong></p></td><td><p>Learn the <strong>Volcano</strong> spell.</p></td></tr><tr><td data-colwidth=""187""><p>@UUID[Compendium.projectfu.heroic-skills.Item.3wlO92LRBQOzfEB7]{Wise Counsel}</p></td><td data-colwidth=""187""><p><strong>1 </strong>or more among <strong>Commander, Loremaster, Orator</strong></p></td><td><p>Your <strong>Support Checks</strong> grant extra benefits to the <strong>leader</strong>.</p></td></tr></tbody></table><p></p>",
HEROIC SKILLS BY BOOK,
"<p>When a Player Character masters a Class by bringing it to level 10, that character may acquire one <strong>Heroic</strong> <strong>Skill</strong> from the list below.</p><ul><li><p>Unless otherwise noted, each Heroic Skill may only be taken <strong>once</strong> — however, some Heroic Skills grow stronger as you reach certain levels.</p></li><li><p>Some Heroic Skills have <strong>requirements</strong> that must be fulfilled before you can acquire them, such as having mastered a specific Class.</p></li></ul><p>Have fun and experiment with Heroic Skills and create unique combinations!</p><p></p><h3>CORE RULEBOOK</h3><h4><span style=""text-decoration:underline""><span style=""text-decoration:underline"">HEROIC SKILLS AVAILABLE TO ALL CHARACTERS</span></span></h4><table><tbody><tr><td><p>@UUID[Compendium.projectfu.heroic-skills.Item.wr1if7rQttzxelbV]{Ambidextrous<strong>}</strong></p></td><td><p>Fight with two weapons of different categories.</p></td></tr><tr><td><p>@UUID[Compendium.projectfu.heroic-skills.Item.okxC0Vg7jOXrEg6V]{Extra HP}</p></td><td><p>Increase your maximum hit points.</p></td></tr><tr><td><p>@UUID[Compendium.projectfu.heroic-skills.Item.VwPy5u5mcj9xLF6T]{Extra MP}</p></td><td><p>Increase your maximum mind points.</p></td></tr><tr><td><p>@UUID[Compendium.projectfu.heroic-skills.Item.RSacdfMknVY24eCH]{Extra IP}</p></td><td><p>Increase your maximum Inventory points.</p></td></tr><tr><td><p>@UUID[Compendium.projectfu.heroic-skills.Item.eNGAXzS3LaIrSukF]{Extra Spells}</p></td><td><p>Learn two spells from a Class of your choice.</p></td></tr></tbody></table><h4><span style=""text-decoration:underline""><strong><span style=""text-decoration:underline"">HEROIC SKILLS WITH A CLASS MASTERY REQUIREMENT</span></strong></span></h4><table><tbody><tr><td data-colwidth=""187""><p><strong>Name</strong></p></td><td data-colwidth=""187""><p><strong>Class Mastery / Other Requirements</strong></p></td><td><p><strong>Summary</strong></p></td></tr><tr><td data-colwidth=""187""><p>@UUID[Compendium.projectfu.heroic-skills.Item.MoUQhgRVKo5HTqhl]{Adversity}</p></td><td data-colwidth=""187""><p><strong>Darkblade</strong></p></td><td><p>Status effects make you stronger.</p></td></tr><tr><td data-colwidth=""187""><p>@UUID[Compendium.projectfu.heroic-skills.Item.m5uGvbpdVfRmALod]{Arcane Echoes}</p></td><td data-colwidth=""187""><p><strong>Arcanist</strong></p></td><td><p>Arcana help you influence Clocks.</p></td></tr><tr><td data-colwidth=""187""><p>@UUID[Compendium.projectfu.heroic-skills.Item.S64viyPBB8VsH9cQ]{Chimeric Mastery}</p></td><td data-colwidth=""187""><p><strong>Chimerist</strong></p></td><td><p>Learn spells from new Species and increase spell limit.</p></td></tr><tr><td data-colwidth=""187""><p>@UUID[Compendium.projectfu.heroic-skills.Item.zggGDIOSuvO8uzHg]{Comet}</p></td><td data-colwidth=""187""><p><strong>Entropist</strong></p></td><td><p>Learn the <strong>Comet</strong> spell.</p></td></tr><tr><td data-colwidth=""187""><p>@UUID[Compendium.projectfu.heroic-skills.Item.ca4n2hFwIzfP4F12]{Deep Pockets}</p></td><td data-colwidth=""187""><p><strong>Tinkerer</strong></p></td><td><p>Reduce Inventory Point costs.</p></td></tr><tr><td data-colwidth=""187""><p>@UUID[Compendium.projectfu.heroic-skills.Item.pcqTER5q2Mrcq0r4]{Disarming Rhetoric}</p></td><td data-colwidth=""187""><p><strong>Orator</strong></p></td><td><p>Persuade enemies to retreat.</p></td></tr><tr><td data-colwidth=""187""><p>@UUID[Compendium.projectfu.heroic-skills.Item.8Djx8D9cU36qHQYz]{Heartbreaker}</p></td><td data-colwidth=""187""><p><strong>Darkblade</strong></p></td><td><p>Sacrifice HP for massive damage.</p></td></tr><tr><td data-colwidth=""187""><p>@UUID[Compendium.projectfu.heroic-skills.Item.BD2TjjMN3s8DfZEu]{Heroic Companion}</p></td><td data-colwidth=""187""><p><strong>Wayfarer</strong></p></td><td><p>Your <strong>Companion</strong> grows stronger.</p></td></tr><tr><td data-colwidth=""187""><p>@UUID[Compendium.projectfu.heroic-skills.Item.kAoA3OAXH6E6tt9I]{Hope}</p></td><td data-colwidth=""187""><p><strong>Spiritist</strong></p></td><td><p>Learn the <strong>Hope </strong>spell.</p></td></tr><tr><td data-colwidth=""187""><p>@UUID[Compendium.projectfu.heroic-skills.Item.oedqQdAvlhW6VCPh]{Mathemagic}</p></td><td data-colwidth=""187""><p><strong>Loremaster</strong></p></td><td><p>Extend single target spells.</p></td></tr><tr><td data-colwidth=""187""><p>@UUID[Compendium.projectfu.heroic-skills.Item.zwoUkVKrKQHZzVHV]{Monkey Grip}</p></td><td data-colwidth=""187""><p><strong>Fury</strong></p></td><td><p>Equip some two-handed weapons in a single-hand slot.</p></td></tr><tr><td data-colwidth=""187""><p>@UUID[Compendium.projectfu.heroic-skills.Item.ZfAZkP1rc6RrFjre]{Perfect Aim}</p></td><td data-colwidth=""187""><p><strong>Sharpshooter</strong></p></td><td><p>Choose two options when using <strong>Warning Shot.</strong></p></td></tr><tr><td data-colwidth=""187""><p>@UUID[Compendium.projectfu.heroic-skills.Item.ZwYXOZJHtRxsmHXl]{Pillage}</p></td><td data-colwidth=""187""><p><strong>Rogue</strong></p></td><td><p>Steal from multiple creatures.</p></td></tr><tr><td data-colwidth=""187""><p>@UUID[Compendium.projectfu.heroic-skills.Item.LDgRVXFVnUdJTvit]{Powerful Shot}</p></td><td data-colwidth=""187""><p><strong>Sharpshooter</strong></p></td><td><p>Deal extra damage at range.</p></td></tr><tr><td data-colwidth=""187""><p>@UUID[Compendium.projectfu.heroic-skills.Item.lYKani6s0f2C8vqA]{Powerful Spell}</p></td><td data-colwidth=""187""><p><strong>1 </strong>or more among <strong>Chimerist, Elementalist, Entropist</strong> and <strong>Spiritist</strong></p></td><td><p>Deal extra damage with spells.</p></td></tr><tr><td data-colwidth=""187""><p>@UUID[Compendium.projectfu.heroic-skills.Item.BsWM80bfvYRZjbED]{Powerful Strike}</p></td><td data-colwidth=""187""><p><strong>1 </strong>or more among <strong>Fury </strong>and <strong>Weaponmaster</strong></p></td><td><p>Deal extra damage in melee.</p></td></tr><tr><td data-colwidth=""187""><p>@UUID[Compendium.projectfu.heroic-skills.Item.r6EWpIcwbMmH3u42]{Predictable!}</p></td><td data-colwidth=""187""><p><strong>Loremaster</strong></p></td><td><p>Force an enemy to spend MP to perform specific actions.</p></td></tr><tr><td data-colwidth=""187""><p>@UUID[Compendium.projectfu.heroic-skills.Item.RhoZgyaCPn1IPixe]{Rampart}</p></td><td data-colwidth=""187""><p><strong>Guardian</strong></p></td><td><p>Resist damage and status effects during the first round.</p></td></tr><tr><td data-colwidth=""187""><p>@UUID[Compendium.projectfu.heroic-skills.Item.qi4qlidm2Dg7R99X]{Repetition}</p></td><td data-colwidth=""187""><p><strong>Orator</strong></p></td><td><p><strong>Condemn </strong>or <strong>Encourage</strong> twice.</p></td></tr><tr><td data-colwidth=""187""><p>@UUID[Compendium.projectfu.heroic-skills.Item.tY6Y0EW7JPP80flT]{Revelation}</p></td><td data-colwidth=""187""><p><strong>Arcanist</strong></p></td><td><p>Bind a previously unknown Arcanum, and improve dismiss effects.</p></td></tr><tr><td data-colwidth=""187""><p>@UUID[Compendium.projectfu.heroic-skills.Item.aFS46NM5EYoywktL]{Status Immunity}</p></td><td data-colwidth=""187""><p><strong>Wayfarer</strong></p></td><td><p>Ignore a status effect.</p></td></tr><tr><td data-colwidth=""187""><p>@UUID[Compendium.projectfu.heroic-skills.Item.eRWAdOPqb5aU9k9x]{Tempest Strike}</p></td><td data-colwidth=""187""><p><strong>Weaponmaster</strong></p></td><td><p>Concentrate <strong>multi</strong> attacks on a single target.</p></td></tr><tr><td data-colwidth=""187""><p>@UUID[Compendium.projectfu.heroic-skills.Item.Njj84qeVxijnlVB9]{Unbreakable}</p></td><td data-colwidth=""187""><p><strong>Guardian</strong></p></td><td><p>Survive a fatal hit once per scene.</p></td></tr><tr><td data-colwidth=""187""><p>@UUID[Compendium.projectfu.heroic-skills.Item.xbTcxx4ysOWOamZP]{Upgrade}</p></td><td data-colwidth=""187""><p><strong>Tinkerer</strong></p></td><td><p>Modify equipment abilities.</p></td></tr><tr><td data-colwidth=""187""><p>@UUID[Compendium.projectfu.heroic-skills.Item.RRKlW2mwN7sA8YJh]{Vanish}</p></td><td data-colwidth=""187""><p><strong>Rogue</strong></p></td><td><p>Disappear after an attack.</p></td></tr><tr><td data-colwidth=""187""><p>@UUID[Compendium.projectfu.heroic-skills.Item.FpTkfuZ5p4zCQKDP]{Volcano}</p></td><td data-colwidth=""187""><p><strong>Elementalist</strong></p></td><td><p>Learn the <strong>Volcano</strong> spell.</p></td></tr></tbody></table><p></p><h3>ATLAS HIGH FANTASY</h3><table><tbody><tr><td data-colwidth=""187""><p><strong>Name</strong></p></td><td data-colwidth=""187""><p><strong>Class Mastery / Other Requirements</strong></p></td><td><p><strong>Summary</strong></p></td></tr><tr><td data-colwidth=""187""><p>@UUID[Compendium.projectfu.heroic-skills.Item.hH6SHCiX0HAdXugI]{Arcane Mark}</p></td><td data-colwidth=""187""><p><strong>1</strong> or more among <strong>Sharpshooter, Symbolist, </strong>and <strong>Weaponmaster</strong></p></td><td><p>Improve spells' critical chance with arcane weapons.</p></td></tr><tr><td data-colwidth=""187""><p>@UUID[Compendium.projectfu.heroic-skills.Item.sx1dhJqczTT4UkYw]{Bimagus}</p></td><td data-colwidth=""187""><p><strong>2 </strong>or more among <strong>Elementalist, Spiritist, </strong>and <strong>Entropist; Level</strong> <strong>30</strong> <strong>or higher.</strong></p></td><td><p>Cast one spell right after another, saving MP.</p></td></tr><tr><td data-colwidth=""187""><p>@UUID[Compendium.projectfu.heroic-skills.Item.s316rQUTr3lgeTx7]{Blade Adept}</p></td><td data-colwidth=""187""><p><strong>1 </strong>or more among <strong>Rogue</strong> and <strong>Weaponmaster</strong></p></td><td><p>Gain bonuses with daggers and treat them as brawling, sword, and thrown weapons.</p></td></tr><tr><td data-colwidth=""187""><p>@UUID[Compendium.projectfu.heroic-skills.Item.ap1qHpIHqNFIKTsT]{Bullet Break}</p></td><td data-colwidth=""187""><p><strong>Sharpshooter; </strong>must have acquired the <strong>Crossfire</strong> Skill.</p></td><td><p>Counterattack with firearms after using <strong>Crossfire.</strong></p></td></tr><tr><td data-colwidth=""187""><p>@UUID[Compendium.projectfu.heroic-skills.Item.sSq9Z065pczkdBLZ]{Ceaseless Battlefield}</p></td><td data-colwidth=""187""><p><strong>Commander</strong></p></td><td><p>Halve the MP cost of Commander Skills.</p></td></tr><tr><td data-colwidth=""187""><p>@UUID[Compendium.projectfu.heroic-skills.Item.IgteRExMGSKQwg1G]{Clean Slate}</p></td><td data-colwidth=""187""><p><strong>Symbolist</strong></p></td><td><p>Remove spells and status effects from creatures.</p></td></tr><tr><td data-colwidth=""187""><p>@UUID[Compendium.projectfu.heroic-skills.Item.ibuohUO9YHDIId4x]{Double Arrow}</p></td><td data-colwidth=""187""><p><strong>1 </strong>or more among <strong>Commander</strong> and <strong>Sharpshooter</strong></p></td><td><p>Attack twice with bows.</p></td></tr><tr><td data-colwidth=""187""><p>@UUID[Compendium.projectfu.heroic-skills.Item.6bLqejGbDDsGTj93]{Fast Rituals}</p></td><td data-colwidth=""187""><p><strong>1 </strong>or more among <strong>Chimerist, Elementalist, Entropist, </strong>and <strong>Spiritist</strong></p></td><td><p>Reduce the number of sections for Ritual Clocks in conflicts.</p></td></tr><tr><td data-colwidth=""187""><p>@UUID[Compendium.projectfu.heroic-skills.Item.W1UsYgp1MDCKkOV0]{Fleeting Moment}</p></td><td data-colwidth=""187""><p><strong>Weaponmaster</strong></p></td><td><p>Add High Roll when you <strong>Counterattack</strong> with a sword.</p></td></tr><tr><td data-colwidth=""187""><p>@UUID[Compendium.projectfu.heroic-skills.Item.mRwuLhNrlBLPKvoB]{Grand Summoning}</p></td><td data-colwidth=""187""><p><strong>Arcanist; Level 30 or higher.</strong></p></td><td><p>Summon Arcana as creatures.</p></td></tr><tr><td data-colwidth=""187""><p>@UUID[Compendium.projectfu.heroic-skills.Item.sEXgOpgUF00z55Y3]{Hoplite}</p></td><td data-colwidth=""187""><p><strong>1 </strong>or more among <strong>Commander</strong> or <strong>Guardian</strong></p></td><td><p>Strengthen attacks when you fight with weapon and shield.</p></td></tr><tr><td data-colwidth=""187""><p>@UUID[Compendium.projectfu.heroic-skills.Item.9ga5k07i5o6nEE1c]{Iron Forest}</p></td><td data-colwidth=""187""><p><strong>1 </strong>or more among <strong>Commander</strong> or <strong>Weaponmaster</strong></p></td><td><p>Force enemies to spend MP to act after hitting with a spear.</p></td></tr><tr><td data-colwidth=""187""><p>@UUID[Compendium.projectfu.heroic-skills.Item.dwmA3TWb8Ya3VSDZ]{Magic Guard}</p></td><td data-colwidth=""187""><p><strong>1 </strong>or more among <strong>Chimerist, Elementalist, Entropist</strong> or <strong>Spiritist</strong></p></td><td><p>Negate enemy spells while you are in <strong>Guard.</strong></p></td></tr><tr><td data-colwidth=""187""><p>@UUID[Compendium.projectfu.heroic-skills.Item.h8keSqFfvEilNhF7]{Paso Doble}</p></td><td data-colwidth=""187""><p><strong>Dancer</strong></p></td><td><p>Ignore the MP cost of <strong>Follow My Lead</strong> when you are in Crisis.</p></td></tr><tr><td data-colwidth=""187""><p>@UUID[Compendium.projectfu.heroic-skills.Item.2BCHomNzOGzj2SNa]{Power Chord}</p></td><td data-colwidth=""187""><p><strong>Dancer</strong></p></td><td><p>Improve allies’ critical success chance with songs.</p></td></tr><tr><td data-colwidth=""187""><p>@UUID[Compendium.projectfu.heroic-skills.Item.DppL1AyvffBGbjDM]{Pulverizing Strike}</p></td><td data-colwidth=""187""><p><strong>1 </strong>or more among <strong>Darkblade, Fury</strong> and <strong>Weaponmaster</strong></p></td><td><p><strong>Breach</strong> deals more damage with heavy weapons.</p></td></tr><tr><td data-colwidth=""187""><p>@UUID[Compendium.projectfu.heroic-skills.Item.8tBwzNz4egN1Lu4L]{Rising Tide}</p></td><td data-colwidth=""187""><p><strong>1 </strong>or more among <strong>Fury</strong> and <strong>Weaponmaster</strong></p></td><td><p>Gain benefits for consecutive attacks with brawling weapons.</p></td></tr><tr><td data-colwidth=""187""><p>@UUID[Compendium.projectfu.heroic-skills.Item.kxGTMBIvlLKM50Wa]{Ritual Seals}</p></td><td data-colwidth=""187""><p><strong>Symbolist</strong></p></td><td><p>Place Rituals into seals with contingency activations.</p></td></tr><tr><td data-colwidth=""187""><p>@UUID[Compendium.projectfu.heroic-skills.Item.A0NEGshlzb52Tv7h]{Showstopper}</p></td><td data-colwidth=""187""><p><strong>Dancer</strong></p></td><td><p>Perform three dances, then take a temporary break.</p></td></tr><tr><td data-colwidth=""187""><p>@UUID[Compendium.projectfu.heroic-skills.Item.8Y5cFfBejJdnj9bb]{Spider’s Web}</p></td><td data-colwidth=""187""><p><strong>Weaponmaster</strong></p></td><td><p>Attack twice with flails.</p></td></tr><tr><td data-colwidth=""187""><p>@UUID[Compendium.projectfu.heroic-skills.Item.WKJ4ZSPBnlg4U3qt]{Swirling Swarm}</p></td><td data-colwidth=""187""><p><strong>1 </strong>or more among <strong>Dancer, Fury, </strong>and <strong>Sharpshooter</strong></p></td><td><p>Gain benefits for consecutive attacks with thrown weapons.</p></td></tr><tr><td data-colwidth=""187""><p>@UUID[Compendium.projectfu.heroic-skills.Item.MNSD1FKJfOk8BCKr]{Tabula Rasa}</p></td><td data-colwidth=""187""><p><strong>Commander</strong></p></td><td><p>Your Skills cause HP loss in <strong>Crisis</strong>.</p></td></tr><tr><td data-colwidth=""187""><p>@UUID[Compendium.projectfu.heroic-skills.Item.HEOsMRPIujE75Sll]{Theme Song}</p></td><td data-colwidth=""187""><p><strong>Chanter</strong></p></td><td><p>Gain a Theme Song with a variety of benefits.</p></td></tr><tr><td data-colwidth=""187""><p>@UUID[Compendium.projectfu.heroic-skills.Item.awqSSh3rbNZW8L5V]{Triple Slash}</p></td><td data-colwidth=""187""><p><strong>1 </strong>or more among <strong>Dancer </strong>and <strong>Weaponmaster</strong></p></td><td><p>Equip three daggers/swords and perform triple attacks.</p></td></tr></tbody></table><p></p><h3>ATLAS TECHNO FANTASY</h3><table><tbody><tr><td data-colwidth=""187""><p><strong>Name</strong></p></td><td data-colwidth=""192""><p><strong>Class Mastery / Other Requirements</strong></p></td><td><p><strong>Summary</strong></p></td></tr><tr><td data-colwidth=""187""><p>@UUID[Compendium.projectfu.heroic-skills.Item.E3OppAz7I4f0g19B]{Arcane Soldier}</p></td><td data-colwidth=""192""><p><strong>1 </strong>or more among <strong>Elementalist, Sharpshooter, </strong>and <strong>Weaponmaster</strong>; must know at least two <strong>offensive </strong>@ICON[offensive]<strong> spells.</strong></p></td><td><p>Perform a free attack against a target, then immediately cast an offensive spell against them.</p></td></tr><tr><td data-colwidth=""187""><p>@UUID[Compendium.projectfu.heroic-skills.Item.iZIhU35ZCZ1zrbfL]{Brainwave Discharge}</p></td><td data-colwidth=""192""><p><strong>Esper</strong></p></td><td><p>Erase your <strong>Brainwave</strong> <strong>Clock</strong> and deal damage.</p></td></tr><tr><td data-colwidth=""187""><p>@UUID[Compendium.projectfu.heroic-skills.Item.RD8MoXlaZMNolEnN]{Bullet Time}</p></td><td data-colwidth=""192""><p><strong>1 </strong>or more among <strong>Entropist </strong>and <strong>Rogue;</strong> must have acquired one or more Skills among <strong>Dodge</strong> and <strong>Stolen Time.</strong></p></td><td><p>Gain several benefits from <strong>Dodge</strong> and <strong>Stolen Time.</strong></p></td></tr><tr><td data-colwidth=""187""><p>@UUID[Compendium.projectfu.heroic-skills.Item.18sj4s6SHmfIicUj]{Decoy Bait}</p></td><td data-colwidth=""192""><p><strong>Sharpshooter; </strong>must have acquired the <strong>Hawkeye </strong>Skill.</p></td><td><p><strong>Hawkeye</strong> creates a decoy and grants a punishing attack.</p></td></tr><tr><td data-colwidth=""187""><p>@UUID[Compendium.projectfu.heroic-skills.Item.jdhnFWPhnFtLRLe8]{Dreamslice}</p></td><td data-colwidth=""192""><p><strong>1 </strong>or more among <strong>Darkblade </strong>and <strong>Esper</strong>; must have acquired the <strong>Shadow Strike </strong>skill.</p></td><td><p><strong>Shadow Strike</strong> reduces MP and causes action loss with swords.</p></td></tr><tr><td data-colwidth=""187""><p>@UUID[Compendium.projectfu.heroic-skills.Item.3Fxytf91dQuKMn74]{Dynamic Synchronization}</p></td><td data-colwidth=""192""><p><strong>Pilot</strong></p></td><td><p>Synchronize with another pilot or passenger to join forces.</p></td></tr><tr><td data-colwidth=""187""><p>@UUID[Compendium.projectfu.heroic-skills.Item.JkU2SSeR5kMcDIXQ]{Greater Akromorphosis}</p></td><td data-colwidth=""192""><p><strong>Mutant; </strong>must have acquired the <strong>Akromorphosis </strong>Skill.</p></td><td><p>Gain different benefits based on the Category of your unarmed strikes.</p></td></tr><tr><td data-colwidth=""187""><p>@UUID[Compendium.projectfu.heroic-skills.Item.gMC0t7NhWgv6BTcl]{Greater Ecdysis}</p></td><td data-colwidth=""192""><p><strong>Mutant; </strong>must have acquired the <strong>Ecdysis </strong>Skill.</p></td><td><p><strong>Ecdysis </strong>allows you to end status effects and spells.</p></td></tr><tr><td data-colwidth=""187""><p>@UUID[Compendium.projectfu.heroic-skills.Item.vwygOswBPj5vyiWN]{Greater Theriomorphosis}</p></td><td data-colwidth=""192""><p><strong>Mutant; </strong>must have acquired the <strong>Theriomorphosis </strong>Skill.</p></td><td><p>Act after <strong>Theriomorphosis.</strong></p></td></tr><tr><td data-colwidth=""187""><p>@UUID[Compendium.projectfu.heroic-skills.Item.IMg6ssWeH5hyBtIi]{Hit the Nerve}</p></td><td data-colwidth=""192""><p><strong>1 </strong>or more among <strong>Chanter </strong>and <strong>Orator;</strong> must have acquired the <strong>Condemn</strong> Skill.</p></td><td><p>Use <strong>Condemn</strong> to inﬂict <strong>enraged</strong> and gain beneﬁts against <strong>enraged</strong> creatures.</p></td></tr><tr><td data-colwidth=""187""><p>@UUID[Compendium.projectfu.heroic-skills.Item.p8vmh280ByFh88tK]{Make it or Break it}</p></td><td data-colwidth=""192""><p><strong>1 </strong>or more among <strong>Darkblade </strong>and <strong>Fury.</strong></p></td><td><p>Double the HR of an attack but risk damaging the weapon.</p></td></tr><tr><td data-colwidth=""187""><p>@UUID[Compendium.projectfu.heroic-skills.Item.8vzHUmPg4Cksad7D]{Mimeoclepsis}</p></td><td data-colwidth=""192""><p><strong>1 </strong>or more among <strong>Chimerist </strong>and <strong>Mutant; </strong>must have acquired the <strong>Genoclepsis </strong>and <strong>Spell Mimic </strong>Skills.</p></td><td><p>Learn spells through the Mutant's <strong>Genoclepsis.</strong></p></td></tr><tr><td data-colwidth=""187""><p>@UUID[Compendium.projectfu.heroic-skills.Item.2bYmGoMPJ8jNP8hP]{Nebulization}</p></td><td data-colwidth=""192""><p><strong>Tinkerer; </strong>must have acquired the <strong>advanced Alchemy</strong> benefit from the <strong>Gadget </strong>Skill.</p></td><td><p>Your potions are strengthened by repeated use.</p></td></tr><tr><td data-colwidth=""187""><p>@UUID[Compendium.projectfu.heroic-skills.Item.nvR7qGeOaTNe4F9n]{Overload Burst}</p></td><td data-colwidth=""192""><p><strong>Pilot; </strong>must have acquired the <strong>Compression Tech</strong> Skill.</p></td><td><p>Perform an additional action, then leave the vehicle.</p></td></tr><tr><td data-colwidth=""187""><p>@UUID[Compendium.projectfu.heroic-skills.Item.3h38Nob5B8AWsexP]{Psychic Field}</p></td><td data-colwidth=""192""><p><strong>Esper</strong></p></td><td><p>Extend some of your psychic gifts to your allies.</p></td></tr><tr><td data-colwidth=""187""><p>@UUID[Compendium.projectfu.heroic-skills.Item.7X5Douk1Esbc0LJf]{Quantum Magicannon}</p></td><td data-colwidth=""192""><p><strong>Tinkerer; </strong>must have acquired the <strong>advanced Magitech </strong>benefit from the <strong>Gadget</strong> Skill.</p></td><td><p>Improve your magicannon and use it for an explosive attack.</p></td></tr><tr><td data-colwidth=""187""><p>@UUID[Compendium.projectfu.heroic-skills.Item.6UzPwOYtyU0inH48]{Quick Scan}</p></td><td data-colwidth=""192""><p><strong>Loremaster</strong></p></td><td><p>Examine multiple creatures.</p></td></tr><tr><td data-colwidth=""187""><p>@UUID[Compendium.projectfu.heroic-skills.Item.m6MWTDpEJqEMAb5a]{Steel Witch}</p></td><td data-colwidth=""192""><p><strong>Pilot</strong></p></td><td><p>Gain beneﬁts when you cast spells on a personal vehicle</p></td></tr></tbody></table><p></p><h3>ATLAS NATURAL FANTASY</h3><table><tbody><tr><td data-colwidth=""187""><p><strong>Name</strong></p></td><td data-colwidth=""187""><p><strong>Class Mastery / Other Requirements</strong></p></td><td><p><strong>Summary</strong></p></td></tr><tr><td data-colwidth=""187""><p>@UUID[Compendium.projectfu.heroic-skills.Item.562YcXPjzRCWpeLh]{All You Can Eat}</p></td><td data-colwidth=""187""><p><strong>Gourmet</strong></p></td><td><p>Combine four ingredients into a <strong>delicacy</strong>.</p></td></tr><tr><td data-colwidth=""187""><p>@UUID[Compendium.projectfu.heroic-skills.Item.DVaiA90aHgq9gPYI]{Auramancer's Refraction}</p></td><td data-colwidth=""187""><p><strong>1 </strong>or more among <strong>Arcanist</strong> and <strong>Spiritist; </strong>must have acquired the <strong>Auro </strong>and/or <strong>Barrier </strong>Skills.</p></td><td><p>Improves <strong>Aura</strong> and <strong>Barrier</strong>, and punishes enemies who damage protected targets.</p></td></tr><tr><td data-colwidth=""187""><p>@UUID[Compendium.projectfu.heroic-skills.Item.HsdYyIcbdvcleXQP]{Bend Magic}</p></td><td data-colwidth=""187""><p><strong>1 </strong>or more among <strong>Elementalist, Entropist, Invoker, Symbolist; </strong>must have acquired the <strong>Invocation</strong> Skills.</p></td><td><p>React to enemy spells with your <strong>invocations</strong>.</p></td></tr><tr><td data-colwidth=""187""><p>@UUID[Compendium.projectfu.heroic-skills.Item.FvqC34UYxD3O2bFt]{Brambleheart}</p></td><td data-colwidth=""187""><p><strong>1 </strong>or more among <strong>Darkblade</strong> and <strong>Floralist; </strong>must have acquired the <strong>Chloromancy </strong>Skills.</p></td><td><p>Your brambles protect you and react to enemy attacks.</p></td></tr><tr><td data-colwidth=""187""><p>@UUID[Compendium.projectfu.heroic-skills.Item.eOGrMEqq2sBta0AN]{Brave Bash}</p></td><td data-colwidth=""187""><p><strong>1 </strong>or more among <strong>Commander, Fury, Guardian, Pilot, Weaponmaster</strong></p></td><td><p>Use <strong>Bone Crusher</strong> to challenge foes with a shield, then deal additional damage.</p></td></tr><tr><td data-colwidth=""187""><p>@UUID[Compendium.projectfu.heroic-skills.Item.cSzzcGmQur0Zo6R5]{Cheer Up!}</p></td><td data-colwidth=""187""><p><strong>1 </strong>or more among <strong>Chanter, Esper, Orator; </strong>must have acquired the <strong>My Trust in You </strong>Skills.</p></td><td><p>Improves <strong>My Trust in You</strong>.</p></td></tr><tr><td data-colwidth=""187""><p>@UUID[Compendium.projectfu.heroic-skills.Item.nmeZ2ukzybP0lpR9]{Chimeric Soul}</p></td><td data-colwidth=""187""><p><strong>1 </strong>or more among <strong>Chimerist</strong> and <strong>Mutant; </strong>must have acquired the <strong>Spell Mimic</strong> Skills.</p></td><td><p>Casting Chimerist <strong>spells</strong> grant benefits based on the Species.</p></td></tr><tr><td data-colwidth=""187""><p>@UUID[Compendium.projectfu.heroic-skills.Item.KLo8fztm26jzY2Zn]{Cleansing Moonlight}</p></td><td data-colwidth=""187""><p><strong>1 </strong>or more among <strong>Entropist</strong> and<strong> Spiritist</strong></p></td><td><p>Your <strong>spells</strong> can remove status effects and spells from targets.</p></td></tr><tr><td data-colwidth=""187""><p>@UUID[Compendium.projectfu.heroic-skills.Item.mYZHKPvfVmvZ4vNy]{Ephemeral Tranquility}</p></td><td data-colwidth=""187""><p><strong>1 </strong>or more among <strong>Dancer, Esper, Rogue, Spiritist, Symbolist</strong></p></td><td><p>Improves <strong>Hallucination</strong> and <strong>Torpor</strong>, and cleanses status effects to cause HP loss.</p></td></tr><tr><td data-colwidth=""187""><p>@UUID[Compendium.projectfu.heroic-skills.Item.VUOVB6ej86Ml3d1j]{Fitcast}</p></td><td data-colwidth=""187""><p><strong>1 </strong>or more among <strong>Chimerist, Darkblade, Esper, Fury, Wayfarer</strong></p></td><td><p>Use <strong>Might</strong> for Magic Checks, and treat weapons relying on <strong>Might</strong> as being <strong>arcane</strong>.</p></td></tr><tr><td data-colwidth=""187""><p>@UUID[Compendium.projectfu.heroic-skills.Item.KT1FGhqeq1MYkrtJ]{For a Better Future}</p></td><td data-colwidth=""187""><p><strong>Merchant; </strong>must have acquired the <strong>Real Treasure</strong> and <strong>Winds of Trade</strong> Skills.</p></td><td><p>Use <strong>Trade Points</strong> instead of Fabula Points and improve settlements with donations.</p></td></tr><tr><td data-colwidth=""187""><p>@UUID[Compendium.projectfu.heroic-skills.Item.Q2Xiuen9jKw7CEpW]{Greater Chloromancy}</p></td><td data-colwidth=""187""><p><strong>Floralist</strong></p></td><td><p>Increase <strong>magiseed</strong> effects and manipulate vegetation.</p></td></tr><tr><td data-colwidth=""187""><p>@UUID[Compendium.projectfu.heroic-skills.Item.nm6Ec7nbsrNlRZCf]{Green Thumb}</p></td><td data-colwidth=""187""><p><strong>Floralist</strong></p></td><td><p>Quicken or delay the growth of your <strong>magiseeds</strong>.</p></td></tr><tr><td data-colwidth=""187""><p>@UUID[Compendium.projectfu.heroic-skills.Item.FPzCCSJAdIwVLVqB]{Inner Wellspring}</p></td><td data-colwidth=""187""><p><strong>Invoker</strong></p></td><td><p>Carry an elemental <strong>wellspring</strong> of your choice within yourself.</p></td></tr><tr><td data-colwidth=""187""><p>@UUID[Compendium.projectfu.heroic-skills.Item.rlOIe9a68fkv8KS3]{Power Nap}</p></td><td data-colwidth=""187""><p><strong>1 </strong>or more among <strong>Guardian, Merchant, Wayfarer</strong></p></td><td><p>Take a little nap during a conflict to regain your energies.</p></td></tr><tr><td data-colwidth=""187""><p>@UUID[Compendium.projectfu.heroic-skills.Item.v2oHTRDdfnDEXURD]{Side by Side}</p></td><td data-colwidth=""187""><p><strong>Wayfarer; </strong>must have acquired the <strong>Faithful Companion</strong> Skills.</p></td><td><p>Improve your synergy with your <strong>Faithful Companion</strong>.</p></td></tr><tr><td data-colwidth=""187""><p>@UUID[Compendium.projectfu.heroic-skills.Item.1jiLF3jy7eEinL1k]{Silent Hunter}</p></td><td data-colwidth=""187""><p><strong>1 </strong>or more among <strong>Rogue, Sharpshooter, Weaponmaster; </strong>must have acquired the <strong>High Speed</strong> Skills.</p></td><td><p>Improve <strong>High Speed</strong> with <strong>bows</strong>, <strong>spears</strong>, and <strong>thrown</strong> weapons, and deny <strong>free attacks</strong>.</p></td></tr><tr><td data-colwidth=""187""><p>@UUID[Compendium.projectfu.heroic-skills.Item.1wnsaeyJ46ElqvPX]{Skillful Dosage}</p></td><td data-colwidth=""187""><p><strong>1 </strong>or more among <strong>Gourmet, Loremaster, Merchant, Tinkerer</strong></p></td><td><p><strong>Delicacies</strong>, <strong>potions</strong> and <strong>spells</strong> heal above maximum HP and MP.</p></td></tr><tr><td data-colwidth=""187""><p>@UUID[Compendium.projectfu.heroic-skills.Item.HMQApiczSy0sas6z]{Specialty of the House}</p></td><td data-colwidth=""187""><p><strong>Gourmet</strong></p></td><td><p>Prepare a unique <strong>delicacy</strong> with alternative effects.</p></td></tr><tr><td data-colwidth=""187""><p>@UUID[Compendium.projectfu.heroic-skills.Item.LaGJKkBP3v61ra1v]{Strength of Five Wellsprings}</p></td><td data-colwidth=""187""><p><strong>Invoker</strong></p></td><td><p>Invocations improve Attributes.</p></td></tr><tr><td data-colwidth=""187""><p>@UUID[Compendium.projectfu.heroic-skills.Item.3wlO92LRBQOzfEB7]{Wise Counsel}</p></td><td data-colwidth=""187""><p><strong>1 </strong>or more among <strong>Commander, Loremaster, Orator</strong></p></td><td><p>Your <strong>Support Checks</strong> grant extra benefits to the <strong>leader</strong>.</p></td></tr></tbody></table><p></p><h3>BONUS CONTENT</h3><table><tbody><tr><td data-colwidth=""187""><p><strong>Name</strong></p></td><td data-colwidth=""187""><p><strong>Class Mastery / Other Requirements</strong></p></td><td data-colwidth=""232""><p><strong>Summary</strong></p></td></tr><tr><td data-colwidth=""187""><p>@UUID[Compendium.projectfu.heroic-skills.Item.iTh63cnp8IVawDwH]{Birth of the Cruel}</p></td><td data-colwidth=""187""><p><strong>Necromancer</strong></p></td><td data-colwidth=""232""><p>Turn a dead NPC into a Minion.</p></td></tr><tr><td data-colwidth=""187""><p>@UUID[Compendium.projectfu.heroic-skills.Item.OSJ4PCp6GmSnLaS3]{Black &amp; White}</p></td><td data-colwidth=""187""><p><strong>1 </strong>or more among <strong>Ace of Cards, Darkblade, Entropist, </strong>and <strong>Spiritist; </strong>must have acquired the <strong>Magic Cards</strong> Skill.</p></td><td data-colwidth=""232""><p>Modify your Double Trouble Set; Jokers become stronger.</p></td></tr><tr><td data-colwidth=""187""><p>@UUID[Compendium.projectfu.heroic-skills.Item.6xjSns6UPuZcIbXs]{Card Vanguard}</p></td><td data-colwidth=""187""><p><strong>Ace of Cards;</strong> must have acquired the <strong>Magic Cards </strong>Skill.</p></td><td data-colwidth=""232""><p>Place cards as Vanguard Cards.</p></td></tr><tr><td data-colwidth=""187""><p>@UUID[Compendium.projectfu.heroic-skills.Item.ngt7aBn7AykfzJDg]{Duel Master}</p></td><td data-colwidth=""187""><p><strong>1 </strong>or more among <strong>Ace of Cards, Fury, Rogue, Sharpshooter, </strong>and <strong>Weaponmaster; </strong>must have acquired the <strong>Magic Cards</strong> Skill.</p></td><td data-colwidth=""232""><p>Your <strong>Magic Pairs</strong> enhance your attacks.</p></td></tr><tr><td data-colwidth=""187""><p>@UUID[Compendium.projectfu.heroic-skills.Item.UhjNswMk6idkCg0c]{Forbidden Rite}</p></td><td data-colwidth=""187""><p><strong>1 </strong>or more among <strong>Ace of Cards </strong>and <strong>Arcanist</strong>;</p></td><td data-colwidth=""232""><p>Gain access to the <strong>Forbidden</strong> <strong>Monarch</strong> set. Your discards grant you strength.</p></td></tr><tr><td data-colwidth=""187""><p>@UUID[Compendium.projectfu.heroic-skills.Item.pqT5C8ap91WD7TDf]{Harvester of Sorrow}</p></td><td data-colwidth=""187""><p><strong>1 </strong>or more among <strong>Entropist </strong>and <strong>Necromancer; </strong>must have acquired both the <strong>Drain Spirit </strong>and <strong>Drain Vigor</strong> spells.</p></td><td data-colwidth=""232""><p>Increase the potency of <strong>Drain</strong> spells.</p></td></tr><tr><td data-colwidth=""187""><p>@UUID[Compendium.projectfu.heroic-skills.Item.rbs7azAWkb9MwSXi]{Pulse of the Maggots}</p></td><td data-colwidth=""187""><p><strong>Necromancer</strong></p></td><td data-colwidth=""232""><p><strong>Grave</strong> <strong>Points</strong> modify your <strong>Affinities</strong>.</p></td></tr></tbody></table><p></p>",
Ingredients & Delicacies Rules,
INGREDIENTS & DELICACIES RULES,
"<h2>INGREDIENTS &amp; DELICACIES</h2><blockquote><p>The Temple of Five Spices is rumored to hold the recipe for a dish that can summon the soul of the deceased</p></blockquote><p></p><h3>GAINING INGREDIENTS</h3><p>You will normally receive <strong>ingredients</strong> through the @UUID[Compendium.projectfu.skills.Item.SkhjmD8IDm1yff3e]{Cooking} and @UUID[Compendium.projectfu.skills.Item.EU5astEIUK1d8Qk3]{Traveling Cook} Skills; you might also receive them as <strong>rewards</strong> during play. When you obtain an <strong>ingredient</strong>, you’re never too sure what it will taste like — roll a <strong>d6</strong> to determine the <strong>ingredient’s taste</strong> using the table below, then describe its appearance and give it a name.</p><p>You may also purchase <strong>ingredients</strong> from stall, shops or merchants: the price is <strong>10 zenit</strong> for an <strong>ingredient</strong> with a random taste, <strong>or 20 zenit</strong> for an <strong>ingredient</strong> with a taste of your choice.</p><hr /><h5><strong>INGREDIENT TASTE</strong></h5><p>@UUID[Compendium.projectfu.rollable-tables.RollTable.sKStLRxDOy1yZkuJ]{Ingredient Taste}</p><table><tbody><tr><td><ol><li><p>@UUID[Compendium.projectfu.skills.Item.9uSPEQZ4fi6PDkV1]{Bitter}</p></li></ol></td><td><ol start=""2""><li><p>@UUID[Compendium.projectfu.skills.Item.pClb5dXEgvo29U0C]{Salty}</p></li></ol></td><td><ol start=""3""><li><p>@UUID[Compendium.projectfu.skills.Item.oMpFTAPDl7SEG3v2]{Sour}</p></li></ol></td><td data-colwidth=""95""><ol start=""4""><li><p>@UUID[Compendium.projectfu.skills.Item.ZLrC6QQvsJOh4F2h]{Sweet}</p></li></ol></td><td><ol start=""5""><li><p>@UUID[Compendium.projectfu.skills.Item.DjSSat9WKMIziH5E]{Umami}</p></li></ol></td><td><ol start=""6""><li><p>Your choice</p></li></ol></td></tr></tbody></table><p></p><h3>TASTES AND DELICACIES</h3><p>When you use the @UUID[Compendium.projectfu.skills.Item.SkhjmD8IDm1yff3e]{Cooking} Skill, you combine two or three <strong>ingredients</strong> to generate a special <strong>delicacy</strong> with powerful effects that will be applied to its targets.</p><ul><li><p>Every <strong>different</strong> combination of <strong>two tastes</strong> (even if it's the same taste used twice!) will add an <strong>effect</strong> to the <strong>delicacy</strong>.</p></li><li><p>When you combine two tastes you <strong>never combined before</strong>, determine the <strong>effect</strong> of that combination by rolling a <strong>d12</strong> and consulting the chart on the next page; most entries also require you to make a choice (such as a specific damage type or status effect). Once you're done, record the resulting effect on your @UUID[Compendium.projectfu.skills.Item.HQTDIy6suF8u6dAl]{Cookbook}: from this moment on, that <strong>combination</strong> of tastes will <strong>always</strong> produce that exact <strong>effect</strong> when you use it.</p></li><li><p>No two combinations of tastes in your <strong>cookbook sheet</strong> can have <strong>identical effects</strong>. When you determine the effect of a new combination, you must make your <strong>choices</strong> in such a way that the resulting effect has no precedents (for instance, by selecting a different damage type or status effect); if you can't, <strong>reroll the d12</strong>.</p></li><li><p>When completed, your <strong>cookbook sheet</strong> will feature a total of <strong>15 effects</strong>, one for each possible pair of tastes.</p></li></ul><blockquote><p><em><strong>Example:</strong> you combine three ingredients, one of them <strong>salty</strong> and two of them <strong>bitter</strong>.</em></p><p><em>The resulting <strong>delicacy</strong> features two combinations (<strong>bitter</strong> + <strong>bitter</strong> and <strong>bitter</strong> + <strong>salty</strong>), which means it will have two different effects.</em></p><p><em>In the past, you combined <strong>bitter + bitter</strong> and rolled a <strong>4</strong>, which means the effect allows for MP recovery; on the other hand, you never combined <strong>bitter + salty</strong> before, so you need to determine this combination's effect by rolling dice.</em></p><p><em>You roll a <strong>1</strong>, and must choose a status effect for this effect; since you already chose recovery from <strong>weak</strong> for the <strong>sour + sweet</strong> combination in the past, you decide to opt for <strong>dazed</strong>. From now on, the <strong>bitter + salty</strong> combination will always allow you to heal the target from <strong>dazed</strong>.</em></p><p><em>Now that you've done this, you know that your <strong>delicacy</strong> allows every target to heal from the <strong>dazed</strong> status effect and also recover 40 Mind Points.</em></p></blockquote><p><strong>Delicacies</strong> created through the @UUID[Compendium.projectfu.skills.Item.SkhjmD8IDm1yff3e]{Cooking} Skill have an immediate effect and are then destroyed; if you want to prepare foods with unique effects and use them later, you must instead use the rules for <strong>Projects</strong> (see <strong>Core Rulebook</strong>, page <strong>134</strong>).</p><hr /><h5>DELICACIES</h5><p>@UUID[Compendium.projectfu.rollable-tables.RollTable.LeFYrfI8SzWK4GAa]{Delicacy Effect}</p><table><tbody><tr><th data-colwidth=""281""><p>DELICACY</p></th><th><p>EFFECT</p></th></tr><tr><td data-colwidth=""281""><ol><li><p></p></li></ol></td><td><p>Each of this <strong>delicacy's</strong> targets recovers from the <strong>(choose one: dazed; enraged; poisoned; shaken; slow; weak)</strong> status effect.</p></td></tr><tr><td data-colwidth=""281""><ol start=""2""><li><p></p></li></ol></td><td><p>Each of this <strong>delicacy's</strong> targets suffers the (choose one: @EFFECT[dazed]; @EFFECT[shaken]; @EFFECT[slow]; @EFFECT[weak]) status effect.</p></td></tr><tr><td data-colwidth=""281""><ol start=""3""><li><p></p></li></ol></td><td><p>Each of this <strong>delicacy's</strong> targets recovers @GAIN[40 hp]. This amount increases to @GAIN[50 hp] if you are <strong>level 30 or higher</strong>.</p></td></tr><tr><td data-colwidth=""281""><ol start=""4""><li><p></p></li></ol></td><td><p>Each of this <strong>delicacy's</strong> targets recovers @GAIN[40 mp] Mind Points. This amount increases to @GAIN[50 mp] if you are <strong>level</strong> 30 or higher.</p></td></tr><tr><td data-colwidth=""281""><ol start=""5""><li><p></p></li></ol></td><td><p>Each of this <strong>delicacy's</strong> targets suffers @DMG[20 untyped] <strong>(choose one: air; bolt; earth; fire; ice; poison)</strong> damage. This amount increases to @DMG[30 untyped] damage if you are <strong>level 30 or higher</strong>.</p></td></tr><tr><td data-colwidth=""281""><ol start=""6""><li><p></p></li></ol></td><td><p>Until the end of your next turn, every source that deals <strong>(choose one: air; bolt; earth; fire; ice; poison)</strong> damage deals 5 extra damage to each of this <strong>delicacy's</strong> targets.</p></td></tr><tr><td data-colwidth=""281""><ol start=""7""><li><p></p></li></ol></td><td><p>Each of this <strong>delicacy's</strong> targets cannot perform the <strong>Guard</strong> action during their next turn.</p></td></tr><tr><td data-colwidth=""281""><ol start=""8""><li><p></p></li></ol></td><td><p>Each of this <strong>delicacy's</strong> targets cannot perform the <strong>Spell</strong> action during their next turn.</p></td></tr><tr><td data-colwidth=""281""><ol start=""9""><li><p></p></li></ol></td><td><p>Each of this <strong>delicacy's</strong> targets cannot perform the <strong>Skill</strong> action during their next turn.</p></td></tr><tr><td data-colwidth=""281""><ol start=""10""><li><p></p></li></ol></td><td><p>Each of this <strong>delicacy's</strong> targets gains Resistance to (choose one: @UUID[Compendium.projectfu.actor-effects.Item.3tMyw1mCjd7SfGTD]{Air}; @UUID[Compendium.projectfu.actor-effects.Item.QrEztsujMpK33cpj]{Bolt}; @UUID[Compendium.projectfu.actor-effects.Item.H3SJ1fej3GSyHdKG]{Earth}; @UUID[Compendium.projectfu.actor-effects.Item.FAfKTXxluiqIVP5t]{Fire}; @UUID[Compendium.projectfu.actor-effects.Item.SWdZeuJTEq1ig6S8]{Ice}; @UUID[Compendium.projectfu.actor-effects.Item.3xPA7x9S3fggYHkX]{Poison}) damage until the end of your next turn.</p></td></tr><tr><td data-colwidth=""281""><ol start=""11""><li><p></p></li></ol></td><td><p>Each of this <strong>delicacy's</strong> targets treats their (choose one: @UUID[Compendium.projectfu.actor-effects.Item.vv2cqUDHaCJLmEYw]{Dexterity}; @UUID[Compendium.projectfu.actor-effects.Item.4G5iaieFDwGiIVrw]{Insight}; @UUID[Compendium.projectfu.actor-effects.Item.hX70STpGG5fgAAkp]{Might}; @UUID[Compendium.projectfu.actor-effects.Item.nXxz7GyqeIGtQpMG]{Willpower}) as if it were one die size higher (up to a maximum of<strong> d12</strong>) until the end of your next turn.</p></td></tr><tr><td data-colwidth=""281""><ol start=""12""><li><p></p></li></ol></td><td><p>During the next turn of each of this <strong>delicacy</strong>'s targets, all damage they deal becomes <strong>(choose one: air; bolt; earth; fire; ice; poison)</strong> and its type cannot change.</p></td></tr></tbody></table><p></p><h3>SPECIAL RULES OF EFFECTS</h3><p><strong>Delicacies</strong> and their effects follow a few unique rules.</p><ul><li><p>Each <strong>delicacy</strong> always features <strong>one, two, or three effects</strong>, depending on which <strong>taste </strong>combinations you used (the effects may also be <strong>four or six</strong> if you use the @UUID[Compendium.projectfu.heroic-skills.Item.562YcXPjzRCWpeLh]{All You Can Eat} Heroic Skill, on page <strong>161</strong>); you decide in which order to apply these effects, and may choose to <strong>forgo</strong> any number of them (this choice must be exactly the same for all targets of the <strong>delicacy</strong>).</p></li><li><p>Effects <strong>5 to 12</strong> can only be applied during conflict scenes.</p></li><li><p>A <strong>delicacy</strong> can only have <strong>one</strong> type <strong>5</strong> effect (which is to say, a damage-dealing effect); if a <strong>delicacy</strong> has two or more type <strong>5</strong> effects due to the <strong>taste</strong> combinations you used, you <strong>must</strong> choose one of them and forgo the others.</p></li><li><p>A <strong>delicacy</strong> can only have <strong>one</strong> type <strong>12</strong> effect (which is to say, a damage type-changing effect); if a <strong>delicacy</strong> has two or more type <strong>12</strong> effects due to the <strong>taste</strong> combinations you used, you <strong>must</strong> choose one of them and forgo the others.</p></li></ul><p>Other than that, all of a <strong>delicacy's</strong> effects are cumulative, and will be fully applied to each of its target.</p><blockquote><p><em><strong>Example:</strong> if you obtain a type <strong>2</strong> effect on <strong>sweet + umami</strong>, a type <strong>5</strong> effect on <strong>bitter + umami</strong>, and a type <strong>9</strong> effect on <strong>bitter + sweet</strong>, the <strong>delicacy</strong> created combining these tastes will be able to deal damage, inflict a status effect, and also prevent the use of spells for a brief period!</em></p></blockquote><p></p><h3>AND FINALLY, A BIT OF ADVICE!</h3><p>This Class is quite atypical: there is no real way to perfectly control the role your character will cover, because your abilities are procedurally generated over the course of the campaign. However, remember that <strong>you may prepare delicacies outside of conflict scenes</strong>: it will cost you some ingredients, true, but you will be able to ""scout"" the effects ahead of time and avoid trial and error during a critical situation. Other than that, pay attention to which effects best synergize with each other and with the rest of your group, and take advantage of the <strong>multi</strong> property to apply the same <strong>delicacy</strong> to two or more enemies!</p><p></p>",
DELICACIES TABLE,
"<h5>DELICACIES</h5><p>@UUID[Compendium.projectfu.rollable-tables.RollTable.LeFYrfI8SzWK4GAa]{Delicacy Effect}</p><table><tbody><tr><th data-colwidth=""281""><p>DELICACY</p></th><th><p>EFFECT</p></th></tr><tr><td data-colwidth=""281""><ol><li><p></p></li></ol></td><td><p>Each of this <strong>delicacy's</strong> targets recovers from the <strong>(choose one: dazed; enraged; poisoned; shaken; slow; weak)</strong> status effect.</p></td></tr><tr><td data-colwidth=""281""><ol start=""2""><li><p></p></li></ol></td><td><p>Each of this <strong>delicacy's</strong> targets suffers the (choose one: @EFFECT[dazed]; @EFFECT[shaken]; @EFFECT[slow]; @EFFECT[weak]) status effect.</p></td></tr><tr><td data-colwidth=""281""><ol start=""3""><li><p></p></li></ol></td><td><p>Each of this <strong>delicacy's</strong> targets recovers @GAIN[40 hp]. This amount increases to @GAIN[50 hp] if you are <strong>level 30 or higher</strong>.</p></td></tr><tr><td data-colwidth=""281""><ol start=""4""><li><p></p></li></ol></td><td><p>Each of this <strong>delicacy's</strong> targets recovers @GAIN[40 mp] Mind Points. This amount increases to @GAIN[50 mp] if you are <strong>level</strong> 30 or higher.</p></td></tr><tr><td data-colwidth=""281""><ol start=""5""><li><p></p></li></ol></td><td><p>Each of this <strong>delicacy's</strong> targets suffers @DMG[20 untyped] <strong>(choose one: air; bolt; earth; fire; ice; poison)</strong> damage. This amount increases to @DMG[30 untyped] damage if you are <strong>level 30 or higher</strong>.</p></td></tr><tr><td data-colwidth=""281""><ol start=""6""><li><p></p></li></ol></td><td><p>Until the end of your next turn, every source that deals <strong>(choose one: air; bolt; earth; fire; ice; poison)</strong> damage deals 5 extra damage to each of this <strong>delicacy's</strong> targets.</p></td></tr><tr><td data-colwidth=""281""><ol start=""7""><li><p></p></li></ol></td><td><p>Each of this <strong>delicacy's</strong> targets cannot perform the <strong>Guard</strong> action during their next turn.</p></td></tr><tr><td data-colwidth=""281""><ol start=""8""><li><p></p></li></ol></td><td><p>Each of this <strong>delicacy's</strong> targets cannot perform the <strong>Spell</strong> action during their next turn.</p></td></tr><tr><td data-colwidth=""281""><ol start=""9""><li><p></p></li></ol></td><td><p>Each of this <strong>delicacy's</strong> targets cannot perform the <strong>Skill</strong> action during their next turn.</p></td></tr><tr><td data-colwidth=""281""><ol start=""10""><li><p></p></li></ol></td><td><p>Each of this <strong>delicacy's</strong> targets gains Resistance to (choose one: @UUID[Compendium.projectfu.actor-effects.Item.3tMyw1mCjd7SfGTD]{Air}; @UUID[Compendium.projectfu.actor-effects.Item.QrEztsujMpK33cpj]{Bolt}; @UUID[Compendium.projectfu.actor-effects.Item.H3SJ1fej3GSyHdKG]{Earth}; @UUID[Compendium.projectfu.actor-effects.Item.FAfKTXxluiqIVP5t]{Fire}; @UUID[Compendium.projectfu.actor-effects.Item.SWdZeuJTEq1ig6S8]{Ice}; @UUID[Compendium.projectfu.actor-effects.Item.3xPA7x9S3fggYHkX]{Poison}) damage until the end of your next turn.</p></td></tr><tr><td data-colwidth=""281""><ol start=""11""><li><p></p></li></ol></td><td><p>Each of this <strong>delicacy's</strong> targets treats their (choose one: @UUID[Compendium.projectfu.actor-effects.Item.vv2cqUDHaCJLmEYw]{Dexterity}; @UUID[Compendium.projectfu.actor-effects.Item.4G5iaieFDwGiIVrw]{Insight}; @UUID[Compendium.projectfu.actor-effects.Item.hX70STpGG5fgAAkp]{Might}; @UUID[Compendium.projectfu.actor-effects.Item.nXxz7GyqeIGtQpMG]{Willpower}) as if it were one die size higher (up to a maximum of<strong> d12</strong>) until the end of your next turn.</p></td></tr><tr><td data-colwidth=""281""><ol start=""12""><li><p></p></li></ol></td><td><p>During the next turn of each of this <strong>delicacy</strong>'s targets, all damage they deal becomes <strong>(choose one: air; bolt; earth; fire; ice; poison)</strong> and its type cannot change.</p></td></tr></tbody></table><p></p>",
INGREDIENTS TABLE,
"<h5>INGREDIENT TASTE</h5><p>@UUID[Compendium.projectfu.rollable-tables.RollTable.sKStLRxDOy1yZkuJ]{Ingredient Taste}</p><table><tbody><tr><td><ol><li><p>@UUID[Compendium.projectfu.skills.Item.9uSPEQZ4fi6PDkV1]{Bitter}</p></li></ol></td><td><ol start=""2""><li><p>@UUID[Compendium.projectfu.skills.Item.pClb5dXEgvo29U0C]{Salty}</p></li></ol></td><td><ol start=""3""><li><p>@UUID[Compendium.projectfu.skills.Item.oMpFTAPDl7SEG3v2]{Sour}</p></li></ol></td><td data-colwidth=""95""><ol start=""4""><li><p>@UUID[Compendium.projectfu.skills.Item.ZLrC6QQvsJOh4F2h]{Sweet}</p></li></ol></td><td><ol start=""5""><li><p>@UUID[Compendium.projectfu.skills.Item.DjSSat9WKMIziH5E]{Umami}</p></li></ol></td><td><ol start=""6""><li><p>Your choice</p></li></ol></td></tr></tbody></table><p></p>",
COOKBOOK VTT INSTRUCTIONS,
"<ol><li><p>To <strong>automate</strong> class feature, add the following item to your character sheet: @UUID[Compendium.projectfu.skills.Item.HQTDIy6suF8u6dAl]{Cookbook}</p></li><li><p>Import the following rollable tables to your world: @UUID[Compendium.projectfu.rollable-tables.RollTable.sKStLRxDOy1yZkuJ]{Ingredient Taste} and @UUID[Compendium.projectfu.rollable-tables.RollTable.LeFYrfI8SzWK4GAa]{Delicacy Effect}</p></li><li><p>When buying <strong>Ingredients</strong>, a list of pre-made ingredients can be found here: @UUID[.WwyByda2k4pQ7orX]{Ingredients Table}</p></li><li><p>Let's say we want to combine <strong>Sour</strong> and <strong>Salty</strong>, open the cookbook sheet and navigate to ""<strong>Details</strong>"" tab</p></li><li><p>There are two rows, press ""<strong>Sour</strong>"" in first row then ""<strong>Salty</strong>"" in second row. which opens the description section specific to that combination.</p></li><li><p>Roll from the <strong>Delicacy Effect</strong> rollable table and copy and paste that effect into the description. (If that effect has already been rolled, reroll from rollable table.</p></li><li><p>To <strong>start cooking</strong>, roll the Cookbook feature and combine various ingredients in the dialog menu.</p></li></ol>",
Invoker Rules,
INVOKER WELLSPRING RULES,
"<h3>DETERMINING AVAILABLE WELLSPRINGS</h3><p>During each scene, your surroundings grant you <strong>two different wellsprings:</strong> the Game Master tells you what they are. Remember to describe how wellsprings manifest in the scene; they may be natural features, objects, or even creatures.</p><blockquote><p><em><strong>Example:</strong> during a battle taking place on a steam-powered airship amidst stormy clouds, any two of <strong>air, fire, lightning</strong> and <strong>water</strong> would make sense</em></p></blockquote><p></p><h3>PERFORMING AN INVOCATION</h3><p>When you perform an <strong>invocation</strong>, choose one option you have access to among those in the table below (provided the corresponding wellspring is available in the scene); then, apply its effects to <strong>one</strong> creature you can see.</p><p>Your Skill Level in the @UUID[Compendium.projectfu.skills.Item.G5SMsS4TC1glE2VS]{Invocation} Skill determines which invocations you have access to: <strong>【SL 1】</strong> enables ""<strong>blast</strong>"" invocations, <strong>【SL 2】</strong> enables ""<strong>blast</strong>"" and ""<strong>hex</strong>"" invocations, and <strong>【SL 3】</strong> gives you access to all invocations.</p><blockquote><p><em><strong>Example: </strong>if <strong>air</strong> and <strong>earth</strong> wellsprings are available and your Skill Level is 2, you have access to <strong>Aero Blast</strong>, <strong>Aero Hex</strong>, <strong>Geo Blast</strong>, and <strong>Geo Hex</strong>.</em></p></blockquote><p>If an invocation deals damage, it will deal 5 extra damage if you are <strong>level 20 or higher</strong>, or 10 extra damage if you are <strong>level 40 or higher</strong>.</p><p>Similarly, if an invocation causes the target to recover Hit Points or lose Mind Points, the amount will increase by 10 if you are <strong>level 20 or higher</strong>, or by 20 if you are <strong>level 40 or higher</strong>.</p>",
INVOKER WELLSPRING LIST,
"<h5><strong>AIR WELLSPRINGS</strong></h5><table><tbody><tr><td><p><strong>Air wellspring</strong></p></td><td><p><strong>(damage type: air)</strong></p></td></tr><tr><td><p><strong>Aero Blast</strong></p></td><td><p><span class=""fontstyle0"">You deal @DMG[20 air] damage to the target.</span></p></td></tr><tr><td><p><strong>Aero Hex</strong></p></td><td><p><span class=""fontstyle0"">Until the start of your next turn, the target suffers 5 extra damage from all sources that deal </span><span class=""fontstyle2""><strong>bolt</strong> </span><span class=""fontstyle0"">and </span><span class=""fontstyle2""><strong>fire</strong> </span><span class=""fontstyle0"">damage. <strong>Target Suffers:</strong> @EFFECT[Compendium.projectfu.skills.Item.gLmFM7sGvsT3YEEQ]{Effect: Aero Hex}</span></p></td></tr><tr><td><p><strong>Breeze</strong></p></td><td><p>The target recovers @GAIN[30 hp].</p></td></tr><tr><td><p><strong>Twister</strong></p></td><td><p>The target suffers @DMG[10 air] and also suffers @EFFECT[dazed].</p></td></tr></tbody></table><hr /><h5>EARTH WELLSPRINGS</h5><table><tbody><tr><td><p><strong>Earth wellspring</strong></p></td><td><p><strong>(damage type: earth)</strong></p></td></tr><tr><td><p><strong>Geo Blast</strong></p></td><td><p>You deal @DMG[20 earth] damage to the target.</p></td></tr><tr><td><p><strong>Geo Hex</strong></p></td><td><p><span class=""fontstyle0"">Until the start of your next turn, the target suffers 5 extra damage from all sources that deal <strong>air</strong> and <strong>ice</strong> damage. <strong>Target Suffers:</strong> @EFFECT[Compendium.projectfu.skills.Item.XneKAK7lEd344SDX]{Effect: Geo Hex}</span></p></td></tr><tr><td><p><strong>Growth</strong></p></td><td><p>The target recovers @GAIN[30 hp].</p></td></tr><tr><td><p><strong>Quicksand</strong></p></td><td><p>The target suffers @DMG[10 earth] and also suffers @EFFECT[slow].</p></td></tr></tbody></table><hr /><h5>FIRE WELLSPRINGS</h5><table><tbody><tr><td><p><strong>Fire wellspring</strong></p></td><td><p><strong>(damage type: fire)</strong></p></td></tr><tr><td><p><strong>Pyro Blast</strong></p></td><td><p>You deal @DMG[20 fire] damage to the target.</p></td></tr><tr><td><p><strong>Pyro Hex</strong></p></td><td><p>Until the start of your next turn, the target suffers 5 extra damage from all sources that deal <strong>earth</strong> and <strong>ice</strong> damage.<span class=""fontstyle0""> <strong>Target Suffers:</strong> @EFFECT[Compendium.projectfu.skills.Item.P35wmm9xOT0bnImB]{Effect: Pyro Hex}</span></p></td></tr><tr><td><p><strong>Burst</strong></p></td><td><p>The target suffers @DMG[10 fire] and also suffers @EFFECT[shaken].</p></td></tr><tr><td><p><strong>Smoke</strong></p></td><td><p>The target loses @LOSS[20 mp] and also suffers @EFFECT[weak].</p></td></tr></tbody></table><hr /><h5>LIGHTNING WELLSPRINGS</h5><table><tbody><tr><td><p><strong>Lightning wellspring</strong></p></td><td><p><strong>(damage type: bolt)</strong></p></td></tr><tr><td><p><strong>Electro Blast</strong></p></td><td><p>You deal @DMG[20 bolt] damage to the target.</p></td></tr><tr><td><p><strong>Electro Hex</strong></p></td><td><p>Until the start of your next turn, the target suffers 5 extra damage from all sources that deal <strong>earth</strong> and <strong>fire</strong> damage.<span class=""fontstyle0""> <strong>Target Suffers:</strong> @EFFECT[Compendium.projectfu.skills.Item.Aotszm4Q25ys3Mbv]{Effect: Electro Hex}</span></p></td></tr><tr><td><p><strong>Static</strong></p></td><td><p>The target suffers @DMG[10 bolt] and also suffers @EFFECT[slow].</p></td></tr><tr><td><p><strong>Thunder</strong></p></td><td><p>The target loses @LOSS[20 mp] and also suffers @EFFECT[dazed].</p></td></tr></tbody></table><hr /><h5>WATER WELLSPRINGS</h5><table><tbody><tr><td><p><strong>Water wellspring</strong></p></td><td><p><strong>(damage type: ice)</strong></p></td></tr><tr><td><p><strong>Hydro Blast</strong></p></td><td><p>You deal @DMG[20 ice] damage to the target.</p></td></tr><tr><td><p><strong>Hydro Hex</strong></p></td><td><p>Until the start of your next turn, the target suffers 5 extra damage from all sources that deal <strong>air</strong> and <strong>bolt</strong> damage.<span class=""fontstyle0""> <strong>Target Suffers:</strong> @EFFECT[Compendium.projectfu.skills.Item.XpYrgDtYILIGS7Sf]{Effect: Hydro Hex}</span></p></td></tr><tr><td><p><strong>Chill</strong></p></td><td><p>The target loses @LOSS[20 mp] and also suffers @EFFECT[shaken].</p></td></tr><tr><td><p><strong>Frostbite</strong></p></td><td><p>The target suffers @DMG[10 ice] and also suffers @EFFECT[weak].</p></td></tr></tbody></table><hr />",
INVOKER VTT INSTRUCTIONS,
"<ol><li><p>To <strong>automate</strong> class feature, add the following item to your character sheet: @UUID[Compendium.projectfu.skills.Item.OCPEJcHypOPXaDUM]{Invocations}</p></li><li><p>A full list of <strong>wellsprings</strong> and their <strong>invocations</strong> can be found here: @UUID[.fmIxsqGCOKYYIxap]{Invoker Wellspring List}</p></li><li><p><strong>Game Master</strong>: Create a scene and in the scene control tools, click ""<strong>Project FU</strong>"" (represented as a star icon). In the sub-menu click ""<strong>Active Wellspring</strong>"" which opens the dialog for selecting what wellsprings are available to the character.</p><ol><li><p>Global represents Wellsprings that are available no matter what scene you are in.</p></li><li><p>Active Scene represents Wellsprings that are available only to the active scene.</p></li><li><p>Current Scene represents Wellsprings that are assigned to a specific scene.</p></li></ol></li><li><p>Open the invocation sheet and navigate to ""<strong>Details</strong>"" tab</p></li><li><p>Change your rank based on how much SL invested into the <strong>Invocation</strong> Skill.</p></li><li><p>To <strong>perform an invocation</strong>, roll the Invocations feature and select an option in the dialog menu.</p></li></ol>",
Magiseed Rules,
MAGISEED RULES,
"<h3>THE GARDEN</h3><p>When you plant a <strong>magiseed</strong>, it takes root in your <strong>garden</strong> until removed. Your <strong>garden </strong>is an <strong>abstract</strong> space whose appearance varies depending on your character’s look: it might be a pot on their back, a gap along their blade, or even the ground under their feet. Your <strong>garden</strong> can only contain <strong>one magiseed at a time</strong>, and any <strong>magiseeds</strong> in your <strong>garden</strong> are <strong>automatically removed</strong> at the end of each scene.</p><p></p><h3>THE GROWTH CLOCK</h3><p>When you acquire the @UUID[Compendium.projectfu.skills.Item.ZmzDl88kGMvrumoJ]{Chloromancy} Skill, you also receive a <strong>Growth Clock</strong> which is present <strong>only</strong> during conflict scenes and represents the cycle of life in your <strong>garden.</strong></p><ul><li><p>Your <strong>Growth Clock</strong> has <strong>4 sections</strong>, and it begins each scene <strong>empty</strong>.</p></li><li><p>At the end of your turn, if a <strong>magiseed</strong> is present in your <strong>garden, fill 1 section</strong> of your Growth Clock; <strong>then</strong>, if there is still a <strong>magiseed</strong> in your <strong>garden</strong> and that <strong>magiseed</strong> has an “at the end of your turn” effect (see below), apply that effect.</p></li><li><p>When you fill the <strong>fourth section</strong> of your Growth Clock, <strong>remove</strong> the <strong>magiseeds</strong> in your <strong>garden</strong>, then <strong>erase all sections</strong> of your Growth Clock.</p></li><li><p>Sections of your Growth Clock <strong>may not be filled nor erased</strong> in any way other than described above, through <strong>Brambleheart</strong> and <strong>Green Thumb</strong> (pages <strong>162</strong> and <strong>166</strong>), or through effects that <strong>explicitly affect Growth Clocks</strong>.</p></li></ul><h3>MAGISEED EFFECTS</h3><p><strong>Magiseeds</strong> can have passive effects, or have effects that trigger at the <strong>end</strong> of your turn, <strong>after</strong> your Growth Clock has increased.</p><ul><li><p>The effects of a <strong>magiseed</strong> apply only while it is present in your <strong>garden</strong>, and they vary depending on the current number of filled sections in your Growth Clock (⏱).</p></li><li><p>You only apply the effect corresponding to the <strong>exact number</strong> of currently filled sections in your <strong>Growth Clock</strong>, not any effect above or below it.</p></li><li><p>If a magiseed’s effect deals damage, it deals 5 extra damage if you are <strong>level 30 or higher</strong>. If a magiseed’s effect causes Hit Point and/or Mind Point loss and/or recovery, the amount increases by 10 if you are <strong>level 30 or higher</strong>.</p></li></ul><p></p><h3>MAGISEED LIST</h3><p>Below and in the next pages you will find a list of standard <strong>magiseeds</strong> that each Floralist can discover by investing levels into the <strong>Chloromancy</strong> Skill.</p><p>Your group can also collaboratively create new <strong>magiseeds</strong>, and the Game Master may opt to include them among <strong>rewards</strong>, obtained independently of your investment in <strong>Chloromancy</strong>. Each magiseed is worth approximately 1000 zenit; try your best to keep these new <strong>magiseeds</strong> on a similar power to those on the standard list.</p><p></p><h3>MAGISEED LIST</h3><p>@UUID[.Hohlh2a2C7nagtYB]{Magiseed List}</p>",
MAGISEED LIST,
"<h3>MAGISEED LIST</h3><p>Below and in the next pages you will find a list of standard <strong>magiseeds</strong> that each Floralist can discover by investing levels into the @UUID[Compendium.projectfu.skills.Item.ZmzDl88kGMvrumoJ]{Chloromancy} Skill.</p><p>Your group can also collaboratively create new <strong>magiseeds</strong>, and the Game Master may opt to include them among <strong>rewards</strong>, obtained independently of your investment in <strong>Chloromancy</strong>. Each magiseed is worth approximately 1000 zenit; try your best to keep these new <strong>magiseeds</strong> on a similar power to those on the standard list.</p><p></p><h3>ARCTIC NARCISSUS</h3><p>It stubbornly survives in frozen territories.</p><table><tbody><tr><td data-colwidth=""46""><p style=""text-align:center"">⏱</p></td><td><p><strong>Effect</strong></p></td></tr><tr><td data-colwidth=""46""><p style=""text-align:center""><strong>1</strong></p></td><td><p>You are Resistant to <strong>earth</strong> and <strong>ice</strong> damage.</p></td></tr><tr><td data-colwidth=""46""><p style=""text-align:center""><strong>2-3</strong></p></td><td><p>You and your allies present on the scene are Resistant to <strong>earth</strong> and <strong>ice</strong> damage.</p></td></tr></tbody></table><p>.</p><h3>BLAZING CHRYSANTHEMUM</h3><p>Its thick petals resemble an erupting volcano.</p><table><tbody><tr><td data-colwidth=""46""><p style=""text-align:center"">⏱</p></td><td><p><strong>Effect</strong></p></td></tr><tr><td data-colwidth=""46""><p style=""text-align:center""><strong>1-3</strong></p></td><td><p>At the end of your turn, choose <strong>earth</strong> or <strong>fire</strong>. Until you use this effect again or this <strong>magiseed</strong> is no longer in your <strong>garden</strong>, all damage dealt by you and every ally present on the scene becomes the chosen type, its type cannot change, and it ignores Resistances.</p></td></tr></tbody></table><p>.</p><h3>DESERT DAHLIA</h3><p>A tenacious plant, it doesn’t fear the dryness of dunes.</p><table><tbody><tr><td data-colwidth=""46""><p style=""text-align:center"">⏱</p></td><td><p><strong>Effect</strong></p></td></tr><tr><td data-colwidth=""46""><p style=""text-align:center""><strong>1</strong></p></td><td><p>You are Resistant to <strong>air</strong> and <strong>fire</strong> damage.</p></td></tr><tr><td data-colwidth=""46""><p style=""text-align:center""><strong>2-3</strong></p></td><td><p>You and your allies present on the scene are Resistant to <strong>air</strong> and <strong>fire</strong> damage.</p></td></tr></tbody></table><p>.</p><h3>GOLDEN GINKGO</h3><p>Its vibrantly colored leaves represent tenacity.</p><table><tbody><tr><td data-colwidth=""46""><p style=""text-align:center"">⏱</p></td><td><p><strong>Effect</strong></p></td></tr><tr><td data-colwidth=""46""><p style=""text-align:center""><strong>1</strong></p></td><td><p>At the end of your turn, you and every ally you can see recover from <strong>dazed</strong>, <strong>enraged</strong>, and <strong>shaken</strong>.</p></td></tr><tr><td data-colwidth=""46""><p style=""text-align:center""><strong>2-3</strong></p></td><td><p>At the end of your turn, you and every ally you can see recover an amount of Mind Points equal to<strong>【5 + your Skill Level in Chloromancy】</strong>.</p></td></tr></tbody></table><p>.</p><h3>GRAVE ASPHODEL</h3><p>Solemn and elegant, it embodies death’s ineluctability.</p><table><tbody><tr><td data-colwidth=""46""><p style=""text-align:center"">⏱</p></td><td data-colwidth=""510""><p><strong>Effect</strong></p></td></tr><tr><td data-colwidth=""46""><p style=""text-align:center""><strong>1</strong></p></td><td data-colwidth=""510""><p>At the end of your turn, you may choose an enemy you can see. If you do, that enemy suffers <strong>shaken</strong>.</p></td></tr><tr><td data-colwidth=""46""><p style=""text-align:center""><strong>2</strong></p></td><td data-colwidth=""510""><p>At the end of your turn, every enemy you can see suffers <strong>shaken</strong>.</p></td></tr><tr><td data-colwidth=""46""><p style=""text-align:center""><strong>3</strong></p></td><td data-colwidth=""510""><p>At the end of your turn, you deal an amount of <strong>dark</strong> damage equal to<strong>【15 + your Skill Level in Chloromancy】</strong> to each enemy you can see who is suffering from <strong>shaken</strong>.</p></td></tr></tbody></table><p>.</p><h3>HERMIT IRIS</h3><p>Its leaves carry whispers of ancient knowledge.</p><table><tbody><tr><td data-colwidth=""46""><p style=""text-align:center"">⏱</p></td><td><p><strong>Effect</strong></p></td></tr><tr><td data-colwidth=""46""><p style=""text-align:center""><strong>1</strong></p></td><td><p>At the end of your turn, choose an enemy you can see. The Game Master reveals its <strong>Level</strong>, <strong>Rank</strong>, <strong>Species</strong>, <strong>maximum Hit Points</strong>, <strong>maximum Mind Points</strong>, <strong>Traits</strong>, <strong>Attributes</strong>, <strong>Defense</strong>, and <strong>Magic Defense</strong>.</p></td></tr><tr><td data-colwidth=""46""><p style=""text-align:center""><strong>2-3</strong></p></td><td><p>At the end of your turn, choose an enemy you can see. The Game Master reveals its <strong>Level</strong>, <strong>Rank</strong>, <strong>Species</strong>, <strong>maximum Hit Points</strong>, <strong>maximum Mind Points</strong>, <strong>Traits</strong>, <strong>Attributes</strong>, <strong>Defense</strong>, <strong>Magic Defense</strong>, and <strong>Affinities</strong>.</p></td></tr></tbody></table><p>.</p><h3>HOOKLEAF NIGHTSHADE</h3><p>Its purplish berries contain a deadly magical venom.</p><table><tbody><tr><td data-colwidth=""46""><p style=""text-align:center""><strong>⏱</strong></p></td><td><p><strong>Effect</strong></p></td></tr><tr><td data-colwidth=""46""><p style=""text-align:center""><strong>0-1</strong></p></td><td><p>All damage you deal becomes <strong>poison</strong>, its type cannot change, and it ignores Immunities and Resistances.</p></td></tr><tr><td data-colwidth=""46""><p style=""text-align:center""><strong>2-3</strong></p></td><td><p>All damage you deal becomes <strong>poison</strong>, its type cannot change, and it ignores Immunities and Resistances. Additionally, when you deal <strong>poison</strong> damage for the first time during your turn, you deal extra damage equal to <strong>【your Skill Level in Chloromancy】</strong> and each creature that lost Hit Points this way suffers <strong>poisoned</strong>.</p></td></tr></tbody></table><p>.</p><h3>HORNED HAWTHORN</h3><p>Favored by witches and surgeons alike for its purifying properties.</p><table><tbody><tr><td data-colwidth=""46""><p style=""text-align:center""><strong>⏱</strong></p></td><td><p><strong>Effect</strong></p></td></tr><tr><td data-colwidth=""46""><p style=""text-align:center""><strong>0-1</strong></p></td><td><p>You are Resistant to <strong>dark</strong> and <strong>poison</strong> damage.</p></td></tr><tr><td data-colwidth=""46""><p style=""text-align:center""><strong>2-3</strong></p></td><td><p>You and your allies present on the scene are Resistant to <strong>dark</strong> and <strong>poison </strong>damage.</p></td></tr></tbody></table><p>.</p><h3>LUNAR MAGNOLIA</h3><p>It blooms in the darkest hours of the night.</p><table><tbody><tr><td data-colwidth=""46""><p style=""text-align:center""><strong>⏱</strong></p></td><td><p><strong>Effect</strong></p></td></tr><tr><td data-colwidth=""46""><p style=""text-align:center""><strong>1-3</strong></p></td><td><p>At the end of your turn, choose <strong>ice</strong> or <strong>light</strong>. Until you use this effect again or this <strong>magiseed</strong> is no longer in your <strong>garden</strong>, all damage dealt by you and every ally present on the scene becomes the chosen type, its type cannot change, and it ignores Resistances.</p></td></tr></tbody></table><p>.</p><h3>OCEAN LOTUS</h3><p>A graceful symbol of serenity and wisdom.</p><table><tbody><tr><td data-colwidth=""46""><p style=""text-align:center""><strong>⏱</strong></p></td><td><p><strong>Effect</strong></p></td></tr><tr><td data-colwidth=""46""><p style=""text-align:center""><strong>0-1</strong></p></td><td><p>You are immune to <strong>dazed</strong> and <strong>slow</strong>.</p></td></tr><tr><td data-colwidth=""46""><p style=""text-align:center""><strong>2</strong></p></td><td><p>You treat your <strong>Dexterity</strong> and <strong>Insight</strong> as being one die size higher (up to a maximum of <strong>d12</strong>).</p></td></tr><tr><td data-colwidth=""46""><p style=""text-align:center""><strong>3</strong></p></td><td><p>You and every ally you can see treat your <strong>Dexterity</strong> and <strong>Insight</strong> as being one die size higher (up to a maximum of <strong>d12</strong>).</p></td></tr></tbody></table><p>.</p><h3>PILGRIM GAZALIA</h3><p>Its flamboyant corolla is synonymous with abundance.</p><table><tbody><tr><td data-colwidth=""46""><p style=""text-align:center""><strong>⏱</strong></p></td><td><p><strong>Effect</strong></p></td></tr><tr><td data-colwidth=""46""><p style=""text-align:center""><strong>1-2</strong></p></td><td><p>At the end of your turn, choose yourself <strong>or</strong> another Player Character you can see.<br />The chosen character regains 2 Inventory Point.</p></td></tr><tr><td data-colwidth=""46""><p style=""text-align:center""><strong>3</strong></p></td><td><p>At the end of your turn, you <strong>and</strong> every other Player Character you can see regain 1 Inventory Point.</p></td></tr></tbody></table><p>.</p><h3>PRANCING DANDELION</h3><p>A symbol of energy and vivacity, it spreads seeds through stormy winds.</p><table><tbody><tr><td data-colwidth=""46""><p style=""text-align:center""><strong>⏱</strong></p></td><td><p><strong>Effect</strong></p></td></tr><tr><td data-colwidth=""46""><p style=""text-align:center""><strong>1-3</strong></p></td><td><p>At the end of your turn, choose <strong>air</strong> or <strong>bolt</strong>. Until you use this effect again or this <strong>magiseed</strong> is no longer in your <strong>garden</strong>, all damage dealt by you and every ally present on the scene becomes the chosen type, its type cannot change, and it ignores Resistances.</p></td></tr></tbody></table><p>.</p><h3>REGAL PROTEA</h3><p>A colorful and tenacious flower, favored by an ancient dynasty.</p><table><tbody><tr><td data-colwidth=""46""><p style=""text-align:center""><strong>⏱</strong></p></td><td><p><strong>Effect</strong></p></td></tr><tr><td data-colwidth=""46""><p style=""text-align:center""><strong>0-1</strong></p></td><td><p>You are immune to <strong>shaken</strong> and <strong>weak.</strong></p></td></tr><tr><td data-colwidth=""46""><p style=""text-align:center""><strong>2</strong></p></td><td><p>You treat your <strong>Might</strong> and <strong>Willpower</strong> as being one die size higher (up to a maximum of <strong>d12</strong>).</p></td></tr><tr><td data-colwidth=""46""><p style=""text-align:center""><strong>3</strong></p></td><td><p>You and every ally you can see treat your <strong>Might</strong> and <strong>Willpower</strong> as being one die size higher (up to a maximum of <strong>d12</strong>).</p></td></tr></tbody></table><p>.</p><h3>REMEDY LILY</h3><p>Its elegant flowers filter and purify spiritual energy.</p><table><tbody><tr><td data-colwidth=""46""><p style=""text-align:center""><strong>⏱</strong></p></td><td><p><strong>Effect</strong></p></td></tr><tr><td data-colwidth=""46""><p style=""text-align:center""><strong>1</strong></p></td><td><p>At the end of your turn, you and every ally you can see recover from <strong>poisoned</strong>, <strong>slow</strong>, and <strong>weak</strong>.</p></td></tr><tr><td data-colwidth=""46""><p style=""text-align:center""><strong>2-3</strong></p></td><td><p>At the end of your turn, you and every ally you can see recover an amount of Hit Points equal to<strong>【15 + your Skill Level in Chloromancy】</strong>.</p></td></tr></tbody></table><p>.</p><h3>SERRATED ROSE</h3><p>Its thorns form a tangle equally breathtaking and dangerous.</p><table><tbody><tr><td data-colwidth=""46""><p style=""text-align:center""><strong>⏱</strong></p></td><td><p><strong>Effect</strong></p></td></tr><tr><td data-colwidth=""46""><p style=""text-align:center""><strong>1</strong></p></td><td><p>At the end of your turn, you may choose an enemy you can see. If you do, that enemy suffers <strong>slow</strong>.</p></td></tr><tr><td data-colwidth=""46""><p style=""text-align:center""><strong>2</strong></p></td><td><p>At the end of your turn, every enemy you can see suffers <strong>slow</strong>.</p></td></tr><tr><td data-colwidth=""46""><p style=""text-align:center""><strong>3</strong></p></td><td><p>At the end of your turn, you deal an amount of <strong>physical</strong> damage equal to <strong>【15 + your Skill Level in Chloromancy】</strong> to each enemy you can see who is suffering from <strong>slow</strong>.</p></td></tr></tbody></table><p>.</p><h3>SILVER STRELITZIA</h3><p>Its silvery blossoms are easily mistaken for jewels.</p><table><tbody><tr><td data-colwidth=""46""><p style=""text-align:center""><strong>⏱</strong></p></td><td><p><strong>Effect</strong></p></td></tr><tr><td data-colwidth=""46""><p style=""text-align:center""><strong>0-1</strong></p></td><td><p>You are Resistant to <strong>bolt</strong> and <strong>light</strong> damage.</p></td></tr><tr><td data-colwidth=""46""><p style=""text-align:center""><strong>2-3</strong></p></td><td><p>You and your allies present on the scene are Resistant to <strong>bolt</strong> and <strong>light</strong> damage.</p></td></tr></tbody></table><p>.</p><h3>STAR PEONY</h3><p>It silently gazes into celestial depths.</p><table><tbody><tr><td data-colwidth=""46""><p style=""text-align:center""><strong>⏱</strong></p></td><td><p><strong>Effect</strong></p></td></tr><tr><td data-colwidth=""46""><p style=""text-align:center""><strong>1</strong></p></td><td><p>At the end of your turn, you may choose an enemy you can see. If you do, that enemy suffers <strong>dazed</strong>.</p></td></tr><tr><td data-colwidth=""46""><p style=""text-align:center""><strong>2</strong></p></td><td><p>At the end of your turn, every enemy you can see suffers <strong>dazed</strong>.</p></td></tr><tr><td data-colwidth=""46""><p style=""text-align:center""><strong>3</strong></p></td><td><p>At the end of your turn, you deal an amount of <strong>light</strong> damage equal to <strong>【15 + your Skill Level in Chloromancy】</strong> to each enemy you can see who is suffering from <strong>dazed</strong>.</p></td></tr></tbody></table><p>.</p><h3>STRIPED ORCHID</h3><p>Each segment of this plant is covered in toxins.</p><table><tbody><tr><td data-colwidth=""46""><p style=""text-align:center""><strong>⏱</strong></p></td><td><p><strong>Effect</strong></p></td></tr><tr><td data-colwidth=""46""><p style=""text-align:center""><strong>1</strong></p></td><td><p>At the end of your turn, you may choose an enemy you can see. If you do, that enemy suffers <strong>weak</strong></p></td></tr><tr><td data-colwidth=""46""><p style=""text-align:center""><strong>2</strong></p></td><td><p>At the end of your turn, every enemy you can see suffers <strong>weak</strong></p></td></tr><tr><td data-colwidth=""46""><p style=""text-align:center""><strong>3</strong></p></td><td><p>At the end of your turn, you deal an amount of <strong>poison</strong> damage equal to<strong>【15 + your Skill Level in Chloromancy】</strong> to each enemy you can see who is suffering from <strong>weak</strong>.</p></td></tr></tbody></table><p>.</p><h3><strong>WARDWATTLE</strong></h3><p>A tangle of robust branches, whose thorns spread powerful poison.</p><table><tbody><tr><td data-colwidth=""46""><p style=""text-align:center""><strong>⏱</strong></p></td><td><p><strong>Effect</strong></p></td></tr><tr><td data-colwidth=""46""><p style=""text-align:center""><strong>0-1</strong></p></td><td><p>You are Resistant to <strong>physical</strong> damage.</p></td></tr><tr><td data-colwidth=""46""><p style=""text-align:center""><strong>2</strong></p></td><td><p>You are Resistant to <strong>physical</strong> damage. Additionally, after a creature <strong>hits</strong> you with a melee attack, you deal an amount of <strong>physical</strong> damage to that creature equal to <strong>【5 + your Skill Level in Chloromancy】</strong> (after their attack was resolved).</p></td></tr><tr><td data-colwidth=""46""><p style=""text-align:center""><strong>3</strong></p></td><td><p>You are Resistant to <strong>physical</strong> damage. Additionally, after a creature <strong>hits</strong> you with a melee attack, you deal an amount of <strong>physical</strong> damage to that creature equal to <strong>【5 + your Skill Level in Chloromancy】</strong> , and then deal an amount of <strong>poison </strong>damage to that creature equal to <strong>【5 + your Skill Level in Chloromancy】</strong> (both these damage instances happen after that creature’s attack was resolved).</p></td></tr></tbody></table><p>.</p><h3>WRATHFUL CARNATION</h3><p>Despite their beauty, its yellow flowers emit an irritatingly pungent smell.</p><table><tbody><tr><td data-colwidth=""46""><p style=""text-align:center""><strong>⏱</strong></p></td><td><p><strong>Effect</strong></p></td></tr><tr><td data-colwidth=""46""><p style=""text-align:center""><strong>1-4</strong></p></td><td><p>When this <strong>magiseed</strong> leaves your <strong>garden</strong>, choose up to one enemy you can see.</p><p>Until the end of your next turn, when the chosen enemy performs an attack or casts an offensive spell (@ICON[offensive]), they must include you among the targets of that attack of spell (if able).</p><p>At the end of your turn, you may remove this <strong>magiseed</strong> from your <strong>garden</strong>; if you do, erase all sections of your Growth Clock.</p></td></tr></tbody></table><p>.</p>",
MAGISEED VTT INSTRUCTIONS,
"<ol><li><p>To <strong>automate</strong> class feature, add the following item to your character sheet: @UUID[Compendium.projectfu.skills.Item.Zinqoj32T5G0dmyv]{Garden}</p></li><li><p>Go to the ""<strong>Features""</strong> tab, and <strong>activate</strong> garden.</p></li><li><p>Now you can add magiseeds to your sheet, and <strong>plant</strong> it, sending it to your garden.</p></li><li><p>Navigate to the ""<strong>Stats</strong>"" tab and <strong>advance</strong> the Growth Clock.</p></li><li><p>To display the corresponding effects in chat, <strong>roll</strong> the magiseed.</p></li></ol>",
NPC SPELL LIST,
Psychic Gift Rules,
PSYCHIC GIFT RULES,
"<h3>USING A GIFT</h3><p><strong>Gifts</strong> can only be used when speciﬁc <strong>events</strong> take place. When this happens, you may spend an amount of Mind Points equal to <strong>【the number of ﬁlled sections in your Brainwave Clock, multiplied by 5】</strong> minimum 5 Mind Points) in order to apply the effects of that gift to the event.</p><ul><li><p>You may only use a <strong>single gift</strong> per event.</p></li><li><p>If a gift causes <strong>HP or MP recovery</strong>, or if it causes <strong>MP loss</strong>, the amounts increase by 10 if you are <strong>level 20 or higher</strong>, or by 20 if you are <strong>level 40 or higher</strong>.</p></li></ul><h3>THE BRAINWAVE CLOCK</h3><p>When you first acquire the @UUID[Compendium.projectfu.skills.Item.uiXJvj0qK0pVfnwY]{Psychic Gifts} Skill, <span class=""fontstyle0"">start </span>a <strong>Brainwave Clock</strong>.</p><ul><li><p>Your Brainwave Clock has <strong>4 sections</strong>, and it begins each scene <strong>empty</strong>.</p></li><li><p>After you resolve one of your <strong>gifts</strong>, <strong>fill 1 section</strong> of your Brainwave Clock (you do so <strong>after</strong> the effects of the <strong>gift</strong> have been calculated and applied).</p></li><li><p>Your Brainwave Clock determines your <strong>gifts' cost in Mind Points</strong>, as well as their <strong>effectiveness</strong> (see above). You can still use your <strong>gifts</strong> when the Clock is full.</p></li><li><p>Sections of your Brainwave Clock <strong>may not be filled</strong> in any way other than described above, and they <strong>may only be erased</strong> <span class=""fontstyle0"">through the </span><span class=""fontstyle2"">@UUID[Compendium.projectfu.heroic-skills.Item.iZIhU35ZCZ1zrbfL]{Brainwave Discharge} </span><span class=""fontstyle0"">Heroic Skill (see page </span><span class=""fontstyle2""><strong>171</strong></span><span class=""fontstyle0"">) or through effects that </span><span class=""fontstyle2""><strong>expressly</strong> </span><span class=""fontstyle0"">influence Brainwave Clocks.</span></p></li></ul>",
PSYCHIC GIFT LIST,
"<table style=""width:100%;height:34px"" border=""1""><tbody><tr style=""height:17px""><td style=""height:17px"" data-colwidth=""323""><p><strong>GIFT</strong></p></td><td><p style=""text-align:center""><strong>EVENT</strong></p></td></tr><tr style=""height:17px""><td style=""height:17px"" data-colwidth=""323""><p>@UUID[Compendium.projectfu.skills.Item.PN6y0O0YDvtzFDAy]{Atmokinesis}</p></td><td><p style=""text-align:center"">When you <strong>deal damage</strong></p></td></tr></tbody></table><p>That damage becomes <strong>air</strong> or <strong>bolt</strong>, and its source deals extra damage equal to <strong>【2 + the number of filled sections in your Brainwave Clock】</strong>.</p><table style=""width:100%;height:34px"" border=""1""><tbody><tr style=""height:17px""><td style=""height:17px"" data-colwidth=""323""><p><strong>GIFT</strong></p></td><td><p style=""text-align:center""><strong>EVENT</strong></p></td></tr><tr style=""height:17px""><td style=""height:17px"" data-colwidth=""323""><p>@UUID[Compendium.projectfu.skills.Item.SbBJH4ofSkOHZ7Mo]{Clairvoyance}</p></td><td><p style=""text-align:center"">When an NPC becomes your <strong>focus</strong> or</p><p style=""text-align:center"">when you create a <strong>Bond</strong> towards an NPC</p></td></tr></tbody></table><p>You ask the Game Master a single question about that NPC, and the Game Master must answers truthfully. Then, describe what sensation revealed this information to you. You may use this gift <strong>only once</strong> on each NPC.</p><table style=""width:100%;height:34px"" border=""1""><tbody><tr style=""height:17px""><td style=""height:17px"" data-colwidth=""323""><p><strong>GIFT</strong></p></td><td><p style=""text-align:center""><strong>EVENT</strong></p></td></tr><tr style=""height:17px""><td style=""height:17px"" data-colwidth=""323""><p>@UUID[Compendium.projectfu.skills.Item.sDiqo6su9LgYDQVh]{Gravitokinesis}</p></td><td><p style=""text-align:center"">When you <strong>deal damage</strong></p></td></tr></tbody></table><p>That damage becomes <strong>earth</strong> or <strong>physical</strong>, and its source deals extra damage equal to <strong>【2 + the number of filled sections in your Brainwave Clock】</strong>. If the source deals damage to one or more <strong>flying</strong> creatures, they are forced to land immediately.</p><table style=""width:100%;height:34px"" border=""1""><tbody><tr style=""height:17px""><td style=""height:17px"" data-colwidth=""323""><p><strong>GIFT</strong></p></td><td><p style=""text-align:center""><strong>EVENT</strong></p></td></tr><tr style=""height:17px""><td style=""height:17px"" data-colwidth=""323""><p>@UUID[Compendium.projectfu.skills.Item.PN8CkQbxXS6v01gk]{Life Transference}</p></td><td><p style=""text-align:center"">When you <strong>cause one or more creatures to lose HP</strong></p></td></tr></tbody></table><p>Choose yourself <strong>or</strong> an ally who is your <strong>focus</strong>: if the chosen creature is in <strong>Crisis</strong>, they recover an amount of Hit Points equal to <strong>【5 + (the number of filled sections in your Brainwave Clock, multiplied by 5)】.</strong></p><table style=""width:100%;height:34px"" border=""1""><tbody><tr style=""height:17px""><td style=""height:17px"" data-colwidth=""323""><p><strong>GIFT</strong></p></td><td><p style=""text-align:center""><strong>EVENT</strong></p></td></tr><tr style=""height:17px""><td style=""height:17px"" data-colwidth=""323""><p>@UUID[Compendium.projectfu.skills.Item.Gl94a8Sykg9WZhPs]{Photokinesis}</p></td><td><p style=""text-align:center"">When you <strong>deal damage</strong></p></td></tr></tbody></table><p>That damage becomes <strong>dark</strong> or <strong>light</strong>, and its source deals extra damage equal to <strong>【2 + the number of filled sections in your Brainwave Clock】.</strong></p><table style=""width:100%;height:34px"" border=""1""><tbody><tr style=""height:17px""><td style=""height:17px"" data-colwidth=""323""><p><strong>GIFT</strong></p></td><td><p style=""text-align:center""><strong>EVENT</strong></p></td></tr><tr style=""height:17px""><td style=""height:17px"" data-colwidth=""323""><p>@UUID[Compendium.projectfu.skills.Item.RikYwc1dD7YIEn3k]{Psychic Backlash}</p></td><td><p style=""text-align:center"">After an enemy <strong>succeeds on an Opposed Check</strong></p><p style=""text-align:center"">against you or <strong>causes you to lose Hit Points</strong></p></td></tr></tbody></table><p>That enemy loses an amount of Mind Points equal to <strong>【5 + (the number of filled sections in your Brainwave Clock, multiplied by 5)】</strong>. Then, choose one option: that enemy suffers <strong>dazed</strong>; or that enemy suffers <strong>shaken</strong>.</p><table style=""width:100%;height:34px"" border=""1""><tbody><tr style=""height:17px""><td style=""height:17px"" data-colwidth=""323""><p><strong>GIFT</strong></p></td><td><p style=""text-align:center""><strong>EVENT</strong></p></td></tr><tr style=""height:17px""><td style=""height:17px"" data-colwidth=""323""><p>@UUID[Compendium.projectfu.skills.Item.aqgXqI567dkudwMN]{Psychic Shield}</p></td><td><p style=""text-align:center"">After an enemy you can see <strong>performs an</strong></p><p style=""text-align:center""><strong>Accuracy Check or a Magic Check</strong></p></td></tr></tbody></table><p>For the purposes of that Check, you may treat your Defense and Magic Defense scores as being equal to <strong>【your current Willpower die size + (the number of filled sections in your Brainwave Clock, multiplied by 2)】</strong>. You may still use your normal scores if better.</p><table style=""width:100%;height:34px"" border=""1""><tbody><tr style=""height:17px""><td style=""height:17px"" data-colwidth=""323""><p><strong>GIFT</strong></p></td><td><p style=""text-align:center""><strong>EVENT</strong></p></td></tr><tr style=""height:17px""><td style=""height:17px"" data-colwidth=""323""><p>@UUID[Compendium.projectfu.skills.Item.ohueXD1PGP1TTRlq]{Reassuring Presence}</p></td><td><p style=""text-align:center"">After you <strong>cover</strong> an ally with the <strong>Guard</strong> action</p></td></tr></tbody></table><p>That ally recovers an amount of Mind Points equal to <strong>【10 + (the number of filled sections in your Brainwave Clock, multiplied by 5)】</strong>. If that ally is your <strong>focus</strong>, they heal from a single status effect of their choice out of <strong>dazed</strong>, <strong>enraged</strong>, and <strong>shaken</strong>.</p><table style=""width:100%;height:34px"" border=""1""><tbody><tr style=""height:17px""><td style=""height:17px"" data-colwidth=""323""><p><strong>GIFT</strong></p></td><td><p style=""text-align:center""><strong>EVENT</strong></p></td></tr><tr style=""height:17px""><td style=""height:17px"" data-colwidth=""323""><p>@UUID[Compendium.projectfu.skills.Item.rM8RIy8usVdVO0ro]{Thermokinesis}</p></td><td><p style=""text-align:center"">When you <strong>deal damage</strong></p></td></tr></tbody></table><p>That damage becomes <strong>fire</strong> or <strong>ice</strong>, and its source deals extra damage equal to <strong>【2 + the number of filled sections in your Brainwave Clock】</strong>.</p>",
PSYCHIC GIFT VTT INSTRUCTIONS,
"<ol><li><p>To <strong>automate</strong> class feature, add the following item to your character sheet: @UUID[Compendium.projectfu.skills.Item.FLyCnZOUFt8Xo4fi]{Brainwave Clock}</p></li><li><p>Now you can add psychic gifts to your sheet</p></li><li><p>After resolving one of your gifts, <strong>fill 1 section </strong>of your Brainwave Clock.</p></li><li><p>To display the corresponding effect in chat, <strong>roll</strong> the psychic gift.</p></li></ol>",
Spiritist Rules,
"<p>Spells marked with ( @ICON[offensive] ) are offensive spells and require Magic Checks!</p><table style=""height:34px;width:100%;border-width:1px;margin-left:auto;margin-right:auto"" border=""1""><colgroup><col style=""width:49.6504%""></col><col style=""width:16.7832%""></col><col style=""width:16.7832%""></col><col style=""width:16.7832%""></col></colgroup><tbody><tr style=""height:17px""><td style=""height:17px;border-width:1px""><strong>Spell</strong></td><td style=""height:17px;border-width:1px""><strong>MP</strong></td><td style=""height:17px;border-width:1px""><strong>Target</strong></td><td style=""height:17px;border-width:1px""><strong>Duration</strong></td></tr><tr style=""height:17px""><td style=""height:17px;border-width:1px"">@UUID[Compendium.projectfu.spells.Item.jd9jMsj2PNq99M64]{Aura}</td><td style=""height:17px;border-width:1px"">5 × T</td><td style=""height:17px;border-width:1px"">Up to three creatures</td><td style=""height:17px;border-width:1px"">Scene</td></tr></tbody></table><p>You project your soul outside your body and direct it to surround the targets, shielding<br />them from dangerous magic. Until this spell ends, each target may treat their Magic<br />Defense as being equal to 12 against any effects that target it (they are still free to use<br />their normal Defense score if higher than 12)</p><table style=""height:34px;width:100%;border-width:1px;margin-left:auto;margin-right:auto"" border=""1""><colgroup><col style=""width:49.6504%""></col><col style=""width:16.7832%""></col><col style=""width:16.7832%""></col><col style=""width:16.7832%""></col></colgroup><tbody><tr style=""height:17px""><td style=""height:17px;border-width:1px""><strong>Spell</strong></td><td style=""height:17px;border-width:1px""><strong>MP</strong></td><td style=""height:17px;border-width:1px""><strong>Target</strong></td><td style=""height:17px;border-width:1px""><strong>Duration</strong></td></tr><tr style=""height:17px""><td style=""height:17px;border-width:1px"">@UUID[Compendium.projectfu.spells.Item.NfVMYKMJ8Qp1DHJL]{Awaken}</td><td style=""height:17px;border-width:1px"">20</td><td style=""height:17px;border-width:1px"">One creature</td><td style=""height:17px;border-width:1px"">Scene</td></tr></tbody></table><p>You allow a creature to focus their vital energy into accomplishing what they previously<br />could not. Choose one Attribute: <strong>Dexterity</strong>, <strong>Insight</strong>, <strong>Might</strong>, or <strong>Willpower</strong>. Until this<br />spell ends, the target treats the chosen Attribute as if it were one die size higher (up<br />to a maximum of <strong>d12</strong>).</p><table style=""height:34px;width:100%;border-width:1px;margin-left:auto;margin-right:auto"" border=""1""><colgroup><col style=""width:49.6168%""></col><col style=""width:16.8213%""></col><col style=""width:16.8213%""></col><col style=""width:16.8213%""></col></colgroup><tbody><tr style=""height:17px""><td style=""height:17px;border-width:1px""><strong>Spell</strong></td><td style=""height:17px;border-width:1px""><strong>MP</strong></td><td style=""height:17px;border-width:1px""><strong>Target</strong></td><td style=""height:17px;border-width:1px""><strong>Duration</strong></td></tr><tr style=""height:17px""><td style=""height:17px;border-width:1px"">@UUID[Compendium.projectfu.spells.Item.pGDJPfT1bc2vErY9]{Barrier}</td><td style=""height:17px;border-width:1px"">5 × T</td><td style=""height:17px;border-width:1px"">Up to three creatures</td><td style=""height:17px;border-width:1px"">Scene</td></tr></tbody></table><p>You project your soul outside your body and weave it into a barrier to protect the<br />targets from attacks. Until this spell ends, each target may treat their Defense as being<br />equal to 12 against any effects that target it (they are still free to use their normal<br />Defense score if higher than 12).</p><table style=""height:34px;width:100%;border-width:1px;margin-left:auto;margin-right:auto"" border=""1""><colgroup><col style=""width:49.6504%""></col><col style=""width:16.7832%""></col><col style=""width:16.7832%""></col><col style=""width:16.7832%""></col></colgroup><tbody><tr style=""height:17px""><td style=""height:17px;border-width:1px""><strong>Spell</strong></td><td style=""height:17px;border-width:1px""><strong>MP</strong></td><td style=""height:17px;border-width:1px""><strong>Target</strong></td><td style=""height:17px;border-width:1px""><strong>Duration</strong></td></tr><tr style=""height:17px""><td style=""height:17px;border-width:1px"">@UUID[Compendium.projectfu.spells.Item.YIxwINZ4z4p04H8n]{Cleanse}</td><td style=""height:17px;border-width:1px""><p>5 × T</p></td><td style=""height:17px;border-width:1px"">Up to three creatures</td><td style=""height:17px;border-width:1px"">Instantaneous</td></tr></tbody></table><p>You strengthen and purify the soul energy coursing through your companions. Each<br />target recovers from all status effects.</p><table style=""height:34px;width:100%;border-width:1px;margin-left:auto;margin-right:auto"" border=""1""><colgroup><col style=""width:49.6504%""></col><col style=""width:16.7832%""></col><col style=""width:16.7832%""></col><col style=""width:16.7832%""></col></colgroup><tbody><tr style=""height:17px""><td style=""height:17px;border-width:1px""><strong>Spell</strong></td><td style=""height:17px;border-width:1px""><strong>MP</strong></td><td style=""height:17px;border-width:1px""><strong>Target</strong></td><td style=""height:17px;border-width:1px""><strong>Duration</strong></td></tr><tr style=""height:17px""><td style=""height:17px;border-width:1px"">@UUID[Compendium.projectfu.spells.Item.tUIUOqw8U9flVYFn]{Enrage} @ICON[offensive]</td><td style=""height:17px;border-width:1px"">10</td><td style=""height:17px;border-width:1px"">One creature</td><td style=""height:17px;border-width:1px"">Instantaneous</td></tr></tbody></table><p>You cause a creature to lose any semblance of temper and act brazenly. The target<br />suffers <strong>enraged </strong>and cannot perform the <strong>Guard </strong>or <strong>Spell </strong>actions during their next turn.</p><table style=""height:34px;width:100%;border-width:1px;margin-left:auto;margin-right:auto"" border=""1""><colgroup><col style=""width:49.6504%""></col><col style=""width:16.7832%""></col><col style=""width:16.7832%""></col><col style=""width:16.7832%""></col></colgroup><tbody><tr style=""height:17px""><td style=""height:17px;border-width:1px""><strong>Spell</strong></td><td style=""height:17px;border-width:1px""><strong>MP</strong></td><td style=""height:17px;border-width:1px""><strong>Target</strong></td><td style=""height:17px;border-width:1px""><strong>Duration</strong></td></tr><tr style=""height:17px""><td style=""height:17px;border-width:1px"">@UUID[Compendium.projectfu.spells.Item.JTyMViMTOUrc7bms]{Hallucination} @ICON[offensive]</td><td style=""height:17px;border-width:1px"">5 × T</td><td style=""height:17px;border-width:1px"">Up to three creatures</td><td style=""height:17px;border-width:1px"">Instantaneous</td></tr></tbody></table><p>You alter the senses of your enemies, causing them to experience bizarre or frightening<br />hallucinations. Choose <strong>dazed </strong>or <strong>shaken</strong>: you inflict the chosen status effect on each<br />target hit by this spell</p><table style=""height:34px;width:100%;border-width:1px;margin-left:auto;margin-right:auto"" border=""1""><tbody><tr style=""height:17px""><td style=""height:17px;border-width:1px;width:49.8588%""><p><strong>Spell</strong></p></td><td style=""height:17px;border-width:1px;width:17.3054%""><p><strong>MP</strong></p></td><td style=""height:17px;border-width:1px;width:16.2162%""><p><strong>Target</strong></p></td><td style=""height:17px;border-width:1px;width:16.5793%""><p><strong>Duration</strong></p></td></tr><tr style=""height:17px""><td style=""height:17px;border-width:1px;width:49.8588%""><p>@UUID[Compendium.projectfu.spells.Item.uQd6aE423mPv12Vc]{Heal}</p></td><td style=""height:17px;border-width:1px;width:17.3054%""><p>10 × T</p></td><td style=""height:17px;border-width:1px;width:16.2162%""><p>Up to three creatures</p></td><td style=""height:17px;border-width:1px;width:16.5793%""><p>Instantaneous</p></td></tr></tbody></table><p>You invigorate your companions, soothing their pain and healing their fatigue. Each<br />target recovers 40 Hit Points. This amount increases to 50 Hit Points if you are <strong>level</strong><br /><strong>20 or higher</strong>, or to 60 Hit Points if you are<strong> level 40 or higher</strong>.</p><table style=""height:34px;width:100%;border-width:1px;margin-left:auto;margin-right:auto"" border=""1""><colgroup><col style=""width:49.6504%""></col><col style=""width:16.7832%""></col><col style=""width:16.7832%""></col><col style=""width:16.7832%""></col></colgroup><tbody><tr style=""height:17px""><td style=""height:17px;border-width:1px""><strong>Spell</strong></td><td style=""height:17px;border-width:1px""><strong>MP</strong></td><td style=""height:17px;border-width:1px""><strong>Target</strong></td><td style=""height:17px;border-width:1px""><strong>Duration</strong></td></tr><tr style=""height:17px""><td style=""height:17px;border-width:1px"">@UUID[Compendium.projectfu.spells.Item.c73bNM930l9ZUJZh]{Lux} @ICON[offensive]</td><td style=""height:17px;border-width:1px"">10 × T</td><td style=""height:17px;border-width:1px"">Up to three creatures</td><td style=""height:17px;border-width:1px"">Instantaneous</td></tr></tbody></table><p>You focus your inner energy into a barrage of blinding soul rays. Each target hit by this<br />spell suffers <strong>【HR + 15】 light </strong>damage.<br /><strong>Opportunity</strong>: Each target hit by this spell suffers <strong>dazed</strong>.</p><table style=""height:34px;width:100%;border-width:1px;margin-left:auto;margin-right:auto"" border=""1""><colgroup><col style=""width:49.6504%""></col><col style=""width:16.7832%""></col><col style=""width:16.7832%""></col><col style=""width:16.7832%""></col></colgroup><tbody><tr style=""height:17px""><td style=""height:17px;border-width:1px""><strong>Spell</strong></td><td style=""height:17px;border-width:1px""><strong>MP</strong></td><td style=""height:17px;border-width:1px""><strong>Target</strong></td><td style=""height:17px;border-width:1px""><strong>Duration</strong></td></tr><tr style=""height:17px""><td style=""height:17px;border-width:1px"">@UUID[Compendium.projectfu.spells.Item.puwGwI8mNZeDo7Il]{Mercy}</td><td style=""height:17px;border-width:1px"">20</td><td style=""height:17px;border-width:1px"">One creature</td><td style=""height:17px;border-width:1px"">Scene</td></tr></tbody></table><p>You strengthen the heart of a creature against suffering and despair. Until this spell<br />ends, if the target would be reduced to 0 Hit Points, they are instead left standing with<br />exactly 1 Hit Point. Once that happens, this spell ends.</p><table style=""height:34px;width:100%;border-width:1px;margin-left:auto;margin-right:auto"" border=""1""><tbody><tr style=""height:17px""><td style=""height:17px;border-width:1px;width:49.8466%""><p><strong>Spell</strong></p></td><td style=""height:17px;border-width:1px;width:16.5644%""><p><strong>MP</strong></p></td><td style=""height:17px;border-width:1px;width:17.0245%""><p><strong>Target</strong></p></td><td style=""height:17px;border-width:1px;width:16.5644%""><p><strong>Duration</strong></p></td></tr><tr style=""height:17px""><td style=""height:17px;border-width:1px;width:49.8466%""><p>@UUID[Compendium.projectfu.spells.Item.ZxDpmAqbYQqDULxd]{Reinforce}</p></td><td style=""height:17px;border-width:1px;width:16.5644%""><p>5 × T</p></td><td style=""height:17px;border-width:1px;width:17.0245%""><p>Up to three creatures</p></td><td style=""height:17px;border-width:1px;width:16.5644%""><p>Scene</p></td></tr></tbody></table><p>You protect the targets from attacks that would corrupt their body and spirit. Choose<br /><strong>dazed</strong>, <strong>enraged</strong>, <strong>poisoned</strong>, <strong>shaken</strong>, <strong>slow</strong>, or <strong>weak</strong>. Until this spell ends, each target<br />becomes immune to the chosen status effect.</p><table style=""height:34px;width:100%;border-width:1px;margin-left:auto;margin-right:auto"" border=""1""><tbody><tr style=""height:17px""><td style=""height:17px;border-width:1px;width:49.8404%""><p><strong>Spell</strong></p></td><td style=""height:17px;border-width:1px;width:16.5417%""><p><strong>MP</strong></p></td><td style=""height:17px;border-width:1px;width:16.9691%""><p><strong>Target</strong></p></td><td style=""height:17px;border-width:1px;width:16.6489%""><p><strong>Duration</strong></p></td></tr><tr style=""height:17px""><td style=""height:17px;border-width:1px;width:49.8404%""><p>@UUID[Compendium.projectfu.spells.Item.74xXBzLlG5C0hTf9]{Soul Weapon}</p></td><td style=""height:17px;border-width:1px;width:16.5417%""><p>10</p></td><td style=""height:17px;border-width:1px;width:16.9691%""><p>One equipped weapon</p></td><td style=""height:17px;border-width:1px;width:16.6489%""><p>Scene</p></td></tr></tbody></table><p>You imbue a weapon with the cleansing energy of your spirit. Until this spell ends,<br />all damage dealt by the weapon becomes of the light type. If you have that weapon<br />equipped while you cast this spell, you may perform a free attack with it as part of<br />the same action.<br />This spell can only be cast on a weapon equipped by a willing creature</p><table style=""height:34px;width:100%;border-width:1px;margin-left:auto;margin-right:auto"" border=""1""><tbody><tr style=""height:17px""><td style=""height:17px;border-width:1px;width:49.8404%""><p><strong>Spell</strong></p></td><td style=""height:17px;border-width:1px;width:16.5417%""><p><strong>MP</strong></p></td><td style=""height:17px;border-width:1px;width:16.9691%""><p><strong>Target</strong></p></td><td style=""height:17px;border-width:1px;width:16.6489%""><p><strong>Duration</strong></p></td></tr><tr style=""height:17px""><td style=""height:17px;border-width:1px;width:49.8404%""><p>@UUID[Compendium.projectfu.spells.Item.9ENpDMvIOH9FJAka]{Torpor} @ICON[offensive]</p></td><td style=""height:17px;border-width:1px;width:16.5417%""><p>5 × T</p></td><td style=""height:17px;border-width:1px;width:16.9691%""><p>Up to three creatures</p></td><td style=""height:17px;border-width:1px;width:16.6489%""><p>Instantaneous</p></td></tr></tbody></table><p>You smother the soul energy coursing through the bodies of your foes, hindering their<br />movements. Choose <strong>slow </strong>or <strong>weak</strong>: you inflict the chosen status effect on each target<br />hit by this spell.</p>",
Symbol Rules,
SYMBOL RULES,
"<p><span class=""fontstyle0""><strong>Symbols </strong></span><span class=""fontstyle2"">follow a set of special rules.</span></p><ul><li><p><span class=""fontstyle2"">A creature may </span><span class=""fontstyle0""><strong>only bear one symbol at a time</strong> </span><span class=""fontstyle2"">— if they receive a new </span><span class=""fontstyle0""><strong>symbol</strong></span><span class=""fontstyle2"">, regardless of source, any previous </span><span class=""fontstyle0"">symbol </span><span class=""fontstyle2"">is destroyed.</span></p></li><li><p><strong>Symbols </strong><span class=""fontstyle2"">and their effects have unlimited durations until destroyed.</span></p></li><li><p><span class=""fontstyle2"">If a Symbolist dies, each </span><span class=""fontstyle0""><strong>symbol </strong></span><span class=""fontstyle2"">they created is immediately and automatically destroyed.</span></p></li><li><p><span class=""fontstyle2"">If a creature bearing a </span><span class=""fontstyle0""><strong>symbol </strong></span><span class=""fontstyle2"">dies, that </span><span class=""fontstyle0""><strong>symbol </strong></span><span class=""fontstyle2"">is also destroyed. </span>However, if the creature is an NPC that simply changes its form and statistics when reduced to 0 Hit Points, that does not remove the <strong>symbol</strong><span style=""font-family:var(--font-primary)"">: </span>in short, the symbol is “narratively” tied to that specific character, not to their current manifestation and parameters.</p></li><li><p><span class=""fontstyle2"">A Villain may, during a Game Master scene, spend 1 Ultima Point to destroy any number of </span><span class=""fontstyle0""><strong>symbols </strong></span><span class=""fontstyle2"">borne by themselves and by any of their allies that are present during that scene. </span>This is the <strong>only possible way to remove a symbol</strong> against the will of the Symbolist who created it, save for the use of an <strong>opportunity </strong>appropriate to the scene or an NPC Skill specifically created by the GM (but this should be done no more than two or three times per campaign).</p></li><li><p>A Symbolist may destroy any number of their <strong>symbols</strong> at any time, no action required.</p></li><li><p><span class=""fontstyle0"">If a </span><strong>symbol </strong><span class=""fontstyle0"">requires you to make a choice when it is created, that choice applies to all copies of the </span><strong>symbol </strong><span class=""fontstyle0"">created with that action (but does not affect any copies of that </span><strong>symbol </strong><span class=""fontstyle0"">created through previous actions).</span> </p></li></ul><blockquote><p><span class=""fontstyle2""><em>For instance, if a Symbolist applies two </em></span><span class=""fontstyle0""><em><strong>symbols of weakness (fire)</strong> </em></span><span class=""fontstyle2""><em>through the </em></span><span class=""fontstyle0""><em>@UUID[Compendium.projectfu.skills.Item.Twj3wpoMzSpUE3Go]{Symbolism}<strong> </strong></em></span><span class=""fontstyle2""><em>Skill, combining it with an attack with the </em></span><span class=""fontstyle0""><em><strong>multi (2)</strong> </em></span><span class=""fontstyle2""><em>property, the creatures who receive those </em></span><span class=""fontstyle0""><em><strong>symbols </strong></em></span><span class=""fontstyle2""><em>will suffer extra damage from </em></span><span class=""fontstyle0""><em><strong>fire</strong></em></span><span class=""fontstyle2""><em>. If shortly afterwards the Symbolist applies a </em></span><span class=""fontstyle0""><em><strong>symbol of weakness (bolt)</strong> </em></span><span class=""fontstyle2""><em>on a third creature, the two previous creatures will still receive extra damage from </em></span><span class=""fontstyle0""><em><strong>fire</strong></em></span><span class=""fontstyle2""><em>, not </em></span><span class=""fontstyle0""><em><strong>bolt</strong></em></span><span class=""fontstyle2""><em>.</em></span></p></blockquote><p><span class=""fontstyle2"">Remember that the maximum number of </span><span class=""fontstyle0""><strong>symbols </strong></span><span class=""fontstyle2"">you may have active at the same time is based on your Skill Level in </span><span class=""fontstyle0""><strong>Symbolism</strong></span><span class=""fontstyle2"">.</span></p>",
SYMBOL LIST,
"<table border=""1""><colgroup><col></col></colgroup><tbody><tr><td><strong>SYMBOL</strong></td></tr><tr><td>@UUID[Compendium.projectfu.skills.Item.C8Erod4IEe7SCEGF]{Symbol of Binding}</td></tr></tbody></table><p>The <strong>current </strong>Attribute die sizes of the creature bearing this <strong>symbol </strong>can <strong>never </strong>be <strong>higher </strong>than that creature’s corresponding <strong>base </strong>Attribute die sizes (this does <strong>not</strong> end any spells or effects, but it will negate their influence over the creature’s Attributes).</p><table border=""1""><colgroup><col></col></colgroup><tbody><tr><td><strong>SYMBOL</strong></td></tr><tr><td>@UUID[Compendium.projectfu.skills.Item.5PBHJ7pd0OQlnIoa]{Symbol of Creation}</td></tr></tbody></table><p>When the creature bearing this <strong>symbol </strong>needs to spend Inventory Points during a conflict, they may instead destroy this <strong>symbol </strong>to spend no Inventory Points.</p><table style=""width:100%;height:34px"" border=""1""><colgroup><col style=""width:99.8408%""></col></colgroup><tbody><tr style=""height:17px""><td style=""height:17px""><strong>SYMBOL</strong></td></tr><tr style=""height:17px""><td style=""height:17px"">@UUID[Compendium.projectfu.skills.Item.Tr7be00yVo0KtNvA]{Symbol of Despair}</td></tr></tbody></table><p>When the creature bearing this <strong>symbol </strong>recovers Hit Points and/or Mind Points during conflicts, instead they only recover <strong>half </strong>the normal amount of Hit Points and/or Mind Points, respectively.</p><table style=""width:100%;height:34px"" border=""1""><colgroup><col style=""width:99.8408%""></col></colgroup><tbody><tr style=""height:17px""><td style=""height:17px""><strong>SYMBOL</strong></td></tr><tr style=""height:17px""><td style=""height:17px"">@UUID[Compendium.projectfu.skills.Item.iHSsrs2yonFdBM6g]{Symbol of Destiny}</td></tr></tbody></table><p>After the creature bearing this <strong>symbol </strong>makes a Check, if you are able to see them, you may spend 1 Fabula Point to force that creature to reroll both dice. You may only do so once per Check, and only if the Result was not a <strong>critical success</strong> or <strong>fumble</strong>.</p><table style=""width:100%;height:34px"" border=""1""><colgroup><col style=""width:99.8408%""></col></colgroup><tbody><tr style=""height:17px""><td style=""height:17px""><strong>SYMBOL</strong></td></tr><tr style=""height:17px""><td style=""height:17px"">@UUID[Compendium.projectfu.skills.Item.urIOyQRzl8QncNxx]{Symbol of Elements}</td></tr></tbody></table><p>When you create this <strong>symbol</strong>, choose a damage type: <strong>air</strong>, <strong>bolt</strong>, <strong>dark</strong>, <strong>earth</strong>, <strong>fire</strong>, <strong>ice</strong>, <strong>light</strong>, or <strong>poison</strong>. When the creature bearing this <strong>symbol</strong> deals damage to one or more creatures, if you can see the creature bearing this <strong>symbol</strong>, you may spend an amount of Mind Points equal to <strong>one third of the total damage being inflicted to those creatures</strong> (including any sources of extra damage). If you do, all damage dealt this way changes type to the type chosen when you created this <strong>symbol</strong>.</p><table style=""width:100%;height:51px"" border=""1""><colgroup><col style=""width:99.8408%""></col></colgroup><tbody><tr style=""height:17px""><td style=""height:17px""><strong>SYMBOL</strong></td></tr><tr style=""height:34px""><td style=""height:34px"">@UUID[Compendium.projectfu.skills.Item.3J1BQmBqy0Eik9vs]{Symbol of Enmity}</td></tr></tbody></table><p>As long as the creature bearing this <strong>symbol</strong> is in <strong>Crisis</strong>, any of that creature’s enemies who are able to see them must include them among the targets of their attacks and offensive spells ( @ICON[offensive] ), if possible.</p><table border=""1""><colgroup><col></col></colgroup><tbody><tr><td><strong>SYMBOL</strong></td></tr><tr><td>@UUID[Compendium.projectfu.skills.Item.Ux5c14Qc2z8CM45R]{Symbol of Flux}</td></tr></tbody></table><p>When you create this symbol, choose a status effect: <strong>dazed</strong>, <strong>shaken</strong>, <strong>slow</strong>, or <strong>weak</strong>. Then, choose one option: the creature bearing this symbol gains immunity to the chosen status effect; <strong>or</strong> the creature bearing this symbol loses immunity to the chosen status effect and cannot gain it.</p><table border=""1""><colgroup><col></col></colgroup><tbody><tr><td><strong>SYMBOL</strong></td></tr><tr><td>@UUID[Compendium.projectfu.skills.Item.Z0eCInqiNK4Pn877]{Symbol of Forbiddance}</td></tr></tbody></table><p>When you create this symbol, choose an action type: <strong>Attack, Guard, Objective, Spell,</strong> or <strong>Skill</strong>. When the creature bearing this <strong>symbol</strong> performs the chosen action, they lose 5 Hit Points and 5 Mind Points (<strong>before</strong> performing that action). Both amounts increase to 10 if you are <strong>level 20 or higher</strong>, or to 20 if you are <strong>level 40 or higher</strong>.</p><table border=""1""><colgroup><col></col></colgroup><tbody><tr><td><strong>SYMBOL</strong></td></tr><tr><td>@UUID[Compendium.projectfu.skills.Item.CP9b72ogOaEdOfMg]{Symbol of Growth}</td></tr></tbody></table><p>Spells with a <strong>target</strong> of “Up to three creatures” cast by the creature bearing this <strong>symbol</strong> have a <strong>target</strong> of “Up to four creatures” instead. The creature still needs to spend additional Mind Points for a fourth target.</p><table border=""1""><colgroup><col></col></colgroup><tbody><tr><td><strong>SYMBOL</strong></td></tr><tr><td>@UUID[Compendium.projectfu.skills.Item.cdGykEcach4ktPAV]{Symbol of Metamorphosis}</td></tr></tbody></table><p>When you create this <strong>symbol</strong>, choose a Species: <strong>beast</strong>, <strong>construct</strong>, <strong>demon</strong>, <strong>elemental</strong>, <strong>monster</strong>, <strong>plant</strong>, or <strong>undead</strong>. The creature bearing this <strong>symbol</strong> is treated as belonging to the chosen Species for the sake of Skills and effects, instead of their normal Species (this does <strong>not</strong> otherwise alter any of the creature’s profile, such as their Affinities or any special rules they may have). This <strong>symbol cannot</strong> be applied to Player Characters.</p><table style=""width:100%;height:51px"" border=""1""><colgroup><col style=""width:99.8408%""></col></colgroup><tbody><tr style=""height:17px""><td style=""height:17px""><strong>SYMBOL</strong></td></tr><tr style=""height:34px""><td style=""height:34px"">@UUID[Compendium.projectfu.skills.Item.KKldqSKGvST62xI1]{Symbol of Prosperity}</td></tr></tbody></table><p>When the creature bearing this <strong>symbol</strong> spends 1 Fabula Point to <strong>invoke a Trait or Bond</strong>, they also receive 100 zenit.</p><table border=""1""><colgroup><col></col></colgroup><tbody><tr><td><strong>SYMBOL</strong></td></tr><tr><td>@UUID[Compendium.projectfu.skills.Item.8ZSKkQu1aIZzVl1x]{Symbol of Protection}</td></tr></tbody></table><p>When you create this <strong>symbol</strong>, choose a damage type: <strong>air</strong>, <strong>bolt</strong>, <strong>dark</strong>, <strong>earth</strong>, <strong>fire</strong>, <strong>ice</strong>, <strong>light</strong>, or <strong>poison</strong>. The creature bearing this <strong>symbol</strong> <strong>gains Resistance</strong> to the chosen damage type.</p><table border=""1""><colgroup><col></col></colgroup><tbody><tr><td><strong>SYMBOL</strong></td></tr><tr><td>@UUID[Compendium.projectfu.skills.Item.9nJVufRrPpqtlnqM]{Symbol of Rebellion}</td></tr></tbody></table><p>If a <strong>Villain</strong> is present on the scene, any Opposed Checks made by the creature bearing this <strong>symbol</strong> trigger a <strong>critical success</strong> when both dice show the same number (as long as the Check is not a <strong>fumble</strong>).</p><table border=""1""><colgroup><col></col></colgroup><tbody><tr><td><strong>SYMBOL</strong></td></tr><tr><td>@UUID[Compendium.projectfu.skills.Item.9jbjucRoYnGMzhrX]{Symbol of Rebirth}</td></tr></tbody></table><p>If the creature bearing this <strong>symbol </strong>is about to be reduced to 0 Hit Points, they may destroy this <strong>symbol</strong>: if they do, they are instead reduced to exactly 1 Hit Point.</p><table style=""width:100%;height:51px"" border=""1""><colgroup><col style=""width:99.8408%""></col></colgroup><tbody><tr style=""height:17px""><td style=""height:17px""><strong>SYMBOL</strong></td></tr><tr style=""height:34px""><td style=""height:34px"">@UUID[Compendium.projectfu.skills.Item.WaUaCDP2JzHSLbTy]{Symbol of Revenge}</td></tr></tbody></table><p>When a creature in <strong>Crisis</strong> hits the creature bearing this <strong>symbol</strong> with an attack or offensive spell ( @ICON[offensive] ), the creature in <strong>Crisis</strong> recovers 5 Hit Points and 5 Mind Points.</p><table border=""1""><colgroup><col></col></colgroup><tbody><tr><td><strong>SYMBOL</strong></td></tr><tr><td>@UUID[Compendium.projectfu.skills.Item.XOrWUE6boHzXhAdF]{Symbol of Sacrifice}</td></tr></tbody></table><p>When the creature bearing this <strong>symbol</strong> suffers damage, if you are able to see them, you may destroy this <strong>symbol</strong>: if you do, you suffer the same amount of damage instead of that creature.</p><table border=""1""><colgroup><col></col></colgroup><tbody><tr><td><strong>SYMBOL</strong></td></tr><tr><td>@UUID[Compendium.projectfu.skills.Item.SWhDqdjU2KYWDRK5]{Symbol of Sorcery}</td></tr></tbody></table><p>The total Mind Point cost of spells that target the creature bearing this <strong>symbol</strong> is reduced by 5 MP (to a minimum total cost of 5 MP). If a spell targets multiple creatures bearing this <strong>symbol</strong>, the effect will be <strong>cumulative</strong>.</p><table border=""1""><colgroup><col></col></colgroup><tbody><tr><td><strong>SYMBOL</strong></td></tr><tr><td>@UUID[Compendium.projectfu.skills.Item.FqGCSJ0ZIHp3p8tQ]{Symbol of Truth}</td></tr></tbody></table><p>Checks performed to examine or locate the creature bearing this <strong>symbol</strong>, as well as Accuracy Checks and Magic Checks for attacks and offensive spells ( @ICON[offensive] ) that include the creature bearing this <strong>symbol</strong> among their targets, gain a +2 bonus. If an attack or spell targets multiple creatures bearing this <strong>symbol</strong>, the effect will be <strong>cumulative</strong>.</p><table border=""1""><colgroup><col></col></colgroup><tbody><tr><td><strong>SYMBOL</strong></td></tr><tr><td>@UUID[Compendium.projectfu.skills.Item.mP9ngLOdPcZfCyoM]{Symbol of Weakness}</td></tr></tbody></table><p>When you create this <strong>symbol</strong>, choose a damage type: <strong>air</strong>, <strong>bolt</strong>, <strong>dark</strong>, <strong>earth</strong>, <strong>fire</strong>, <strong>ice</strong>, <strong>light</strong>, or <strong>poison</strong>. The creature bearing this <strong>symbol</strong> suffers 5 extra damage from sources dealing damage of the chosen type.</p>",
Therioforms Rules,
THERIOFORM RULES,
"<p>Therioforms are mutations that grant powerful abilities; the way they manifest on your character is completely up to you - <strong>Pterotheria</strong>, for instance, might turn you into a person-sized bat or simply give you feathered wings.</p><ul><li><p>Once you use the @UUID[Compendium.projectfu.skills.Item.pmwdU2AGU0JtrWw8]{Theriomorphosis} Skill, the chosen <strong>therioforms</strong> last until the end of the scene. They also end if you die or fall unconscious, perform the Guard action, or use the <strong>Theriomorphosis</strong> Skill again (this includes using it through @UUID[Compendium.projectfu.skills.Item.mWqx8pto9gbbwMoG]{Genoclepsis}).</p></li><li><p>You may end the effects of your <strong>Theriomorphosis</strong> at any time, but during a conflict you can only do so on your turn, <strong>before or after</strong> an action.</p></li><li><p>When a scene ends, if you are under the effects of <strong>Theriomorphosis</strong>, you may spend @LOSS[10 mp] to extend your <strong>current therioforms</strong> to the next scene you will be in.</p></li></ul>",
THERIOFORM LIST,
"<table style=""width:100%;height:34px;border:1px solid black""><tbody><tr style=""height:17px""><td style=""height:17px;width:50%"" data-colwidth=""323""><p><strong>THERIOFORM</strong></p></td><td style=""width:50%""><p style=""text-align:center""><strong>GENOCLEPSIS ADVICE</strong></p></td></tr><tr style=""height:17px""><td style=""height:17px"" data-colwidth=""323""><p>@UUID[Compendium.projectfu.skills.Item.R2Opf7lWAOrOiiC6]{Amphibia}</p></td><td><p>Frogs, salamanders, regenerating creatures, aquatic monsters.</p></td></tr></tbody></table><p>You may breathe underwater and your eyes can see perfectly in dim light.</p><p>When you recover Hit Points, you recover <strong>5 additional Hit Points</strong> and you may immediately recover from a single status effect of your choice.</p><table style=""width:100%;height:34px;border:1px solid black""><tbody><tr style=""height:17px""><td style=""height:17px;width:50%"" data-colwidth=""245""><p><strong>THERIOFORM</strong></p></td><td style=""width:50%""><p style=""text-align:center""><strong>GENOCLEPSIS ADVICE</strong></p></td></tr><tr style=""height:17px""><td style=""height:17px"" data-colwidth=""245""><p>@UUID[Compendium.projectfu.skills.Item.hm5LaJoCgBZo398G]{Arpaktida}</p></td><td style=""text-align:center""><p>Wolves, birds of prey, creatures with sharp hunting senses.</p></td></tr></tbody></table><p>You treat your <strong>Insight</strong> as if it were one die size higher (to a maximum of <strong>d12</strong>).</p><p>When you deal damage to one or more creatures for the first time during your turn, if at least one of them is in <strong>Crisis</strong>, you deal <strong>5 extra damage</strong> to each of those creatures.</p><table style=""width:100%;height:34px;border:1px solid black""><tbody><tr style=""height:17px""><td style=""height:17px;width:50%"" data-colwidth=""323""><p><strong>THERIOFORM</strong></p></td><td style=""width:50%""><p style=""text-align:center""><strong>GENOCLEPSIS ADVICE</strong></p></td></tr><tr style=""height:17px""><td style=""height:17px"" data-colwidth=""323""><p>@UUID[Compendium.projectfu.skills.Item.g7G1eUEz0VaS5bNg]{Dynamotheria}</p></td><td><p>Bears, dinosaurs, creatures of massive size and strength.</p></td></tr></tbody></table><p>You treat your <strong>Might</strong> as if it were one die size higher (to a maximum of <strong>d12</strong>).</p><p>When you succeed on a Check to advance or turn back a Clock, if that Check includes <strong>Might</strong>, you may fill or erase <strong>1 additional section</strong> of that Clock.</p><table style=""width:100%;height:34px;border:1px solid black""><tbody><tr style=""height:17px""><td style=""height:17px;width:50%"" data-colwidth=""323""><p><strong>THERIOFORM</strong></p></td><td style=""width:50%""><p style=""text-align:center""><strong>GENOCLEPSIS ADVICE</strong></p></td></tr><tr style=""height:17px""><td style=""height:17px"" data-colwidth=""323""><p>@UUID[Compendium.projectfu.skills.Item.vNgf1mOEsQSpbOiv]{Electrophora}</p></td><td><p>Electric creatures, lightning elementals, robots.</p></td></tr></tbody></table><p>When you deal damage with an attack or spell, you may have all that damage become <strong>bolt</strong>. While your <strong>unarmed strikes</strong> deal <strong>bolt</strong> damage, any enemy who loses <strong>20 or more Hit Points</strong> due to one of your <strong>unarmed strikes</strong> also suffers <strong>slow</strong>.</p><table style=""width:100%;height:34px;border:1px solid black""><tbody><tr style=""height:17px""><td style=""height:17px;width:50%"" data-colwidth=""323""><p><strong>THERIOFORM</strong></p></td><td style=""width:50%""><p style=""text-align:center""><strong>GENOCLEPSIS ADVICE</strong></p></td></tr><tr style=""height:17px""><td style=""height:17px"" data-colwidth=""323""><p>@UUID[Compendium.projectfu.skills.Item.f9NciszRYctYrAnb]{Neurophagoida}</p></td><td><p>Parasites, undead, creatures who feed on souls.</p></td></tr></tbody></table><p>When you use the <strong>Biophagy</strong> Skill, you also recover an amount of Mind Points equal to <strong>【4 + (your Skill Level in Theriomorphosis)】</strong>.</p><table style=""width:100%;height:34px;border:1px solid black""><tbody><tr style=""height:17px""><td style=""height:17px;width:50%"" data-colwidth=""323""><p><strong>THERIOFORM</strong></p></td><td style=""width:50%""><p style=""text-align:center""><strong>GENOCLEPSIS ADVICE</strong></p></td></tr><tr style=""height:17px""><td style=""height:17px"" data-colwidth=""323""><p>@UUID[Compendium.projectfu.skills.Item.aAmIBca4b150uuAH]{Placophora}</p></td><td><p>Crustaceans, turtles, armored creatures and vehicles.</p></td></tr></tbody></table><p>You may treat your Defense score as being equal to <strong>【13 + (half your Skill Level in Theriomorphosis)】</strong> (you may still use your normal scores if better).</p><table style=""width:100%;height:34px;border:1px solid black""><tbody><tr style=""height:17px""><td style=""height:17px;width:50%"" data-colwidth=""323""><p><strong>THERIOFORM</strong></p></td><td style=""width:50%"" data-colwidth=""317""><p style=""text-align:center""><strong>GENOCLEPSIS ADVICE</strong></p></td></tr><tr style=""height:17px""><td style=""height:17px"" data-colwidth=""323""><p>@UUID[Compendium.projectfu.skills.Item.1QqNBwC1WQKDxk3s]{Pneumophora}</p></td><td style=""height:17px"" data-colwidth=""317""><p>Jet-propulsion mollusks, great winged beasts, rockets.</p></td></tr></tbody></table><p>When you deal damage with an attack or spell, you may have all that damage become <strong>air</strong>. While your <strong>unarmed strikes</strong> deal <strong>air</strong> damage, any enemy who loses <strong>20 or more Hit Points</strong> due to one of your <strong>unarmed strikes</strong> also suffers <strong>weak</strong>.</p><table style=""width:100%;height:34px;border:1px solid black""><tbody><tr style=""height:17px""><td style=""height:17px;width:50%"" data-colwidth=""323""><p><strong>THERIOFORM</strong></p></td><td style=""width:50%""><p style=""text-align:center""><strong>GENOCLEPSIS ADVICE</strong></p></td></tr><tr style=""height:17px""><td style=""height:17px"" data-colwidth=""323""><p>@UUID[Compendium.projectfu.skills.Item.fHHT9SZwPRXiEA0U]{Polypoda}</p></td><td><p>Squids, octopi, creatures with tendrils or vines.</p></td></tr></tbody></table><p>Your attacks with <strong>unarmed strikes</strong> gain <strong>multi (3)</strong>.</p><table style=""width:100%;height:34px;border:1px solid black""><tbody><tr style=""height:17px""><td style=""height:17px;width:50%"" data-colwidth=""323""><p><strong>THERIOFORM</strong></p></td><td style=""width:50%""><p style=""text-align:center""><strong>GENOCLEPSIS ADVICE</strong></p></td></tr><tr style=""height:17px""><td style=""height:17px"" data-colwidth=""323""><p>@UUID[Compendium.projectfu.skills.Item.NjToAQTqqe3xyn6Y]{Pterotheria}</p></td><td><p>Bats, birds, winged insects, flying creatures.</p></td></tr></tbody></table><p>You are able to fly. In addition to the obvious advantages in mobility, your <strong>melee</strong> attacks can target <strong>flying</strong> creatures and you cannot be targeted by <strong>melee</strong> attacks unless the attacker is flying or is somehow able to reach flying targets.</p><p>These benefits do not apply while you are unable to fly freely (such as when inside a vehicle designed for human-sized creatures, or inside a narrow corridor). Additionally, when you suffer <strong>air</strong>, <strong>bolt</strong> or <strong>ice</strong> damage during a conflict scene, you lose these benefits until the start of your next turn.</p><table style=""width:100%;height:34px;border:1px solid black""><tbody><tr style=""height:17px""><td style=""height:17px;width:50%"" data-colwidth=""323""><p><strong>THERIOFORM</strong></p></td><td style=""width:50%""><p style=""text-align:center""><strong>GENOCLEPSIS ADVICE</strong></p></td></tr><tr style=""height:17px""><td style=""height:17px"" data-colwidth=""323""><p>@UUID[Compendium.projectfu.skills.Item.guVvGJaNqpi2A4WR]{Pyrophora}</p></td><td><p>Pyrophora Bombardier beetles, pistol shrimps, fire elementals.</p></td></tr></tbody></table><p>When you deal damage with an attack or spell, you may have all that damage become <strong>fire</strong>. While your <strong>unarmed strikes</strong> deal <strong>fire</strong> damage, any enemy who loses <strong>20 or more Hit Points</strong> due to one of your <strong>unarmed strikes</strong> also suffers <strong>dazed</strong>.</p><table style=""width:100%;height:34px;border:1px solid black""><tbody><tr style=""height:17px""><td style=""height:17px;width:50%"" data-colwidth=""323""><p><strong>THERIOFORM</strong></p></td><td style=""width:50%""><p style=""text-align:center""><strong>GENOCLEPSIS ADVICE</strong></p></td></tr><tr style=""height:17px""><td style=""height:17px"" data-colwidth=""323""><p>@UUID[Compendium.projectfu.skills.Item.WdA0rzemkQfGAMLk]{Tachytheria}</p></td><td><p>Cats, gazelles, hares, creatures that are agile and quick.</p></td></tr></tbody></table><p>You treat your <strong>Dexterity</strong> as if it were one die size higher (to a maximum of <strong>d12</strong>).</p><p>When you succeed on a Check to advance or turn back a Clock, if that Check includes <strong>Dexterity</strong>, you may fill or erase <strong>1 additional section</strong> of that Clock.</p><table style=""width:100%;height:34px;border:1px solid black""><tbody><tr style=""height:17px""><td style=""height:17px;width:50%"" data-colwidth=""323""><p><strong>THERIOFORM</strong></p></td><td style=""width:50%""><p style=""text-align:center""><strong>GENOCLEPSIS ADVICE</strong></p></td></tr><tr style=""height:17px""><td style=""height:17px"" data-colwidth=""323""><p>@UUID[Compendium.projectfu.skills.Item.dBGoRsrayjBXuM31]{Toxicophora}</p></td><td><p>Spiders, snakes, toxic slimes and other venomous creatures.</p></td></tr></tbody></table><p>When you deal damage with an attack or spell, you may have all that damage become <strong>poison</strong>. While your <strong>unarmed strikes</strong> deal <strong>poison</strong> damage, any enemy who loses <strong>20 or more Hit Points</strong> due to one of your <strong>unarmed strikes</strong> also suffers <strong>poisoned</strong>.</p>",
Vehicle Rules,
VEHICLE RULES,
"<p>A Pilot's <strong>personal vehicle</strong> follows a set of special rules.</p><ul><li><p><span class=""fontstyle2"">Entering </span><span class=""fontstyle3"">the </span><span class=""fontstyle2""><strong>personal vehicle</strong> </span><span class=""fontstyle3"">during a conflict requires the </span><span class=""fontstyle2""><strong>Objective</strong> </span><span class=""fontstyle3"">action.<br />Normally there is no Check required, but the Game Master may introduce a </span><span class=""fontstyle2""><strong>Clock</strong> </span><span class=""fontstyle3"">if there are serious dangers or obstacles. If the </span><span class=""fontstyle2""><strong>personal vehicle</strong> </span><span class=""fontstyle3"">is accessible when the conflict begins, characters may </span><span class=""fontstyle2""><strong>enter it immediately</strong> </span><span class=""fontstyle3"">before the Initiative Check (see </span><span class=""fontstyle2""><strong>Core Rulebook</strong></span><span class=""fontstyle3"">, page </span><span class=""fontstyle2""><strong>59</strong></span><span class=""fontstyle3"">).</span></p></li><li><p><span class=""fontstyle2""><strong>Leaving</strong> </span><span class=""fontstyle3"">the </span><span class=""fontstyle2""><strong>personal vehicle</strong> </span><span class=""fontstyle3"">doesn’t require an action, but during a conflict it can only be done on your turn, </span><span class=""fontstyle2""><strong>before or after</strong> </span><span class=""fontstyle3"">an action.</span></p></li><li><p><span class=""fontstyle3"">The </span><span class=""fontstyle2""><strong>personal vehicle</strong> </span><span class=""fontstyle3"">can contain a variable number of human-sized creatures depending on its </span><span class=""fontstyle2""><strong>frame</strong> </span><span class=""fontstyle3"">and </span><span class=""fontstyle2""><strong>modules</strong></span><span class=""fontstyle3"">, but </span><span class=""fontstyle2""><strong>only its Pilot may drive it</strong></span><span class=""fontstyle3"">. Additionally, the other passengers </span><span class=""fontstyle2""><strong>cannot cover creatures</strong> </span><span class=""fontstyle3"">when they perform the </span><span class=""fontstyle2""><strong>Guard</strong> </span><span class=""fontstyle3"">action.</span></p></li><li><p><span class=""fontstyle3"">The </span><span class=""fontstyle2""><strong>maximum number of modules enabled at the same time</strong> </span><span class=""fontstyle3"">on a </span><span class=""fontstyle2""><strong>personal vehicle </strong></span><span class=""fontstyle3"">is equal to </span><span class=""fontstyle4""><strong>【</strong></span><span class=""fontstyle2""><strong>3 + its Pilot’s SL in Personal Vehicle</strong></span><span class=""fontstyle4""><strong>】</strong> </span><span class=""fontstyle3"">. The Pilot may freely reassign their personal vehicle’s enabled and disabled modules outside conflicts.</span></p></li></ul><p><span class=""fontstyle0"">A </span><span class=""fontstyle2"">personal vehicle </span><span class=""fontstyle0"">is made of the following elements:</span></p><ul><li><p><span class=""fontstyle0"">A </span><span class=""fontstyle2"">frame </span><span class=""fontstyle0"">that informs its general shape: </span><span class=""fontstyle2"">@UUID[Compendium.projectfu.vehicle-modules.Item.f3h3SoN0g7i31Kj9]{Steed} </span><span class=""fontstyle0"">for riding animals, bikes, small fighters, skateboards and the likes; </span><span class=""fontstyle2"">@UUID[Compendium.projectfu.vehicle-modules.Item.WG1xG12wMYh2ROoP]{Exoskeleton} </span><span class=""fontstyle0"">for power armor and mechanical limbs; </span><span class=""fontstyle2"">@UUID[Compendium.projectfu.vehicle-modules.Item.2AYyeXm0V4Fu1x6G]{Mecha} </span><span class=""fontstyle0"">for large combat robots piloted from within. Each Pilot must pick the </span><span class=""fontstyle2""><strong>frame</strong> </span><span class=""fontstyle0"">for their </span><span class=""fontstyle2""><strong>personal vehicle</strong> </span><span class=""fontstyle0"">when they obtain the Skill. This remains unchanged for the rest of the game, so make sure to choose carefully based on your character’s style and personality, and consider the role they will have in the campaign. For instance, choosing a fighter plane doesn’t make much sense if your story takes place in the slums of a cyberpunk megalopolis (how about an anti-gravity bike instead?).</span></p></li><li><p><span class=""fontstyle0"">A variable number of </span><span class=""fontstyle2""><strong>weapon modules</strong></span><span class=""fontstyle0""><strong>, </strong></span><span class=""fontstyle2""><strong>armor modules</strong></span><span class=""fontstyle0""><strong>, </strong>and </span><span class=""fontstyle2""><strong>support modules</strong> </span><span class=""fontstyle0"">that can be connected to the </span><span class=""fontstyle2""><strong>personal vehicle</strong></span><span class=""fontstyle0"">’s control systems (enabled) or kept inactive but still attached to the frame (disabled). Some options, such as the </span><span class=""fontstyle2"">@UUID[Compendium.projectfu.skills.Item.BuqR9EZDFMn5lDGG]{Flexible Configuration} </span><span class=""fontstyle0"">Skill and the </span><span class=""fontstyle2"">@UUID[Compendium.projectfu.vehicle-modules.Item.7qyCrf1eK0X6bYTH]{Secondary Offensive}</span><span class=""fontstyle0"">, may allow you to quickly enable and disable modules, or to briefly activate a disabled module.</span></p></li></ul><p><span class=""fontstyle0"">The upcoming pages contain a detailed explanation of the various module types and the rules governing them, followed by lists of standard </span><span class=""fontstyle2""><strong>frames</strong> </span><span class=""fontstyle0"">and </span><span class=""fontstyle2""><strong>modules</strong></span><span class=""fontstyle0"">.</span> <br style=""font-style:normal;font-variant:normal;font-weight:normal;letter-spacing:normal;line-height:normal;orphans:2;text-align:-webkit-auto;text-indent:0px;text-transform:none;white-space:normal;widows:2;word-spacing:0px;-webkit-text-size-adjust:auto;-webkit-text-stroke-width:0px"" /></p>",
ARMOR MODULES,
"<p>While driving a <strong>personal vehicle</strong> with an <strong>armor module</strong> enabled, a Pilot does not have access to the normal contents of their <strong>armor slot</strong>. Instead, that slot is considered occupied by the <strong>personal vehicle’s armor module</strong>. If the <strong>personal vehicle</strong> has no armor module enabled, the Pilot can keep using their equipped armor as normal.</p><ul><li><p>As soon as the Pilot stops driving a <strong>personal vehicle</strong> with an enabled <strong>armor module</strong>, they immediately regain access to their normal equipped armor.</p></li><li><p>Armor modules marked with @ICON[martial] are considered to be <strong>martial</strong> armor for the sake of Skills and other effects, and they set the Pilot’s Defense and Magic Defense to <strong>fixed scores</strong> (bonuses from shields and other effects still apply). Note that a Pilot can still equip these modules <strong>even if they normally lack the ability</strong> to equip martial armor.</p></li></ul><blockquote><p><em>For instance, a Pilot with the <strong>Guardian</strong> Class benefits from the <strong>Defensive Mastery </strong>Skill while driving a <strong>personal vehicle</strong> with a <strong>Heavy Plating module</strong> enabled, but they do not benefit from the <strong>Dodge</strong> Skill granted by the <strong>Rogue</strong> Class.</em></p></blockquote>",
OTHER RULES,
"<h3>DAMAGE AND REPAIRS</h3><p>A Pilot’s <strong>personal vehicle</strong> doesn’t have its own separate stats and is treated as an extension of the Pilot themselves. It can be damaged or rendered temporarily unusable as a narrative consequence of the Pilot’s <strong>Surrender</strong>, but cannot be destroyed unless the Player agrees to it.</p><p>Repairing a narratively damaged <strong>personal vehicle</strong> requires an amount of zenit equal to <strong>【its Pilot’s SL in Personal Vehicle, multiplied by 100】</strong>. On the other hand, rebuilding a destroyed <strong>personal vehicle</strong> should be achieved as part of the Pilot’s narrative arc (which is why it should only be destroyed if the Player is okay with it).</p><p></p><h3>RARE MODULES AS REWARDS</h3><p>The Game Master should include new modules (or upgraded versions of existing modules) for the Pilot among the campaign’s rewards.</p><ul><li><p>Each <strong>weapon and armor module</strong> presented in the following pages has a base cost of 500 zenit, and their rare versions can be created using the rules for <strong>rare items</strong> found in the <strong>Core Rulebook</strong>, starting on page <strong>266.</strong> There are, however, two exceptions: a weapon module’s damage can only be increased by 4 points by raising its cost by 200 zenit (it can <strong>never</strong> become two-handed), and <strong>a weapon module can never become martial</strong> (not even if its damage formula becomes <strong>【HR + 10】</strong> or higher).</p></li><li><p>Each <strong>support module</strong> presented in the following pages should have a cost of roughly 1000 zenit. If you create custom support modules, compare them with the existing ones in order to establish their cost in zenit. They are <strong>rare</strong> items.</p></li><li><p>The special rules used for some weapon modules (such as the <strong>Claymore module</strong>, which prevents you from having other weapon modules enabled, or the <strong>Shield modul</strong>e’s entire effect) <strong>are not Qualities</strong>, and thus cannot be lost or replaced. If a given module has a Quality, that Quality is listed <strong>before</strong> any of its special rules.</p></li><li><p>A Pilot might acquire rare modules by purchasing them from dedicated shops, by exploring factories or laboratories, or as a reward after defeating robotic or artificial adversaries. You can find some sample rare weapon modules on page <strong>86</strong>.</p></li></ul><p>And finally, as a general rule, a Pilot should <strong>never</strong> have access to two or more support modules with different names whose effects are similar and/or cumulative.</p><p></p><h3>INTERACTIONS WITH THE TINKERER CLASS</h3><p>A character with the Tinkerer Class might wish to use the @UUID[Compendium.projectfu.heroic-skills.Item.xbTcxx4ysOWOamZP]{Upgrade} Heroic Skill and the rules for <strong>Projects</strong> (see <strong>Core Rulebook</strong>, pages <strong>241</strong> and <strong>134</strong>) to improve modules or invent new customizations for a Pilot’s <strong>personal vehicle</strong>. For instance, they might install a reactor to enable space flight, or an antenna that emits anti-magic waves.</p><p>When it comes to special modules created through Projects, the group as a whole should make sure these <strong>do not impede</strong> on other characters’ strengths and roles. It can be a good idea to give such modules a limited number of uses, or interesting flaws that can lead to difficult choices and memorable scenes.</p>",
SUPPORT MODULES,
<p>Support modules provide a variety of miscellaneous benefits; these benefits often apply to the vehicle's passengers in addition to the Pilot themselves.</p><ul><li><p>A personal vehicle cannot have <strong>more than one enabled support modules of the same name</strong>.</p></li><li><p>Some support modules are particularly complex or cumbersome and count as <strong>two modules</strong> towards the limit on total active modules.</p></li></ul>,
"<p>A Pilot's <strong>personal vehicle</strong> follows a set of special rules.</p><ul><li><p><strong>Entering</strong> the vehicle during a conflict requires the <strong>Objective</strong> action; normally there is no Check required, but the Game Master may introduce a <strong>Clock</strong> in case of serious dangers or obstacles. If the vehicle is accessible when the conflict begins, characters may enter it <strong>immediately</strong> (during step 2 on page <strong>59</strong> of the <strong>Core Rulebook</strong>).</p></li><li><p><strong>Leaving</strong> the vehicle doesn't require an action, but during a conflict it can only be done on your turn, <strong>before or after</strong> an action.</p></li><li><p>The vehicle can hold a variable number of human-sized creatures depending on its <strong>frame</strong> and <strong>modules</strong>, but <strong>only its Pilot may drive it</strong>. Additionally, the other passengers cannot cover creatures when they perform the <strong>Guard</strong> action.</p></li><li><p>The <strong>maximum number of modules active at the same time</strong> on the vehicle is equal to <strong>【3 + its Pilot's Skill Level in Personal Vehicle】.</strong> The Pilot may freely reassign their vehicle's active and inactive modules outside conflicts.</p></li></ul><p>The standard frames and modules are listed in the upcoming pages. Note that whenever a module's text mentions ""you"", it is referring to the Pilot that the module's vehicle belongs to.</p><blockquote><p><em><strong>Example:</strong> you might create an armored motorbike by combining the <strong>Steed</strong> frame with the <strong>Heavy Plating</strong> and <strong>Turbo modules;</strong> or create a flying combat armor by combining an Exoskeleton frame with the <strong>Aerial</strong>, <strong>Runic Plating</strong>, <strong>Rifle</strong> and <strong>Sword modules.</strong></em></p></blockquote>",
WEAPON MODULES,
"<p>While driving a <strong>personal vehicle</strong> with one or more <strong>weapon modules</strong> enabled, a Pilot does not have access to the normal contents of their <strong>hand slots</strong>. Instead, those slots are considered occupied by the <strong>personal vehicle’s weapon modules</strong>. If the <strong>personal vehicle</strong> has no weapon modules enabled, the Pilot can keep using their equipped weapons and shields as normal.</p><ul><li><p>As soon as the Pilot stops driving a <strong>personal vehicle</strong> with <strong>weapon modules</strong> enabled, they immediately regain access to all normal equipped weapons and shields.</p></li><li><p>Each weapon module counts as a <strong>one-handed, non-martial weapon</strong> for the sake of character Skills and effects (with the exception of the <strong>Shield module</strong>, which is treated as a shield). When you set up your <strong>personal vehicle</strong>’s weapon modules, declare which module will occupy your <strong>main hand slot</strong> and which will occupy your <strong>off-hand slot</strong>.</p></li><li><p>Some weapon modules are cumbersome and prevent you from having other weapon modules (including <strong>Shield modules</strong>!) enabled on the same <strong>personal vehicle</strong>.</p></li></ul><blockquote><p><em>For instance, an <strong>Axe module</strong> can be used with the <strong>Counterattack</strong> Skill, and a <strong>Rifle module</strong> can be used with the <strong>Crossfire</strong> Skill (see <strong>Core Rulebook</strong>, pages <strong>219</strong> and <strong>205</strong>).</em></p></blockquote><p>Because each weapon module is treated as a one-handed weapon, a Pilot driving a <strong>personal vehicle</strong> with two enabled weapon modules that share the same Category benefits from the rules for <strong>two-weapon fighting</strong> – and if they have the <strong>Ambidexterous</strong> Heroic Skill (see <strong>Core Rulebook</strong>, page <strong>234</strong>), this can be done with any two enabled weapon modules!</p>",
MODULE LIST,
<h3>VEHICLE FRAMES</h3><p>@UUID[Compendium.projectfu.vehicle-modules.Item.WG1xG12wMYh2ROoP]{Exoskeleton}</p><p>@UUID[Compendium.projectfu.vehicle-modules.Item.2AYyeXm0V4Fu1x6G]{Mecha}</p><p>@UUID[Compendium.projectfu.vehicle-modules.Item.f3h3SoN0g7i31Kj9]{Steed}</p><p></p><h3>ARMOR MODULES</h3><p>@UUID[Compendium.projectfu.vehicle-modules.Item.kohdoUC4txAMLWDy]{Flexible Plating Module}</p><p>@UUID[Compendium.projectfu.vehicle-modules.Item.TpTXbLUkL3Pu19Cd]{Heavy Plating Module}</p><p>@UUID[Compendium.projectfu.vehicle-modules.Item.008QW2xjRc0BT2Az]{Runic Plating Module}</p><p>@UUID[Compendium.projectfu.vehicle-modules.Item.RjB4wyGuxUBc9fgu]{Standard Plating Module}</p><p></p><h3>WEAPON MODULES</h3><p>@UUID[Compendium.projectfu.vehicle-modules.Item.Z8bDTwdrcscxD95M]{Arcane Module}</p><p>@UUID[Compendium.projectfu.vehicle-modules.Item.I1TuBl0LhTTIm545]{Axe Module}</p><p>@UUID[Compendium.projectfu.vehicle-modules.Item.gccAPML5zrH5uLPh]{Blade Module}</p><p>@UUID[Compendium.projectfu.vehicle-modules.Item.xOzJFrDQH2gSYv5Z]{Bow Module}</p><p>@UUID[Compendium.projectfu.vehicle-modules.Item.7PYahPoPOTdySS6Q]{Cannon Module}</p><p>@UUID[Compendium.projectfu.vehicle-modules.Item.yn1PgUZxCTogRUH0]{Claw Module}</p><p>@UUID[Compendium.projectfu.vehicle-modules.Item.LaoOQ7H1L1OVsFjP]{Claymore Module}</p><p>@UUID[Compendium.projectfu.vehicle-modules.Item.Ia44SEoL7RRZ7YJo]{Esoteric Module}</p><p>@UUID[Compendium.projectfu.vehicle-modules.Item.tAkb5tqWhOzreNEo]{Flail Module}</p><p>@UUID[Compendium.projectfu.vehicle-modules.Item.U0ttIqfIfPVblhCn]{Flamer Module}</p><p>@UUID[Compendium.projectfu.vehicle-modules.Item.rDwGqp1qnTHu6x0h]{Machine Gun Module}</p><p>@UUID[Compendium.projectfu.vehicle-modules.Item.DvqMM22TCEeoZH8e]{Rifle Module}</p><p>@UUID[Compendium.projectfu.vehicle-modules.Item.dn8VdDcxLU8bnAQp]{Scythe Module}</p><p>@UUID[Compendium.projectfu.vehicle-modules.Item.TWzSnTRW9frKW1CO]{Shield Module}</p><p>@UUID[Compendium.projectfu.vehicle-modules.Item.Af7Wr82RhDrIeTVZ]{Spear Module}</p><p>@UUID[Compendium.projectfu.vehicle-modules.Item.9BOhSIzlTAv51Zge]{Sword Module}</p><p>@UUID[Compendium.projectfu.vehicle-modules.Item.N8msUv4FMNAqKBTb]{Trident Module}</p><p></p><h3>SUPPORT MODULES</h3><p>@UUID[Compendium.projectfu.vehicle-modules.Item.9YM4VR2e6Y4MgmJ2]{Advanced Targeting Module}</p><p>@UUID[Compendium.projectfu.vehicle-modules.Item.76ieutWWlthLOXap]{Aerial Module}</p><p>@UUID[Compendium.projectfu.vehicle-modules.Item.nFC5y451Xd24hlM7]{Anti-Element Module}</p><p>@UUID[Compendium.projectfu.vehicle-modules.Item.zhzy9ZWLUwZc0BKg]{Counterstrike Module}</p><p>@UUID[Compendium.projectfu.vehicle-modules.Item.Hi6V9QoWjKofxZkQ]{Excavation Module}</p><p>@UUID[Compendium.projectfu.vehicle-modules.Item.Fa1V1JIKwTD1uMqY]{Expanded Plating Module}</p><p>@UUID[Compendium.projectfu.vehicle-modules.Item.CVQO5xvCXzTCc7ca]{Magistatic Module}</p><p>@UUID[Compendium.projectfu.vehicle-modules.Item.qzvVPIVFgZ9jtOYT]{Power Module}</p><p>@UUID[Compendium.projectfu.vehicle-modules.Item.hTpTh6WA2AGkRymI]{Rapid Interface Module}</p><p>@UUID[Compendium.projectfu.vehicle-modules.Item.P1Vw28xK0NzPydqG]{Seafarer Module}</p><p>@UUID[Compendium.projectfu.vehicle-modules.Item.vGz7COjgUSUh9vY3]{Seat Module}</p><p>@UUID[Compendium.projectfu.vehicle-modules.Item.7qyCrf1eK0X6bYTH]{Secondary Offensive Module}</p><p>@UUID[Compendium.projectfu.vehicle-modules.Item.F281qYUhqNxVoSk3]{Sensor Module}</p><p>@UUID[Compendium.projectfu.vehicle-modules.Item.OEgMfny6AwrXCkEg]{Turbo Module}</p>,
PILOT VTT INSTRUCTIONS,
"<ol><li><p>To <strong>pilot</strong> a vehicle, add a vehicle frame to your character sheet and <strong>activate</strong> it.</p></li><li><p>Navigate to the ""<strong>Stats</strong>"" tab and in the Vehicle section press the button next to vehicle frame name to <strong>embark.</strong></p></li></ol>",
Verses Rules,
VERSES RULES,
"<h3>SINGING A VERSE</h3><p>When you sing a <strong>verse</strong>, you combine a <strong>volume</strong>, a <strong>key </strong>and a <strong>tone </strong>you learned. These three aspects determine the <strong>verse</strong>’s MP cost, targets and effect.</p><p>The <strong>volume </strong>determines the sound intensity of your <strong>verse </strong>(and the creatures you can reach with it).</p><ul><li>Each <strong>tone </strong>determines the general effects of your <strong>verse</strong>. (see @UUID[.mm3q742jIIhvWG1U]{Tone List})</li><li>Each <strong>key</strong> has an associated damage type, status effect, Attribute, and recovery. These modify the effects determined by the tone of your verse. (see @UUID[.W4kQjYXrLRVomFdg]{Key List})</li></ul><blockquote><p><em><strong>Example:</strong> you might combine a <strong>low volume </strong>with the <strong>key of Flame </strong>and a <strong>haunting tone </strong>to inflict <strong>shaken </strong>on a single creature for 10 Mind Points, or you could combine a <strong>medium volume </strong>with the <strong>key of Iron </strong>and an <strong>energetic tone </strong>to allow your allies to make additional progress on Clocks when using <strong>Willpower</strong>.</em></p></blockquote><p></p><table style=""width:96.8701%;height:68px;border:1px solid black""><colgroup><col style=""width:12.2257%""></col><col style=""width:4.85893%""></col><col style=""width:82.9154%""></col></colgroup><tbody><tr style=""height:17px""><td style=""height:17px""><strong>Volume</strong></td><td style=""text-align:center;height:17px""><strong>MP</strong></td><td style=""height:17px""> <strong>Targets</strong></td></tr><tr style=""height:17px""><td style=""height:17px""><strong>Low</strong></td><td style=""text-align:center;height:17px""><strong>10</strong></td><td style=""height:17px""> <span class=""fontstyle0"">Yourself </span><span class=""fontstyle2"">or </span><span class=""fontstyle0"">another creature you can see who can hear you.</span> </td></tr><tr style=""height:17px""><td style=""height:17px""><strong>Medium</strong></td><td style=""text-align:center;height:17px""><strong>20</strong></td><td style=""height:17px""> <span class=""fontstyle0"">Every ally who can hear you.</span> </td></tr><tr style=""height:17px""><td style=""height:17px""><strong>High</strong></td><td style=""text-align:center;height:17px""><strong>30</strong></td><td style=""height:17px""> <span class=""fontstyle0"">Every enemy who can hear you.</span> </td></tr></tbody></table><p> </p><table style=""width:96.5571%;height:153px;border:1px solid black""><colgroup><col style=""width:14.4231%""></col><col style=""width:16.8269%""></col><col style=""width:21.7949%""></col><col style=""width:21.9551%""></col><col style=""width:25.1603%""></col></colgroup><tbody><tr style=""height:17px""><td style=""height:17px""><strong>Key</strong></td><td style=""height:17px;text-align:center""><strong>Type</strong></td><td style=""height:17px;text-align:center""><strong>Status Effect</strong></td><td style=""height:17px;text-align:center""><strong>Attribute</strong></td><td style=""height:17px;text-align:center""><strong>Recovery</strong></td></tr><tr style=""height:17px""><td style=""height:17px;text-align:left""><strong>@UUID[Compendium.projectfu.skills.Item.cmo71xT0QgJCOOMp]{Flame}</strong></td><td style=""height:17px;text-align:center""><span class=""fontstyle0""><strong>Fire</strong> @ICON[fire]</span></td><td style=""height:17px;text-align:center""><strong>Shaken</strong> </td><td style=""height:17px;text-align:center""><strong>Might</strong></td><td style=""height:17px;text-align:center""><strong>Hit Points</strong></td></tr><tr style=""height:17px""><td style=""height:17px""><strong>@UUID[Compendium.projectfu.skills.Item.QZOttsghYTCeqnCx]{Frost}</strong></td><td style=""height:17px;text-align:center""><span class=""fontstyle0""><strong>Ice</strong> @ICON[ice]</span></td><td style=""height:17px;text-align:center""><strong>Weak</strong></td><td style=""height:17px;text-align:center""><strong>Willpower</strong></td><td style=""height:17px;text-align:center""><strong>Mind Points</strong></td></tr><tr style=""height:17px""><td style=""height:17px""><strong>@UUID[Compendium.projectfu.skills.Item.qpRWVxEuy6iHiUCP]{Iron}</strong></td><td style=""height:17px;text-align:center""><span class=""fontstyle0""><strong>Physical</strong> @ICON[physical]</span></td><td style=""height:17px;text-align:center""><strong>Slow</strong></td><td style=""height:17px;text-align:center""><strong>Willpower</strong></td><td style=""height:17px;text-align:center""><strong>Mind Points</strong></td></tr><tr style=""height:17px""><td style=""height:17px""><strong>@UUID[Compendium.projectfu.skills.Item.ymWN6HhIvwji1Y39]{Radiance}</strong></td><td style=""height:17px;text-align:center""><strong>Light</strong> @ICON[light]</td><td style=""height:17px;text-align:center""><strong>Dazed</strong></td><td style=""height:17px;text-align:center""><strong>Insight</strong></td><td style=""height:17px;text-align:center""><strong>Hit Points</strong></td></tr><tr style=""height:17px""><td style=""height:17px""><strong>@UUID[Compendium.projectfu.skills.Item.zzyNprcgb1RF2niW]{Shadow}</strong></td><td style=""height:17px;text-align:center""><strong>Dark</strong> @ICON[dark]</td><td style=""height:17px;text-align:center""><strong>Weak</strong></td><td style=""height:17px;text-align:center""><strong>Dexterity</strong></td><td style=""height:17px;text-align:center""><strong>Mind Points</strong></td></tr><tr style=""height:17px""><td style=""height:17px""><strong>@UUID[Compendium.projectfu.skills.Item.dyyFIR6iB0brrh1I]{Stone}</strong></td><td style=""height:17px;text-align:center""><strong>Earth</strong> @ICON[earth]</td><td style=""height:17px;text-align:center""><strong>Dazed</strong></td><td style=""height:17px;text-align:center""><strong>Might</strong></td><td style=""height:17px;text-align:center""><strong>Hit Points</strong></td></tr><tr style=""height:17px""><td style=""height:17px""><strong>@UUID[Compendium.projectfu.skills.Item.GBEltqKPxdTA0ppJ]{Thunder}</strong></td><td style=""height:17px;text-align:center""><strong>Bolt</strong> @ICON[bolt]</td><td style=""height:17px;text-align:center""><strong>Shaken</strong></td><td style=""height:17px;text-align:center""><strong>Dexterity</strong></td><td style=""height:17px;text-align:center""><strong>Hit Points</strong></td></tr><tr style=""height:17px""><td style=""height:17px""><strong>@UUID[Compendium.projectfu.skills.Item.zqNF92stxmhiX85K]{Wind}</strong></td><td style=""height:17px;text-align:center""><strong>Air</strong> @ICON[air]</td><td style=""height:17px;text-align:center""><strong>Slow</strong></td><td style=""height:17px;text-align:center""><strong>Insight</strong></td><td style=""height:17px;text-align:center""><strong>Mind Points</strong></td></tr></tbody></table>",
KEY LIST,
"<p></p><table style=""width:96.5571%;height:153px;border:1px solid black""><colgroup><col style=""width:14.4231%""></col><col style=""width:16.8269%""></col><col style=""width:21.7949%""></col><col style=""width:21.9551%""></col><col style=""width:25.1603%""></col></colgroup><tbody><tr style=""height:17px""><td style=""height:17px""><strong>Key</strong></td><td style=""height:17px;text-align:center""><strong>Type</strong></td><td style=""height:17px;text-align:center""><strong>Status Effect</strong></td><td style=""height:17px;text-align:center""><strong>Attribute</strong></td><td style=""height:17px;text-align:center""><strong>Recovery</strong></td></tr><tr style=""height:17px""><td style=""height:17px;text-align:left""><strong>@UUID[Compendium.projectfu.skills.Item.cmo71xT0QgJCOOMp]{Flame}</strong></td><td style=""height:17px;text-align:center""><span class=""fontstyle0""><strong>Fire</strong> @ICON[fire]</span></td><td style=""height:17px;text-align:center""><strong>Shaken</strong> </td><td style=""height:17px;text-align:center""><strong>Might</strong></td><td style=""height:17px;text-align:center""><strong>Hit Points</strong></td></tr><tr style=""height:17px""><td style=""height:17px""><strong>@UUID[Compendium.projectfu.skills.Item.QZOttsghYTCeqnCx]{Frost}</strong></td><td style=""height:17px;text-align:center""><span class=""fontstyle0""><strong>Ice</strong> @ICON[ice]</span></td><td style=""height:17px;text-align:center""><strong>Weak</strong></td><td style=""height:17px;text-align:center""><strong>Willpower</strong></td><td style=""height:17px;text-align:center""><strong>Mind Points</strong></td></tr><tr style=""height:17px""><td style=""height:17px""><strong>@UUID[Compendium.projectfu.skills.Item.qpRWVxEuy6iHiUCP]{Iron}</strong></td><td style=""height:17px;text-align:center""><span class=""fontstyle0""><strong>Physical</strong> @ICON[physical]</span></td><td style=""height:17px;text-align:center""><strong>Slow</strong></td><td style=""height:17px;text-align:center""><strong>Willpower</strong></td><td style=""height:17px;text-align:center""><strong>Mind Points</strong></td></tr><tr style=""height:17px""><td style=""height:17px""><strong>@UUID[Compendium.projectfu.skills.Item.ymWN6HhIvwji1Y39]{Radiance}</strong></td><td style=""height:17px;text-align:center""><strong>Light</strong> @ICON[light]</td><td style=""height:17px;text-align:center""><strong>Dazed</strong></td><td style=""height:17px;text-align:center""><strong>Insight</strong></td><td style=""height:17px;text-align:center""><strong>Hit Points</strong></td></tr><tr style=""height:17px""><td style=""height:17px""><strong>@UUID[Compendium.projectfu.skills.Item.zzyNprcgb1RF2niW]{Shadow}</strong></td><td style=""height:17px;text-align:center""><strong>Dark</strong> @ICON[dark]</td><td style=""height:17px;text-align:center""><strong>Weak</strong></td><td style=""height:17px;text-align:center""><strong>Dexterity</strong></td><td style=""height:17px;text-align:center""><strong>Mind Points</strong></td></tr><tr style=""height:17px""><td style=""height:17px""><strong>@UUID[Compendium.projectfu.skills.Item.dyyFIR6iB0brrh1I]{Stone}</strong></td><td style=""height:17px;text-align:center""><strong>Earth</strong> @ICON[earth]</td><td style=""height:17px;text-align:center""><strong>Dazed</strong></td><td style=""height:17px;text-align:center""><strong>Might</strong></td><td style=""height:17px;text-align:center""><strong>Hit Points</strong></td></tr><tr style=""height:17px""><td style=""height:17px""><strong>@UUID[Compendium.projectfu.skills.Item.GBEltqKPxdTA0ppJ]{Thunder}</strong></td><td style=""height:17px;text-align:center""><strong>Bolt</strong> @ICON[bolt]</td><td style=""height:17px;text-align:center""><strong>Shaken</strong></td><td style=""height:17px;text-align:center""><strong>Dexterity</strong></td><td style=""height:17px;text-align:center""><strong>Hit Points</strong></td></tr><tr style=""height:17px""><td style=""height:17px""><strong>@UUID[Compendium.projectfu.skills.Item.zqNF92stxmhiX85K]{Wind}</strong></td><td style=""height:17px;text-align:center""><strong>Air</strong> @ICON[air]</td><td style=""height:17px;text-align:center""><strong>Slow</strong></td><td style=""height:17px;text-align:center""><strong>Insight</strong></td><td style=""height:17px;text-align:center""><strong>Mind Points</strong></td></tr></tbody></table>",
TONE LIST,
"<table style=""width:100%;height:34px;border:1px solid black""><tbody><tr style=""height:17px""><td style=""height:17px""><p><strong>CALM TONE</strong></p></td></tr><tr style=""height:17px""><td style=""height:17px""><p><strong>@UUID[Compendium.projectfu.skills.Item.XCtijox9eBrBNSno]{Calm Tone}</strong></p></td></tr></tbody></table><p>Each target recovers <strong>【key recovery】</strong> equal to <strong>【10 + twice your current Willpower die size】</strong>. This amount increases by 10 if you are level <strong>20 or higher</strong>, or by 20 if you are level 40 or higher.</p><table style=""width:100%;height:34px;border:1px solid black""><tbody><tr style=""height:17px""><td style=""height:17px""><p><strong>ENERGETIC TONE</strong></p></td></tr><tr style=""height:17px""><td style=""height:17px""><p><strong>@UUID[Compendium.projectfu.skills.Item.XvkMOHPXUg0ikDkf]{Energetic Tone}</strong></p></td></tr></tbody></table><p>Until the start of your next turn, when a target succeeds on a Check that includes <strong>【key Attribute】</strong> and that Check allows them to advance or turn back a Clock, they may fill or erase an additional section of that Clock.</p><table style=""width:100%;height:34px;border:1px solid black""><tbody><tr style=""height:17px""><td style=""height:17px""><p><strong>FRANTIC TONE</strong></p></td></tr><tr style=""height:17px""><td style=""height:17px""><p><strong>@UUID[Compendium.projectfu.skills.Item.mtKts9zjHlweSVk4]{Frantic Tone}</strong></p></td></tr></tbody></table><p>Each target suffers <strong>【key type】</strong> damage equal to <strong>twice</strong> your current <strong>Willpower</strong> die size. This tone deals 10 extra damage if you are level 20 or higher, or 20 extra damage if you are level 40 or higher.</p><table style=""width:100%;height:34px;border:1px solid black""><tbody><tr style=""height:17px""><td style=""height:17px""><p><strong>HAUNTING TONE</strong></p></td></tr><tr style=""height:17px""><td style=""height:17px""><p><strong>@UUID[Compendium.projectfu.skills.Item.CynydNkxJS1HZVlJ]{Haunting Tune}</strong></p></td></tr></tbody></table><p>Each target suffers <strong>【key status effect】</strong>. Each target also loses Resistance to <strong>【key type】</strong> damage (if they have it) until the start of your next turn.</p><table style=""width:100%;height:34px;border:1px solid black""><tbody><tr style=""height:17px""><td style=""height:17px""><p><strong>LIVELY TONE</strong></p></td></tr><tr style=""height:17px""><td style=""height:17px""><p><strong>@UUID[Compendium.projectfu.skills.Item.zLxqETSi6zbRkWKu]{Lively Tone}</strong></p></td></tr></tbody></table><p>Each target treats their <strong>【key Attribute】</strong> as being one die size higher (up to a maximum of <strong>【d12】</strong>) until the start of your next turn.</p><table style=""width:100%;height:34px;border:1px solid black""><tbody><tr style=""height:17px""><td style=""height:17px""><p><strong>MENACING TONE</strong></p></td></tr><tr style=""height:17px""><td style=""height:17px""><p><strong>@UUID[Compendium.projectfu.skills.Item.8QMh3jUtgmIMy9Jb]{Menacing Tone}</strong></p></td></tr></tbody></table><p>The first time each target suffers damage before the start of your next turn, that damage becomes <strong>【key type】</strong>. This can trigger once for each target of the verse, separately.</p><table style=""width:100%;height:34px;border:1px solid black""><tbody><tr style=""height:17px""><td style=""height:17px""><p><strong>SOLEMN TONE</strong></p></td></tr><tr style=""height:17px""><td style=""height:17px""><p><strong>@UUID[Compendium.projectfu.skills.Item.yidpNKJQMA7dSBsc]{Solemn Tone}</strong></p></td></tr></tbody></table><p>Each target recovers from <strong>【key status effect】</strong>. Each target also gains Resistance to <strong>【key type】</strong> damage until the start of your next turn.</p>",
VERSES VTT INSTRUCTIONS,
"<ol><li><p>To <strong>automate</strong> class feature, add the following item to your character sheet: @UUID[Compendium.projectfu.skills.Item.nu7QnUu7tmVv6zxU]{Verse}</p></li><li><p>A full list of <strong>keys</strong> and <strong>tones</strong> can be found here: @UUID[.W4kQjYXrLRVomFdg]{KEY LIST} and @UUID[.mm3q742jIIhvWG1U]{TONE LIST}.</p></li><li><p>Open the verse sheet and navigate to ""<strong>Details</strong>"" tab</p></li><li><p>There are two dropdowns, select a key followed by a tone.</p></li><li><p>To <strong>start singing</strong>, roll the Verse feature and combine a key, tone and volume in the dialog menu.</p></li></ol>",
Effect: Challenge,
"<p><span class=""fontstyle0"">When you use the </span><span class=""fontstyle2"">@UUID[Compendium.projectfu.skills.Item.7jWycVYFgZ1BMxch]{Bone Crusher} </span><span class=""fontstyle0"">Skill, if your attack targets </span><span class=""fontstyle2""><strong>only one creature</strong> </span><span class=""fontstyle0"">and you have a </span><span class=""fontstyle2""><strong>shield</strong> </span><span class=""fontstyle0"">equipped, you may </span><span class=""fontstyle2""><strong>challenge</strong> </span><span class=""fontstyle0"">that creature until the end of your next turn. The </span><span class=""fontstyle2""><strong>challenge</strong> </span><span class=""fontstyle0"">also ends if that creature is </span><span class=""fontstyle2"">challenged </span><span class=""fontstyle0"">by someone else, or if you </span><span class=""fontstyle2""><strong>challenge</strong> </span><span class=""fontstyle0"">another creature.</span></p><p><span class=""fontstyle0"">The creature you are </span><span class=""fontstyle2""><strong>challenging</strong> </span><span class=""fontstyle0"">must include you among the targets of their attacks and offensive spells ( </span><span class=""fontstyle3"">@ICON[offensive] </span><span class=""fontstyle0"">), if able; additionally, once per turn (including other creatures' turns), when you deal damage to the creature you are </span><span class=""fontstyle2""><strong>challenging</strong> </span><span class=""fontstyle0"">with a </span><span class=""fontstyle2""><strong>free attack</strong> </span><span class=""fontstyle0"">using a </span><span class=""fontstyle2""><strong>one-handed melee</strong> </span><span class=""fontstyle0"">weapon or a </span><span class=""fontstyle2""><strong>custom weapon</strong> </span><span class=""fontstyle0"">belonging to the </span><span class=""fontstyle2""><strong>dagger</strong> </span><span class=""fontstyle0"">or </span><span class=""fontstyle2""><strong>sword</strong> </span><span class=""fontstyle0"">Category, you may deal 5 extra damage to that creature.</span></p>",
Effect: Heroic Companion,
"<ul><li>The companion's maximum Hit Points increase by 10.</li><li>Choose one of the companion's Attributes: <strong>Dexterity</strong>, <strong>Insight</strong>, <strong>Might</strong>, or <strong>Willpower</strong>. The chosen Attribute is permanently increased by one die size (up to a maximum size of <strong>d12</strong>).</li></ul>",
Effect: Iron Forest,
"<p>After you hit one or more creatures with a <strong>melee </strong>attack using a weapon that belongs to the <strong>spear </strong>Category, if you have <strong>no other weapon equipped</strong>, you may spend @LOSS[20 mp] and choose one of those creatures. If you do so, the attack deals <strong>half </strong>the normal amount of damage to each of its targets, and you choose one type of action among the following: <strong>Attack</strong>, <strong>Guard</strong>, <strong>Objective</strong>, <strong>Spell</strong>, or <strong>Skill</strong>. From now on, the chosen creature must spend 10 Mind points whenever they wish to perform that type of action. If they can’t, they must perform a different type of action. This effect lasts until the start of your next turn, or until you use this Skill again.</p>",
Effect: Power Chord,
"<p>When you sing a <strong>verse</strong> with <strong>medium</strong> or <strong>high</strong> volume, you may may double the <strong>verse</strong>’s cost in Mind Points, <strong>or</strong> spend 1 Fabula Point. If you do, you and every ally that is able to hear you gain the following benefit until the start of your next turn: your Accuracy Checks trigger a <strong>critical success</strong> when both dice show the same number (as long as the Check is not a <strong>fumble</strong>).</p>",
Effect: Power Nap,
"<p>On your turn during a conflict, you may use an action to recover an amount of Hit Points and Mind Points equal to<strong>【20 + half your level】 </strong>and also recover from all status effects. If you do, your turn ends <strong>immediately</strong>, you lose the ability to <strong>hear and see</strong>, and your <strong>Defense and Magic Defense</strong> scores become <strong>equal to 5</strong> and cannot be modified in any way (but you may still use the <strong>Protect</strong> Skill from the <strong>Guardian</strong> Class, if you have acquired it!).</p><p>These penalties last until the start of your next turn, until after you <strong>lose Hit Points</strong>, or until after you <strong>are hit by an attack or offensive spell</strong> ( @ICON[offensive] ).</p>",
Effect: Predictable!,
"<p><span>Choose one type of action among the following: <strong>Attack, Guard, Objective, Spell, </strong>or<strong> Skill</strong>. Until the start of your next turn, the creature must spend @LOSS[20 hp] whenever they wish to perform that action. If they can't, they must perform a different action.</span></p>",
Effect: Rampart,
"<p><span>During the first round of each conflict scene, you have Resistance to all damage types and cannot suffer status effects (you do not recover from preexisting status effects, however). These benefits only last until the end of the first round.</span></p>",
Effect: Showstopper,
"<p>At the start of your turn during a conflict, if you have <strong>nomartial armor </strong>equipped, you may spend 1 Fabula Point to immediately perform<strong> up to three different dances </strong>among those you know, in the order you prefer and without paying their MP cost. If you do, you <strong>cannot perform dances in any way</strong> until the end of your next turn.At the start of your turn during a conflict, if you have <strong>nomartial armor </strong>equipped, you may spend 1 Fabula Point to immediately perform<strong> up to three different dances </strong>among those you know, in the order you prefer and without paying their MP cost. If you do, you <strong>cannot perform dances in any way</strong> until the end of your next turn.</p>",
Effect: Side by Side,
"<p>When your companion deals damage, they deal 5 extra damage.</p>",
Effect: Silent Hunter,
Silent Hunter,
"<p>When you use the @UUID[Compendium.projectfu.skills.Item.tiu0D74YNxirN6Tr]{High Speed} Skill to perform a <strong>free attack</strong> with a weapon belonging to the <strong>bow</strong>, <strong>spear</strong>, or <strong>thrown</strong> Category, the attack deals extra damage equal to <strong>【your Skill Level in the High Speed Skill, multiplied by 5】</strong>. Additionally, when you attack one or more creatures with a weapon that belongs to the <strong>bow</strong>, <strong>spear</strong>, or <strong>thrown</strong> Category, those creatures cannot perform <strong>free attacks</strong> until the end of the current turn.</p>",
Effect: Vanish,
"<p><span>When you hit one or more creatures with an attack, you may spend 1 Fabula Point. If you do, each of those creatures will be unable to perform any action that requires them to be able to see you until the start of your next turn.</span></p>",
Effects,
Heroic Skills [BC],
Heroic Skills [CR],
Heroic Skills [HF],
Heroic Skills [NF],
Heroic Skills [TF],
Adversity,
"<blockquote><p><strong>Requirements: </strong>you must have mastered the <strong>Darkblade </strong>Class.</p></blockquote><p>As long as you are suffering from one or more status effects, you gain a +1 bonus on all Checks for every status effect you are suffering from, and you deal 2 extra damage for every status effect you are suffering from (be it with attacks, spells, Arcana, items or any other method).</p>",
"<p>As long as you are suffering from one or more status effects, you gain a +1 bonus on all Checks for every status effect you are suffering from, and you deal 2 extra damage for every status effect you are suffering from (be it with attacks, spells, Arcana, items or any other method).</p>",
All You Can Eat,
"<blockquote><p><strong>Requirements:</strong> you must have mastered the <strong>Gourmet</strong> Class</p></blockquote><p>Once per scene when you use the <strong>Cooking</strong> Skill, you may combine <strong>four ingredients into a delicacy</strong> (thus ignoring the normal limit of three ingredients). Other than that, the delicacy follows the normal rules.</p>",
Ambidextrous,
"<p>You may apply the benefits of <strong>two-weapon fighting</strong> (<strong>Core Rulebook</strong>, page <strong>69</strong>) to weapons belonging to different categories, even if one is a <strong>melee</strong> weapon and the other is a <strong>ranged</strong> weapon (such as a <strong>dagger</strong> and a <strong>firearm</strong>, for instance).</p>",
Arcane Echoes,
"<blockquote><p><strong>Requirements: </strong>you must have mastered the <strong>Arcanist </strong>Class. </p></blockquote><p>When you successfully perform a Check to fill or erase one or more sections of a Clock, if the <strong>domains </strong>of one or more Arcana you have bound are applicable to the Check in question, you may fill or erase an additional section of that Clock.</p><p>The Game Master has final say on whether a given domain applies or not. </p>",
Arcane Mark,
"<blockquote><p><strong>Requirements:</strong> you must have mastered one or more Classes among <strong>Sharpshooter</strong>, <strong>Symbolist</strong>, and <strong>Weaponmaster</strong>.</p></blockquote><p>When you hit one or more creatures with an attack using a weapon that belongs to the <strong>arcane </strong>Category, the attack deals 5 extra damage and you may choose one of those creatures. If the next offensive spell ( @ICON[offensive] ) you cast during this scene <strong>only </strong>targets the chosen creature, its Magic Check will trigger a <strong>critical success</strong> if both dice show the same number (and the Check is not a <strong>fumble</strong>) </p>",
"<p>When you hit one or more creatures with an attack using a weapon that belongs to the <strong>arcane </strong>Category, the attack deals 5 extra damage and you may choose one of those creatures. If the next offensive spell ( @ICON[offensive] ) you cast during this scene <strong>only </strong>targets the chosen creature, its Magic Check will trigger a <strong>critical success</strong> if both dice show the same number (and the Check is not a <strong>fumble</strong>) </p>",
Arcane Soldier,
"<blockquote><p>Requirements: you must have mastered one or more Classes out of <strong>Elementalist</strong>, <strong>Sharpshooter</strong> and <strong>Weaponmaster</strong>, and must know at least two offensive ( @ICON[offensive] ) spells.</p></blockquote><p>You may use an action to perform a <strong>free attack</strong> with a weapon you have equipped. This attack must target <strong>a single enemy</strong>. If the attack is successful, treat your <strong>High Roll</strong> as 0 when determining damage dealt by it. After the attack has been resolved, if it was successful, you may immediately perform the <strong>Spell</strong> action for free: the spell you cast this way <strong>must</strong> be an offensive ( @ICON[offensive] ) spell with a total MP cost <strong>equal to or lower than 20,</strong> and it may <strong>only</strong> target the enemy you attacked (you must still spend the appropriate Mind Points and perform the Magic Check). Treat your Magic Check's <strong>High Roll</strong> as 0 when determining damage or other effects caused by this spell.</p>",
Auramancer's Refraction,
"<blockquote><p><strong>Requirements:</strong> you must have mastered one or more Classes among <strong>Arcanist</strong> and <strong>Spiritist</strong>, and must have learned the <strong>Aura</strong> spell and/or the <strong>Barrier</strong> spell</p></blockquote><p>Choose a damage type among <strong>air, bolt, earth, fire, ice,</strong> and <strong>light</strong>.<br />When an enemy you can see deals damage to one or more creatures who are affected by an @UUID[Compendium.projectfu.spells.Item.jd9jMsj2PNq99M64]{Aura} and/or @UUID[Compendium.projectfu.spells.Item.pGDJPfT1bc2vErY9]{Barrier} spell you cast, the damage suffered by each of those creatures is reduced by an amount equal to <strong>【half your level in the Spiritist Class】</strong> <strong>or</strong> to <strong>【your level, divided by 10】</strong> (use whichever value is <strong>higher</strong>; this reduction is applied <strong>before </strong>damage Affinities). Then, you may deal an amount of damage of the chosen type equal to <strong>【half your level】 </strong>to that enemy. If you do, you cannot deal damage this way until the start of your next turn.</p>",
Bend Magic,
"<blockquote><p><strong>Requirements:</strong> you must have mastered one or more Classes among <strong>Elementalist</strong>, <strong>Entropist</strong>, <strong>Invoker</strong>, and <strong>Symbolist</strong> (see <strong>High Fantasy</strong>, page <strong>146</strong>), and must have acquired the <strong>Invocation</strong> Skill</p></blockquote><p>After an enemy you can see hits or misses you with an offensive spell<strong> ( </strong>@ICON[offensive] <strong>)</strong>, if the Result of their Magic Check was an <strong>even number</strong>, you may immediately use the <strong>Invocation</strong> Skill for free (after the spell has been fully resolved) to perform an <strong>invocation</strong> you have access to against that enemy, without spending Mind Points. This invocation must not be a ""<strong>hex</strong>"", and it may target <strong>only</strong> that enemy (you cannot use the <strong>Linked Invocation</strong> Skill with it).</p>",
Bimagus,
"<blockquote><p><strong>Requirements:</strong> you must have mastered two or more Classes among <strong>Elementalist</strong>, <strong>Entropist</strong>, and <strong>Spiritist</strong>, and your character must be <strong>level 30 or higher</strong>.</p></blockquote><p>Once per turn during a conflict, if you have an <strong>arcane </strong>weapon equipped, you may use an action and spend <strong>20 to 50 Mind Points</strong> to perform the <strong>Spell </strong>action for free <strong>twice</strong>, casting two spells without needing to pay their MP costs. If you do, the two spells must have a <strong>combined total MP cost equal to or lower than【20 + the amount of MP you spent to use this Skill】</strong>, and the second spell must have a <strong>total MP cost that is equal to or lower than half the total MP cost</strong> of the first spell. </p>",
Birth of the Cruel,
"<blockquote><p><strong>Requirements:</strong> you must have mastered the <strong>Necromancer</strong> Class.</p></blockquote><p>When a non-<strong>Villain</strong> NPC you can see that belongs to the <strong>beast</strong>, <strong>humanoid</strong>, <strong>monster</strong>, or <strong>plant</strong> Species dies, you may spend 2 Grave Points and <strong>reduce your maximum Hit Points and Mind Points</strong> by an amount equal to that NPC's <strong>level</strong>. If you do, their corpse becomes a <strong>Minion</strong> who obeys your telepathic commands:</p><ul><li>Its Species becomes <strong>undead</strong> and it receives all <strong>Undead rules</strong> (see <strong>Core Rulebook</strong>, page <strong>305</strong>). The new Affinities to <strong>dark</strong>, <strong>light</strong>, and <strong>poison</strong> damage overwrite any preexisting Affinity, but the original Species' rules are otherwise <strong>maintained</strong>.</li><li>Its <strong>Rank</strong> becomes <strong>soldier</strong>; if the original creature was an <strong>élite</strong> or <strong>champion</strong>, the GM must reduce the Minion's HP and MP accordingly (Skills are <strong>maintained</strong>).</li><li>The newly created Minion is a completely new creature and has full HP, full MP, and no status effects. It retains the original creature's <strong>equipment</strong>.</li><li>Your Minion takes its own turn during conflicts, and the Game Master must count it as an <strong>additional Player Character</strong> when designing a conflict.</li><li>When you <strong>rest</strong>, your Minion also gains the full benefits of resting.</li><li>If your Minion is reduced to 0 Hit Points, if you are <strong>more than 1 travel day</strong> away from it, or if you die or fall unconscious, your Minion is immediately <strong>destroyed</strong>.</li><li>You may also destroy your Minion <strong>at any time</strong>; if you want to create a new Minion, you must first destroy the current one.</li><li>If your Minion is destroyed, your maximum HP and MP scores <strong>return to normal</strong>.</li></ul>",
Black & White,
"<blockquote><p><strong>Requirements:</strong> you must have mastered one or more Classes among <strong>Ace of Cards</strong>, <strong>Darkblade</strong>, <strong>Entropist</strong>, and <strong>Spiritist</strong>, and you must have acquired the <strong>Magic Cards</strong> Skill. <br /></p></blockquote><p>When you resolve the <strong>Double Trouble</strong> effect, you may have all of its damage become <strong>light</strong> or <strong>dark</strong> (instead of being of a type matching the <strong>suits</strong> of the resolved cards).</p><p>Additionally, as long as there is a <strong>joker</strong> in your <strong>discard pile</strong>, all damage dealt by your <strong>Blinding Flush</strong>, <strong>Double Trouble</strong>, and <strong>Magic Flush</strong> effects ignores Immunities and Resistances.</p>",
Blade Adept,
"<blockquote><p><strong>Requirements:</strong> you must have mastered one or more Classes among <strong>Rogue </strong>and <strong>Weaponmaster</strong> .</p></blockquote><p>While you have one or more <strong>melee dagger</strong> weapons equipped, you gain a +1 bonus to Defense and Magic Defense, and you treat those weapons as also belonging to the <strong>brawling</strong> , <strong>sword</strong> , and <strong>thrown</strong> Categories for the purpose of Skills and effects.</p><p>Additionally, your attacks with weapons that belong to the <strong>dagger </strong>Category may target creatures that cannot normally be targeted by <strong>melee </strong>attacks.</p>",
"<p>While you have one or more <strong>melee dagger</strong> weapons equipped, you gain a +1 bonus to Defense and Magic Defense, and you treat those weapons as also belonging to the <strong>brawling</strong> , <strong>sword</strong> , and <strong>thrown</strong> Categories for the purpose of Skills and effects.</p>",
Brainwave Discharge,
"<blockquote><p>Requirements: you must have mastered the <strong>Esper</strong> Class.</p></blockquote><p>While your <strong>Brainwave Clock</strong> is <strong>full</strong>, you may use an action to erase all of its sections. If you do, you may choose one option: you deal @DMG[20 physical] damage to every enemy that is present on the scene; <strong>or</strong> you deal @DMG[30 physical] damage to a single enemy you can see. This amount increases by 10 if you are <strong>level 20 or higher</strong>, or by 20 if you are <strong>level 40 or higher.</strong></p><hr /><ul><li><p><strong>Reset:</strong> @CLOCK[brainwave-clock reset]{Reset Brainwave Clock}</p></li><li><p><strong>Target Loses:</strong> @DMG[&amp;step(20,30,40) physical]{20|30|40 physical (single)}, or @DMG[&amp;step(30,40,50) physical]{30|40|50 physical (multi)}</p><p></p></li></ul>",
Brambleheart,
"<blockquote><p><strong>Requirements:</strong> you must have mastered one or more classes among <strong>Darkblade</strong> and <strong>Floralist</strong>, and must have acquired the <strong>Chloromancy</strong> Skill</p></blockquote><p>You are Resistant to <strong>light</strong> damage and <strong>poison</strong> damage.</p><p>After you lose Hit Points, if you are in <strong>Crisis</strong> and a <strong>magiseed</strong> is present in your <strong>garden</strong>, you may fill <strong>1 section</strong> of your <strong>Growth Clock</strong>.</p><p>Additionally, when you use the @UUID[Compendium.projectfu.skills.Item.W5hE9L8x7AsJI7a1]{Shadow Strike} Skill, you may have your attack deal <strong>poison</strong> damage instead of <strong>dark</strong> damage (the damage type still cannot be changed). If you do, your <strong>Shadow Strike</strong> deals extra damage equal to <strong>【twice the number of filled sections in your Growth Clock】</strong>.</p>",
Brambleheart: Resistance,
<p>You are Resistant to <strong>light</strong> damage and <strong>poison</strong> damage.</p>,
Brave Bash,
"<blockquote><p><strong>Requirements:</strong> you must have mastered one or more Classes among <strong>Commander</strong> (see <strong>High Fantasy</strong>, page <strong>140</strong>), <strong>Guardian</strong>, and <strong>Weaponmaster</strong></p></blockquote><p><span class=""fontstyle0"">When you use the </span><span class=""fontstyle2"">@UUID[Compendium.projectfu.skills.Item.7jWycVYFgZ1BMxch]{Bone Crusher} </span><span class=""fontstyle0"">Skill, if your attack targets </span><span class=""fontstyle2""><strong>only one creature</strong> </span><span class=""fontstyle0"">and you have a </span><span class=""fontstyle2""><strong>shield</strong> </span><span class=""fontstyle0"">equipped, you may </span><span class=""fontstyle2""><strong>challenge</strong> </span><span class=""fontstyle0"">that creature until the end of your next turn. The </span><span class=""fontstyle2""><strong>challenge</strong> </span><span class=""fontstyle0"">also ends if that creature is </span><span class=""fontstyle2"">challenged </span><span class=""fontstyle0"">by someone else, or if you </span><span class=""fontstyle2""><strong>challenge</strong> </span><span class=""fontstyle0"">another creature.</span></p><p><span class=""fontstyle0"">The creature you are </span><span class=""fontstyle2""><strong>challenging</strong> </span><span class=""fontstyle0"">must include you among the targets of their attacks and offensive spells ( </span><span class=""fontstyle3"">@ICON[offensive] </span><span class=""fontstyle0"">), if able; additionally, once per turn (including other creatures' turns), when you deal damage to the creature you are </span><span class=""fontstyle2""><strong>challenging</strong> </span><span class=""fontstyle0"">with a </span><span class=""fontstyle2""><strong>free attack</strong> </span><span class=""fontstyle0"">using a </span><span class=""fontstyle2""><strong>one-handed melee</strong> </span><span class=""fontstyle0"">weapon or a </span><span class=""fontstyle2""><strong>custom weapon</strong> </span><span class=""fontstyle0"">belonging to the </span><span class=""fontstyle2""><strong>dagger</strong> </span><span class=""fontstyle0"">or </span><span class=""fontstyle2""><strong>sword</strong> </span><span class=""fontstyle0"">Category, you may deal 5 extra damage to that creature.</span> <br style=""font-style:normal;font-variant:normal;font-weight:normal;letter-spacing:normal;line-height:normal;orphans:2;text-align:-webkit-auto;text-indent:0px;text-transform:none;white-space:normal;widows:2;word-spacing:0px;-webkit-text-size-adjust:auto;-webkit-text-stroke-width:0px"" /></p>",
Bullet Break,
"<blockquote><p><strong>Requirements:</strong> you must have mastered the <strong>Sharpshooter </strong>Class.</p></blockquote><p>After you negate a <strong>ranged </strong>attack with the @UUID[Compendium.projectfu.skills.Item.sIkQa2NzkqsvczBr]{Crossfire}<strong> </strong>Skill, if the Result of the Accuracy Check was an <strong>even number</strong>, you may perform a <strong>free attack</strong> against the attacker with a <strong>ranged firearm</strong> weapon you have equipped. This attack must have that enemy as its <strong>only </strong>target; treat your <strong>High Roll (HR) </strong>as 0 when calculating damage dealt by it. </p>",
Bullet Time,
"<blockquote><p><strong>Requirements:</strong> you must have mastered one or more Classes among <strong>Entropist</strong> and <strong>Rogue</strong>, and must have acquired one or more Skills among <strong>Dodge</strong> and <strong>Stolen Time</strong>.</p></blockquote><p>You gain a bonus to your Initiative modiﬁer equal to <strong>【your Skill Level in Dodge + your Skill Level in Stolen Time】</strong>.</p><p>As long as you have no <strong>shield</strong> and no <strong>martial armor</strong> equipped, all damage you suffer is reduced by an amount equal to <strong>【your SL in Dodge】 </strong>(applied <strong>before</strong> damage Afﬁnities) and you deal extra damage equal to <strong>【your SL in Stolen Time】</strong>.</p>",
"<p>You gain a bonus to your Initiative modiﬁer equal to <strong>【your Skill Level in Dodge + your Skill Level in Stolen Time】</strong>.</p><p>As long as you have no <strong>shield</strong> and no <strong>martial armor</strong> equipped, all damage you suffer is reduced by an amount equal to <strong>【your SL in Dodge】 </strong>(applied <strong>before</strong> damage Afﬁnities) and you deal extra damage equal to <strong>【your SL in Stolen Time】</strong>.</p>",
Card Vanguard,
"<blockquote><p><strong>Requirements:</strong> you must have mastered the <strong>Ace of Cards</strong> Class, and must have acquired the <strong>Magic Cards</strong> Skill. <br /></p></blockquote><p>During a conflict, if you have <strong>two or fewer vanguard cards</strong> in play, you can use an action to choose <strong>1 card</strong> from your <strong>hand </strong>and place it face down as a <strong>vanguard card</strong>; if you do, draw 1 card from your <strong>deck</strong>.</p><p>When you suffer damage, if you have one or more <strong>vanguard cards</strong> in play, you may reveal one of them and place it on top of your <strong>discard pile</strong>: if you do and that card is a <strong>joker</strong> or its <strong>suit</strong> matches the type of the damage you suffered, you instead suffer no damage and regain an equal amount of Mind Points. At the end of each conflict, if you have one or more <strong>vanguard cards</strong> in play, shuffle them back into your <strong>deck</strong>.</p>",
Ceaseless Battlefield,
"<blockquote><p><strong>Requirements:</strong> you must have mastered the <strong>Commander </strong>Class.</p></blockquote><p>The MP costs for your @UUID[Compendium.projectfu.skills.Item.FGihIPfif7yWsBCp]{Bishop's Edict}, @UUID[Compendium.projectfu.skills.Item.VhWG5AXdBZ8hL4xr]{Charging Cavalry}, and @UUID[Compendium.projectfu.skills.Item.79xGJD8jn4zGzYpX]{King's Castle} are halved. </p>",
Cheer Up!,
"<blockquote><p><strong>Requirements:</strong> you must have mastered one or more Classes among <strong>Chanter</strong> (see <strong>High Fantasy</strong>, page <strong>136</strong>), Esper (see <strong>Techno Fantasy</strong>, page <strong>150</strong>) and <strong>Orator</strong>, and must have acquired the <strong>My Trust in You</strong> Skill</p></blockquote><p>When you use @UUID[Compendium.projectfu.skills.Item.lK9onKSiMuQEe3zd]{My Trust in You} on another Player Character, that character chooses <strong>Dexterity, Insight, Might, </strong>or<strong> Willpower</strong>: they treat the chosen Attribute as being increased by one die size (up to a maximum of <strong>d12</strong>) until the end of the scene or until you use <strong>My Trust in You</strong> on them again.</p><hr /><ul><li><p><strong>Ally Receives:</strong> @EFFECT[dex-up e:eos i:1 t:source], @EFFECT[ins-up e:eos i:1 t:source], @EFFECT[mig-up e:eos i:1 t:source], or @EFFECT[wlp-up e:eos i:1 t:source]</p></li></ul>",
Chimeric Mastery,
"<blockquote><p><strong>Requirements: </strong>you must have mastered the <strong>Chimerist </strong>Class. </p></blockquote><p>Choose two creature Species among <strong>construct</strong>, <strong>demon</strong>, <strong>elemental</strong>, and <strong>undead</strong>. You can now use <strong>spell mimic</strong> to learn spells from creatures of the chosen Species. </p><p>This Heroic Skill <strong>may be acquired up to twice</strong>, each time selecting two Species from the list above.</p><p>Whenever you acquire this Skill, you also increase your upper limit for memorized Chimerist spells by 2. </p>",
Chimeric Soul,
"<blockquote><p><strong>Requirements:</strong> you must have mastered one or more Classes among <strong>Chimerist</strong> and <strong>Mutant</strong> (see <strong>Techno Fantasy</strong>, page <strong>154</strong>), and must have acquired the <strong>Spell Mimic</strong> Skill</p></blockquote><p>When you cast one of your Chimerist spells, you gain a benefit based on the <strong>Species</strong> of the creature you originally learned that spell from. Choose one option: you gain Resistance to both damage types associated with that Species; <strong>or</strong> when you deal damage of a type associated with that Species, you deal 5 extra damage. The chosen benefit lasts until the end of the scene, or until you cast a Chimerist spell again.</p><p>The damage types associated to each Species are <strong>air</strong> and <strong>ice</strong> (<strong>beast</strong>), <strong>earth</strong> and <strong>poison</strong> (<strong>construct</strong>), <strong>fire</strong> and <strong>ice</strong> (<strong>demon</strong>), <strong>air</strong> and <strong>bolt</strong> (<strong>elemental</strong>), <strong>bolt</strong> and <strong>fire</strong> (<strong>monster</strong>), <strong>earth</strong> and <strong>light</strong> (<strong>plant</strong>), <strong>dark</strong> and <strong>poison</strong> (<strong>undead</strong>).</p><hr /><ul><li><p><strong>Resistances:</strong> @TYPE[affinity air,ice resistance e:eos i:1 t:source]{Effect: Beast Resistance}, @TYPE[affinity earth,poison resistance e:eos i:1 t:source]{Effect: Construct Resistance}, @TYPE[affinity fire,ice resistance e:eos i:1 t:source]{Effect: Demon Resistance}, @TYPE[affinity air,bolt resistance e:eos i:1 t:source]{Effect: Elemental Resistance}, @TYPE[affinity bolt,fire resistance e:eos i:1 t:source]{Effect: Monster Resistance}, @TYPE[affinity earth,light resistance e:eos i:1 t:source]{Effect: Plant Resistance}, or @TYPE[affinity dark,poison resistance e:eos i:1 t:source]{Effect: Undead Resistance}</p></li><li><p><strong>Extra Damage:</strong> (TBA)</p></li></ul><p></p>",
Clean Slate,
"<blockquote><p><strong>Requirements:</strong> you must have mastered the <strong>Symbolist </strong>Class.</p></blockquote><p>You may use an action and spend up to 30 Mind Points to choose one creature you can see for every 5 MP spent this way. Each creature chosen this way recovers from all status effects and is no longer affected by any spells with a <strong>duration </strong>of “Scene” that were affecting them. </p><hr /><ul><li><p><strong>You Lose:</strong> @LOSS[5 mp]{1 Creature: 5 MP}, @LOSS[10 mp]{2 Creature: 10 MP}, @LOSS[15 mp]{3 Creature: 15 MP}, @LOSS[20 mp]{4 Creature: 20 MP}, @LOSS[25 mp]{5 Creature: 25 MP}, or @LOSS[30 mp]{6 Creature: 30 MP}</p></li></ul>",
Cleansing Moonlight,
"<blockquote><p><strong>Requirements:</strong> you must have mastered one or more Classes among <strong>Entropist</strong> and <strong>Spiritist</strong></p></blockquote><p>When you hit one or more creatures with an offensive spell ( @ICON[offensive] ), if you have an <strong>arcane</strong> weapon equipped and the <strong>High Roll</strong> of your <strong>Magic Check</strong> is <strong>8 or higher</strong>, you may have each of those creatures no longer be affected by <strong>all</strong> spells with a duration of """"Scene"""" that are currently affecting them.</p><p>When you cast a spell targeting one or more allies, if you have an <strong>arcane</strong> weapon equipped, you may choose one status effect among <strong>dazed</strong>, <strong>enraged</strong>, <strong>poisoned</strong>, <strong>shaken</strong>, <strong>slow</strong>, and <strong>weak</strong>: if you do, each target recovers from the chosen status effect.</p>",
Comet,
"<blockquote><p><strong>Requirements:</strong> you must have mastered the <strong>Entropist</strong> Class. <br /></p></blockquote><p>You learn the ultimate <strong>Entropist</strong> spell: <strong>Comet</strong>. <br /></p><table style=""width:94.2636%"" border=""1""><colgroup><col style=""width:12.973%""></col><col style=""width:13.1532%""></col><col style=""width:27.9279%""></col><col style=""width:45.7658%""></col></colgroup><tbody><tr><td style=""text-align:center""><strong>Comet</strong></td><td style=""text-align:center""><strong>MP: </strong>50</td><td style=""text-align:center""><strong>Target: </strong>Special</td><td style=""text-align:center""><strong>Duration: </strong>Instantaneous</td></tr></tbody></table><p>You rip open a large portal to the Cosmos, calling down astral debris from the gaping void. Choose on option: one creature you can see suffers @DMG[60 untyped] damage; or you choose any number of creatures you can see, and each of them suffers @DMG[40 untyped] damage. These amounts increase by 5 if you are <strong>level 20 or higher</strong>, or by 10 if you are <strong>level 40 or higher</strong>.</p><p>Damage dealt by this spell has no type (thus being unaffected by damage Affinities).</p><hr /><p>Add the @UUID[Compendium.projectfu.spells.Item.Vem0KAbARyK1FtPk]{Comet} spell to your character sheet from the <strong>Entropist</strong> spell list.</p>",
Decoy Bait,
"<blockquote><p>Requirements: you must have mastered the <strong>Sharpshooter</strong> Class, and must have acquired the <strong>Hawkeye</strong> Skill.</p></blockquote><p>When you use your @UUID[Compendium.projectfu.skills.Item.hmDCgX5OEk5l4uXW]{Hawkeye} Skill and choose the <strong>first option</strong>, if no <strong>decoy bait</strong> is present on the scene, you may spend 10 Mind Points. If you do, you create a <strong>decoy bait</strong> with Hit Points equal to <strong>【half your level + (your SL in Hawkeye, multiplied by 5)】</strong>.</p><p>When an enemy who can see your <strong>decoy bait</strong> deals damage to one or more creatures, your <strong>decoy bait</strong> automatically suffers damage <strong>in place of one of those creatures</strong>, chosen <strong>randomly</strong> (your <strong>decoy bait</strong> is always treated as having neutral Affinity towards all damage types, and cannot gain any other Affinity).</p><p>When an enemy reduces your <strong>decoy bait</strong> to 0 Hit Points, your <strong>decoy bait</strong> is automatically destroyed and you roll [[/r 1d10]]. If the number rolled is equal to or lower than <strong>【3 + your SL in Hawkeye】</strong>, you may immediately perform a free attack with a <strong>bow</strong> or <strong>firearm</strong> weapon you have equipped. This attack may <strong>only</strong> target that enemy, gains a bonus equal to <strong>【your SL in Hawkeye】</strong> to its Accuracy Check, and its damage ignores Immunities and Resistances.</p><p>Your <strong>decoy bait</strong> cannot recover Hit Points and is automatically destroyed at the end of the scene. Make sure to describe what it looks like!</p><hr /><ul><li><p><strong>You Lose:</strong> @LOSS[10 mp]</p></li><li><p>To <strong>automate</strong>, import the following actor into the world: @UUID[Compendium.projectfu.npcs.Actor.3Nt3Kj1uUlYg7P1E]{Decoy Bait}</p></li><li><p>Then, navigate to the '<strong>Settings</strong>' tab. For '<strong>Player</strong>,' select the actor who owns this decoy bait, and for '<strong>Skill</strong>,' select the '<strong>Hawkeye</strong>' skill.</p></li></ul>",
Deep Pockets,
"<blockquote><p><strong>Requirements:</strong> you must have mastered the <strong>Tinkerer</strong> Class.</p></blockquote><p>When you spend Inventory Points, you spend 1 less Inventory Point (minimum 1).</p>",
"<p>When you spend Inventory Points, you spend 1 less Inventory Point (minimum 1).</p>",
Disarming Rhetoric,
"<blockquote><p><strong>Requirements:</strong> you must have mastered the <strong>Orator</strong> Class.</p></blockquote><p>During a conflict scene, you may use an action and choose a <strong>soldier</strong>-rank creature that can hear and understand you (the Game Master must tell you who is a valid target). If that creature is <strong>shaken</strong> or in <strong>Crisis</strong>, you may spend an amount of Mind Points equal to <strong>【20 + half that creature's level】</strong> to have them peacefully leave the conflict.</p><p>Describe how you convince them to desist.</p><hr><ul><li><p><strong>You Lose:</strong> @LOSS[20+(@target.level.value/2) mp]{20 + half that creature's level MP}</p></li></ul>",
Double Arrow,
"<blockquote><p><strong>Requirements:</strong> you must have mastered one or more Classes among <strong>Commander </strong>and <strong>Sharpshooter</strong>.</p></blockquote><p>When you perform the <strong>Attack </strong>action with a <strong>ranged </strong>weapon that belongs to the <strong>bow </strong>Category, if you have <strong>no other weapon equipped</strong>, you may perform two separate attacks instead of one (against the same target or against different targets). If you do, both attacks follow the rules for <strong>two-weapon fighting</strong>: each attack loses the <strong>multi </strong>property and cannot gain it, and you treat the High Roll of each Accuracy Check as being equal to 0 when determining damage.</p><p>Note that this Heroic Skill <strong>does not stack</strong> with a custom weapon’s <strong>quick </strong>customization (using <strong>Double Arrows</strong> with a <strong>quick </strong>bow doesn’t allow more than two attacks, in short).</p>",
Dreamslice,
"<blockquote><p><strong>Requirements: </strong>you must have mastered one or more Classes among <strong>Darkblade</strong> and <strong>Esper</strong>.</p></blockquote><p>When you hit one or more creatures with an attack from your @UUID[Compendium.projectfu.skills.Item.W5hE9L8x7AsJI7a1]{Shadow Strike} Skill using a weapon that belongs to the <strong>sword</strong> Category, each of those creatures loses an amount of Mind Points equal to <strong>【the number you rolled on your Might die for Shadow Strike】</strong>. Then, if <strong>【the number you rolled on your Might die for Shadow Strike】 was 8 or higher</strong>, you may choose one creature hit by the attack: if that creature is your <strong>focus</strong> or you have a <strong>Bond</strong> towards them, that creature will perform one fewer action during their next turn (to a minimum of zero actions).</p><hr><ul><li><p><strong>Target Loses:</strong> @LOSS[(^backlash(mig,hp)+$sl) mp]</p></li></ul>",
Duel Master,
"<blockquote><p><strong>Requirements:</strong> you must have mastered one or more Classes among <strong>Ace of Cards</strong>, <strong>Fury</strong>, <strong>Rogue</strong>, <strong>Sharpshooter</strong>, and <strong>Weaponmaster</strong>, and you must have acquired the <strong>Magic Cards</strong> Skill.</p></blockquote><p>When you resolve the <strong>Magic Pair</strong> effect, if you attack with a weapon belonging to the <strong>arcane</strong> or <strong>thrown</strong> Category, you deal extra damage equal to the common value of the resolved cards and regain an amount of Mind Points equal to twice the common value of the resolved cards (for instance, resolving a pair of <strong>5s</strong> will allow you to deal 5 extra damage and regain 10 Mind Points).</p>",
Dynamic Synchronization,
"<blockquote><p><strong>Requirements: </strong>you must have mastered the <strong>Pilot</strong> Class.</p></blockquote><p>At the start of your turn during a conflict, if you are driving your <strong>personal vehicle</strong>, you may choose one option: you <strong>synchronize</strong> with another Player Character who is present on the scene and driving their own <strong>personal vehicle</strong>; <strong>or</strong> you <strong>synchronize</strong> with another Player Character who is a passenger on your <strong>personal vehicle</strong>. Describe how you join forces! You and the chosen character <strong>both</strong> receive the following benefits as long as the <strong>synchronization</strong> remains active:</p><ul><li><p>When you perform a Check, you may use the current Attribute die sizes of the other Player Character in place of yours (for one or both dice).</p></li><li><p>When you deal damage, deal extra damage equal to <strong>【the strength of your Bond towards the other PC, plus the strength of their Bond towards you】</strong>.</p></li><li><p>You may use an action to perform a <strong>free attack</strong> with one <strong>enabled or disabled weapon module</strong> present on the <strong>personal vehicle</strong> the other PC is currently on.</p></li><li><p>When your turn ends, if the other PC has yet to take their turn during this round, they may take their turn <strong>immediately</strong> after yours.</p></li></ul><p>This synchronization lasts until the end of the scene, or until you or the other Player Character die, fall unconscious, leave the scene, <strong>synchronize</strong> with someone else, or are no longer aboard a <strong>personal vehicle</strong>.</p>",
Ephemeral Tranquility,
"<blockquote><p><strong>Requirements:</strong> you must have mastered one or more Classes among <strong>Dancer</strong> (see <strong>High Fantasy</strong>, page <strong>142</strong>), <strong>Esper</strong> (see <strong>Techno Fantasy</strong>, page <strong>150</strong>), <strong>Rogue</strong>, <strong>Spiritist</strong>, and <strong>Symbolist</strong> (see <strong>High Fantasy</strong>, page <strong>146</strong>)</p></blockquote><p>When you cast the @UUID[Compendium.projectfu.spells.Item.JTyMViMTOUrc7bms]{Hallucination} or @UUID[Compendium.projectfu.spells.Item.9ENpDMvIOH9FJAka]{Torpor} spells (see <strong>Core Rulebook</strong>, page <strong>208</strong>), you may apply <strong>both</strong> status effects to each target hit by the spell. During a conflict, you may use an action and spend up to 20 Mind Points. For every 10 Mind Points spent this way, you may choose a different enemy you can see who is suffering from <strong>two or more status effects</strong>. Every enemy chosen this way recovers from all status effects and loses an amount of Hit Points equal to <strong>【half your level + (the number of status effects that enemy recovered from this way, multiplied by 10)】</strong>. Then, you recover 20 Mind Points for each of those enemies that entered <strong>Crisis</strong> or was reduced to 0 Hit Points by this effect.</p><hr /><ul><li><p><strong>You Spend:</strong> @LOSS[10 mp], or @LOSS[20 mp]</p></li><li><p><strong>Target Loses:</strong> @LOSS[(@source.level.value/2)+($tsc*10) hp]</p></li><li><p><strong>You Recover:</strong> @GAIN[20 mp]</p></li></ul>",
Extra HP,
<p>Permanently increase your maximum Hit Points by 10.</p><p>The amount of additional HP increases to 20 if you are <strong>level 40 or higher</strong>.</p>,
<p>Permanently increase your maximum Hit Points by 10. The amount of additional HP increases to 20 if you are <strong>level 40 or higher</strong>.</p>,
Extra IP,
<p>Permanently increase your maximum Inventory Points by 4.</p>,
Extra MP,
<p>Permanently increase your maximum Mind Points by 10.</p><p>The amount of additional MP increases to 20 if you are <strong>level 40 or higher</strong>.</p>,
<p>Permanently increase your maximum Mind Points by 10.  The amount of additional MP increases to 20 if you are <strong>level 40 or higher</strong>.</p>,
Extra Spells,
"<p>When you acquire this Skill, learn any two spells from one of the following lists: <strong>Elementalist</strong>, <strong>Entropist</strong>, or <strong>Spiritist</strong>. Both spells chosen this way must come from the same list, and they follow the standard rules for casting spells of that Class.</p>",
Fast Rituals,
"<blockquote><p><strong>Requirements:</strong> you must have mastered one or more Classes among <strong>Chimerist</strong>, <strong>Elementalist</strong>, <strong>Entropist</strong>, and <strong>Spiritist</strong>.</p></blockquote><p>When you initiate a Ritual during a conflict scene, its Ritual Clock is created with <strong>two fewer sections </strong>than normal, to a minimum of <strong>four sections</strong>. </p>",
Fitcast,
"<blockquote><p><strong>Requirements:</strong> you must have mastered one or more Classes among <strong>Chimerist</strong>, <strong>Darkblade</strong>, <strong>Esper</strong> (see <strong>Techno Fantasy</strong>, page <strong>150</strong>), <strong>Fury</strong>, and <strong>Wayfarer</strong></p></blockquote><p><span class=""fontstyle0"">When you perform a Magic Check for a spell or Ritual, you may replace </span><span class=""fontstyle2""><strong>one</strong> </span><span class=""fontstyle0"">of the Attributes with </span><span class=""fontstyle2""><strong>Might</strong> </span><span class=""fontstyle0"">(such as </span><span class=""fontstyle3""><strong>【</strong></span><span class=""fontstyle2""><strong>MIG + MIG</strong></span><span class=""fontstyle3""><strong>】</strong> </span><span class=""fontstyle0"">for a Chimerism Ritual).<br />As long as the </span><span class=""fontstyle2""><strong>Accuracy</strong> </span><span class=""fontstyle0"">formula of a weapon you have equipped includes </span><span class=""fontstyle2""><strong>Might</strong></span><span class=""fontstyle0"">, you may treat that weapon as also belonging to the </span><span class=""fontstyle2""><strong>arcane</strong> </span><span class=""fontstyle0"">Category for the purpose of Skills and effects that require it.</span></p>",
Fleeting Moment,
"<blockquote><p><strong>Requirements:</strong> you must have mastered the <strong>Weaponmaster </strong>Class, and must have acquired the <strong>Counterattack </strong>Skill.</p></blockquote><p>When you perform a @UUID[Compendium.projectfu.skills.Item.XhcTVGtGEk7L2Ddq]{Counterattack}<strong> </strong>using a <strong>melee </strong>weapon that belongs to the <strong>sword </strong>Category, you may add your High Roll to the damage dealt by the attack (you do not have to treat it as being 0). </p>",
For a Better Future,
"<blockquote><p><strong>Requirements:</strong> you must have mastered the <strong>Merchant</strong> Class, and must have acquired the <strong>Real Treasure</strong> and <strong>Winds of Trade</strong> Skills</p></blockquote><p>When you need to spend one or more Fabula Points, if you are <strong>not</strong> spending them to <strong>alter the story</strong> (see <strong>Core Rulebook</strong>, page <strong>98</strong>), you may spend that many <strong>Trade Points</strong> instead. Describe which memories of your trades and journeys give you strength!</p><p>Additionally, when you gain <strong>two or more</strong> Trade Points through the @UUID[Compendium.projectfu.skills.Item.lFYCdvybWS7x8e6L]{Real Treasure} or @UUID[Compendium.projectfu.skills.Item.zXB7pBEv1JED1xkh]{Winds of Trade} Skills, you may choose to gain <strong>exactly 1 Trade Point</strong> instead. If you do, choose a settlement within <strong>1 travel day</strong> of your position and increase its <strong>prosperity</strong> by an amount equal to <strong>【your Skill Level in Winds of Trade + your Skill Level in Real Treasure】</strong>; a settlement's <strong>prosperity</strong> starts at 0 and has no upper limit.</p><p>The chart below indicates the effects of your donations on the settlement and on anything within <strong>1 travel day</strong> of it.</p><table border><tbody><tr><th><p>Prosperity</p></th><th><p>Effects within 1 travel day of the settlement</p></th></tr><tr><td><p>10 or more</p></td><td><p>When you or an ally need to pay a cost in zenit, whatever the reason, that cost is <strong>halved</strong>.</p></td></tr><tr><td><p>15 or more</p></td><td><p>People gladly accommodate you and your allies: while in this area, you can always <strong>rest</strong> freely, without spending zenit. Furthermore, any <strong>travel rolls</strong> made in this area never use a die greater than <strong>d8</strong>.</p></td></tr><tr><td><p>20 or more</p></td><td><p>When a Villain in this area spends Ultima Points, they must spend <strong>twice</strong> as many Ultima Points.</p></td></tr></tbody></table>",
Forbidden Rite,
"<blockquote><p><strong>Requirements:</strong> you must have mastered one or more Classes among <strong>Ace of Cards</strong> and <strong>Arcanist</strong>, and you must have acquired <strong>3 Skill Levels</strong> in the <strong>Magic Cards</strong> Skill.</p></blockquote><p>As long as there are one or more cards in your discard pile, you have Resistance to the damage type matching the suit of the card on top of your discard pile (if that card is a joker, you have Resistance to all four damage types: air, earth, fire, and ice).</p><p>You also add the following effect to your list of sets:</p><table style=""height:34px;width:100%;border-width:1px;margin-left:auto;margin-right:auto"" border=""1""><colgroup><col style=""width:27.9621%""></col><col style=""width:72.0379%""></col></colgroup><tbody><tr style=""height:17px""><td style=""height:17px;border-width:1px""><strong>Effect</strong></td><td style=""height:17px;border-width:1px""><strong>Set Requirements</strong></td></tr><tr style=""height:17px""><td style=""height:17px;border-width:1px""><strong>Forbidden Monarch</strong></td><td style=""height:17px;border-width:1px""><p><strong>4 cards</strong> of the <strong>same value</strong>, <strong>none</strong> of which is a <strong>joker</strong> + <strong>1 joker</strong></p></td></tr></tbody></table><p>You deal 777 damage to each enemy present on the scene; the type of this damage is light if the common value of the 4 cards is even, or dark if that total is odd.</p><p>If there is a joker in your discard pile, the damage dealt by this effect ignores Immunities and Resistances.</p>",
Grand Summoning,
"<blockquote><p><strong>Requirements:</strong> you must have mastered the <strong>Arcanist </strong>Class, and your character must be <strong>level 30 or higher</strong> .</p></blockquote><p>When you summon an Arcanum, you may decide to spend 1 Fabula Point and spend half of your current Hit Points (rounded down) to shape your lifeforce into a full manifestation of their power. If you do, the Arcanum manifests as a <strong>soldier</strong> -rank creature of the <strong>demon </strong>Species under your control (they count as an ally and have their own independent turn during conflicts – if you use this Skill during a conflict scene, the Arcanum joins the scene <strong>at the end</strong> of the current round). You also do not gain any of the <strong>merge </strong>benefits you would normally enjoy when summoning that Arcanum. The summoned creature has the following profile:</p><ul><li><p><strong>Level </strong>is equal to your level (thus gaining the bonuses to Checks and damage listed under <strong>steps 8 </strong>on page <strong>303 </strong>of the <strong>Core Rulebook</strong> ).</p></li><li><p>A <strong>d10 </strong>in one Attribute of your choice, and a <strong>d8 </strong>in all other Attributes.</p></li><li><p><strong>Maximum Hit Points</strong> equal to <strong>【</strong> <strong>twice the creature's base Might die size, plus half of your maximum Hit Points</strong> <strong>】</strong> . The creature has <strong>no Mind Points</strong> .</p></li><li><p>Resistance to <strong>two </strong>damage types of your choice.</p></li><li><p>The creature receives all the <strong>merge </strong>benefits the Arcanum would normally grant you when summoned (damage Affinities, immunity to status effects, increased Attribute sizes, etc.). If a <strong>merge </strong>benefit would cause the Arcanum to be dismissed, this will cause the summoned creature to vanish unless you spend 20 Mind Points.</p></li><li><p>A <strong>melee basic attack</strong> whose Accuracy Check relies on <strong>two different Attributes </strong>of your choice and deals <strong>【</strong> <strong>HR + 8</strong> <strong>】 physical damage</strong>. Choose <strong>two different options</strong> : the attack is a <strong>ranged </strong>attack; <strong>or </strong>it deals 4 extra damage; <strong>or </strong>it deals damage of a type other than <strong>physical</strong> ; <strong>or </strong>the Accuracy Check relies on a <strong>single Attribute</strong>.</p></li><li><p>The creature may perform the <strong>Skill </strong>action to produce one of the <strong>dismiss </strong>effects normally granted by that Arcanum, but doing so will cause the summoned creature to vanish unless you spend 20 Mind Points.</p></li></ul><p>The following rules apply when you <strong>Grand Summon</strong> an Arcanum:</p><ul><li><p>The creature is always summoned at full Hit Points, with no status effects.</p></li><li><p>The creature vanishes if it reaches 0 Hit Points, if you die, lose consciousness or leave the scene, or <strong>if you summon or Grand Summon</strong> an Arcanum again. The creature also vanishes when a scene ends, or if you simply command them to do so (this will <strong>not </strong>trigger the corresponding Arcanum's dismiss effect).</p></li><li><p>Take note of all choices made for <strong>Attributes </strong>and <strong>basic attack </strong>during the first time <strong>Summon </strong>a given Arcanum: these choices will remain unchanged whenever you <strong>Grand Summon</strong> that same Arcanum again in the future.</p></li></ul><hr /><ul><li><p><strong>You Spend:</strong> @LOSS[1 fp] and @LOSS[@actor.resources.hp.value/2 hp]{Current HP ÷ 2 HP}</p></li></ul>",
Greater Akromorphosis,
"<blockquote><p><strong>Requirements: </strong>you must have mastered the <strong>Mutant</strong> Class, and must have acquired the <strong>Akromorphosis</strong> Skill.</p></blockquote><p>You gain the following benefits based on the current Category of your <strong>unarmed strikes</strong>.</p><ul><li><p><strong>Arcane, brawling, dagger, thrown</strong>: your attacks with unarmed strikes treat the Defense of each target as being equal to their current Insight die size.</p></li><li><p><strong>Bow, sword</strong>: your attacks with <strong>unarmed strikes</strong> that target <strong>two or more creatures</strong> deal 5 extra damage.</p></li><li><p><strong>Firearm, heavy</strong>: your <strong>unarmed strikes</strong> deal 5 extra damage to <strong>constructs</strong>, and deal 5 extra damage to non-<strong>construct</strong> creatures who have at least one <strong>shield</strong> and/or <strong>martial armor</strong> equipped.</p></li><li><p><strong>Flail, spear</strong>: you gain a +2 bonus to Defense, and your attacks with <strong>unarmed strikes</strong> may target <strong>flying</strong> creatures.</p></li></ul><p>If your <strong>unarmed strikes</strong> are treated as belonging to <strong>more than one Category</strong> (for instance due to the @UUID[Compendium.projectfu.heroic-skills.Item.s316rQUTr3lgeTx7]{Blade Adept} Heroic Skill; see <strong>High Fantasy Atlas, </strong>page <strong>154</strong>), you gain all the benefits of the corresponding Categories.</p>",
Greater Chloromancy,
"<blockquote><p><strong>Requirements:</strong> you must have mastered the <strong>Floralist</strong> Class</p></blockquote><p><span class=""fontstyle0"">Once per turn when a </span><span class=""fontstyle2""><strong>magiseed</strong> </span><span class=""fontstyle0"">leaves your </span><span class=""fontstyle2""><strong>garden</strong></span><span class=""fontstyle0"">, if that </span><span class=""fontstyle2""><strong>magiseed</strong> </span><span class=""fontstyle0"">has one or more ""at the end of your turn"" effects, you may spend </span>20<span class=""fontstyle0""> Mind Points. If you do, reproduce </span><span class=""fontstyle2""><strong>one</strong> </span><span class=""fontstyle0"">of those effects (you may also choose an effect that doesn't match the current sections of your </span><span class=""fontstyle2""><strong>Growth Clock</strong></span><span class=""fontstyle0"">).</span></p><p><span class=""fontstyle0"">Additionally, if you have acquired the </span><span class=""fontstyle2"">@UUID[Compendium.projectfu.skills.Item.ilAq8Q2OSE3oCVdi]{Verdant Sway} </span><span class=""fontstyle0"">Skill, your Rituals can now also influence and control </span><span class=""fontstyle2""><strong>soldier</strong></span><span class=""fontstyle0"">-Rank creatures belonging to the </span><span class=""fontstyle2""><strong>plant</strong> </span><span class=""fontstyle0"">Species (but you are still unable to </span><span class=""fontstyle2""><strong>create</strong> </span><span class=""fontstyle0"">them).</span></p><hr /><ul><li><p><strong>You Spend:</strong> @LOSS[20 mp]<strong><br style=""font-style:normal;font-variant:normal;font-weight:normal;letter-spacing:normal;line-height:normal;orphans:2;text-align:-webkit-auto;text-indent:0px;text-transform:none;white-space:normal;widows:2;word-spacing:0px;-webkit-text-size-adjust:auto;-webkit-text-stroke-width:0px"" /></strong></p></li></ul>",
Greater Ecdysis,
"<blockquote><p><strong>Requirements: </strong>you must have mastered the <strong>Mutant</strong> Class.</p></blockquote><p>When you use the @UUID[Compendium.projectfu.skills.Item.ij6vcA9nnD915bgI]{Ecdysis} Skill, you may also choose one or both options: you recover from all status effects, <strong>and/or</strong> if you are affected by one or more spells with a <strong>duration </strong>of “Scene”, you are no longer affected by any of those spells.</p>",
Greater Theriomorphosis,
"<blockquote><p><strong>Requirements:</strong> you must have mastered the Mutant Class.</p></blockquote><p>When you use the @UUID[Compendium.projectfu.skills.Item.pmwdU2AGU0JtrWw8]{Theriomorphosis} Skill on your turn during a conflict, if this <strong>did not</strong> happen through the <strong>Genoclepsis</strong> Skill, you may manifest the effects of <strong>up to three therioforms</strong> from those you have learned (instead of two); then, you may immediately perform an additional action. This additional action <strong>cannot</strong> be used for the <strong>Theriomorphosis</strong> Skill.</p>",
Green Thumb,
"<blockquote><p><strong>Requirements:</strong> you must have mastered the <strong>Floralist</strong> Class</p></blockquote><p>When <strong>you fill 1 or more sections of your Growth Clock</strong>, you may choose one option: you fill <strong>1 additional section</strong> of your Growth Clock; <strong>or</strong> you fill <strong>1 fewer section</strong> of your Growth Clock (to a minimum of 0 sections filled). If you do, you cannot use this effect again until after your <strong>Growth Clock</strong> has become completely empty.</p><p>Additionally, damage dealt by your <strong>magiseeds</strong> ignores Resistances.</p>",
Harvester of Sorrow,
"<blockquote><p><strong>Requirements:</strong> you must have mastered one or more Classes among <strong>Entropist </strong>and <strong>Necromancer</strong>, and must have learned both the <strong>Drain Spirit</strong> and <strong>Drain Vigor</strong> spells.</p></blockquote><p>When you cast the @UUID[Compendium.projectfu.spells.Item.300SqWOqTrc7Qb3L]{Drain Spirit} or @UUID[Compendium.projectfu.spells.Item.HCknXFHu7q0bJ2Cg]{Drain Vigor} spells, the amount of Mind Points or Hit Points you recover is <strong>equal </strong>to the MP or HP loss suffered by the target, respectively (instead of being halved).</p><p>Additionally, your <strong>Drain Spirit</strong> causes the target to lose<strong>【HR + 20】</strong> Mind Points if you are <strong>level 20 or higher</strong>, or <strong>【HR + 25】</strong> Mind Points if you are <strong>level 40 or higher</strong>, instead of the normal<strong>【HR + 15】</strong>.</p>",
Heartbreaker,
"<blockquote><p><strong>Requirements: </strong>you must have mastered the <strong>Darkblade </strong>Class.</p></blockquote><p>When you hit a creature with an attack, if that attack <strong>only </strong>targeted that creature and you have a <strong>Bond </strong>towards them, you may choose to spend half of your current Hit Points, rounded down. If you do, the attack deals extra damage equal to <strong>【10 multiplied by the strength of your Bond towards the target】</strong>.</p><p>You may use this Skill only on your turn during a conflict, and <strong>only once per turn</strong>.</p><hr /><ul><li><p><strong>You Lose:</strong> @LOSS[@source.level.value/2 hp]</p></li><li><p><strong>Target Loses:</strong> @DMG[10 untyped]{1 Bond: 10 Untyped}, @DMG[20 untyped]{2 Bond: 20 Untyped}, or @DMG[30 untyped]{3 Bond: 30 Untyped}</p></li></ul>",
Heroic Companion,
"<blockquote><p><strong>Requirements:</strong> you must have mastered the <strong>Wayfarer</strong> Class, and must have acquired the <strong>Faithful Companion</strong> Skill.</p></blockquote><p>Your bond with your companion grows stronger. You gain the following benefits:</p><ul><li>The companion's maximum Hit Points increase by 10.</li><li>Choose one of the companion's Attributes: <strong>Dexterity</strong>, <strong>Insight</strong>, <strong>Might</strong>, or <strong>Willpower</strong>. The chosen Attribute is permanently increased by one die size (up to a maximum size of <strong>d12</strong>).</li><li>The companion gains an additional Skill. When you reach level <strong>40</strong>, or if you have already reached it, the companion gains an additional Skill. Make sure to discuss your Skill choices with the Game Master and the other Players.</li></ul><hr /><ul><li><p><strong>Companion Receives:</strong> @UUID[Compendium.projectfu.heroic-skills.Item.qZPjSnXWgwN7Wg0t]{Effect: Heroic Companion}</p></li><li><p>Then, navigate to the active effect's ""<strong>Effects</strong>"" tab, choose one attribute to increase, and remove the rest.</p></li></ul>",
Hit the Nerve,
"<blockquote><p><strong>Requirements: </strong>you must have mastered one or more Classes among <strong>Chanter</strong> (<strong>High Fantasy</strong>, page <strong>136</strong>) and <strong>Orator</strong>, and must have acquired the <strong>Condemn</strong> Skill.</p></blockquote><p>When you successfully use the @UUID[Compendium.projectfu.skills.Item.DtEiCkDsC1amYABn]{Condemn} Skill against an enemy you know <strong>one or more Traits of</strong>, you recover an amount of Mind Points equal to <strong>half</strong> the amount of MP lost by the target, and you may have them suffer <strong>enraged</strong> instead of the normal status effects.</p><p>Additionally, when you perform an <strong>Opposed Check</strong> against an <strong>enraged</strong> creature, or an <strong>Accuracy Check or Magic Check</strong> for an attack or offensive spell ( @ICON[offensive] ) that includes one or more <strong>enraged</strong> creatures among its targets, you trigger a <strong>critical success</strong> when both dice show the same number (as long as the Check is not a <strong>fumble</strong>)</p><hr /><ul><li><p><strong>You Recover</strong>: @LOSS[(&amp;sl('condemn')*10)/2 mp]</p></li><li><p><strong>Target Suffers:</strong> @EFFECT[enraged]</p></li></ul>",
Hope,
"<blockquote><p><strong>Requirements:</strong> you must have mastered the <strong>Spiritist</strong> Class.</p></blockquote><p>You learn the ultimate <strong>Spiritist</strong> spell: <strong>Hope</strong>.</p><table style=""width:93.4884%"" border=""1""><colgroup><col style=""width:11.9601%""></col><col style=""width:14.9463%""></col><col style=""width:26.2497%""></col><col style=""width:46.8439%""></col></colgroup><tbody><tr><td style=""text-align:center""><strong>Hope</strong></td><td style=""text-align:center""><strong>MP: </strong>40</td><td style=""text-align:center""><strong>Target: </strong>Special</td><td style=""text-align:center""><strong>Duration: </strong>Instantaneous</td></tr></tbody></table><p>You rekindle the flames of courage and hope within a defeated hero. Choose a Player Character who <strong>surrendered</strong> but is still present on the scene: that Player Character immediately regains consciousness and recovers an amount of Hit Points equal to their <strong>Crisis</strong> score. Note that this spell will not undo the <strong>consequences</strong> of the character's surrender and is of no use if the character left the scene as part of their surrender — such as if they were captured and dragged away, or if they were trapped in a parallel dimension, and so on.</p><p>A Player Character may only be affected by this spell once per scene; if a character is brought back into the conflict by this spell and is subsequently reduced to 0 Hit Points again, they must <strong>sacrifice</strong> themselves or <strong>surrender</strong> as per the normal rules (including a new <strong>consequence</strong> and 2 more Fabula Points if they surrender).</p><hr /><p>Add the @UUID[Compendium.projectfu.spells.Item.xp65Fb9BoQuEN6hC]{Hope} spell to your character sheet from the <strong>Spiritist</strong> spell list.</p>",
Hoplite,
"<blockquote><p><strong>Requirements: </strong>you must have mastered one or more Classes among <strong>Commander </strong>and <strong>Guardian</strong>.</p></blockquote><p>As long as you have a <strong>weapon </strong>equipped in your <strong>main hand slot</strong> and a <strong>shield </strong>equipped in your <strong>off-hand slot</strong>, your attacks with that weapon deal 5 extra damage and you gain a +1 bonus to Defense.</p><p>This Skill <strong>cannot </strong>be combined with <strong>custom weapons </strong>with the <strong>defence boost</strong> customization (<strong>High Fantasy</strong>, page <strong>106</strong>), <strong>nor </strong>with the @UUID[Compendium.projectfu.skills.Item.aPQXTQegswRisA1R]{Dual Shieldbearer} Skill (<strong>Core Rulebook</strong>, page <strong>197</strong>).</p>",
"<p>As long as you have a <strong>weapon </strong>equipped in your <strong>main hand slot</strong> and a <strong>shield </strong>equipped in your <strong>off-hand slot</strong>, your attacks with that weapon deal 5 extra damage and you gain a +1 bonus to Defense.</p>",
Inner Wellspring,
"<blockquote><p><strong>Requirements:</strong> you must have mastered the <strong>Invoker</strong> Class</p></blockquote><p>When you acquire this Heroic Skill and whenever you <strong>rest</strong>, you may choose one <strong>wellspring: air, earth, fire, lightning,</strong> or <strong>water</strong>. If you do, you gain the following benefits until your next <strong>rest</strong>:</p><ul><li>You <strong>always</strong> treat the chosen <strong>wellspring</strong> as being available during each scene, in addition to whatever <strong>wellsprings</strong> are already available.</li><li>You may perform Rituals of the <strong>Elementalism</strong> discipline, but only if those Rituals manipulate the element of the chosen <strong>wellspring</strong>.</li><li>You gain Resistance to the damage type corresponding to the chosen <strong>wellspring</strong>.</li><li>When you deal damage, you may change its type to the one corresponding to the chosen <strong>wellspring</strong>. If you do, that damage ignores Resistances.</li></ul>",
Inner Wellspring: Air,
Inner Wellspring: Earth,
Inner Wellspring: Fire,
Inner Wellspring: Lightning,
Inner Wellspring: Water,
Iron Forest,
"<blockquote><p><strong>Requirements: </strong>you must have mastered one or more Classes among <strong>Commander </strong>and <strong>Weaponmaster</strong>.</p></blockquote><p>After you hit one or more creatures with a <strong>melee </strong>attack using a weapon that belongs to the <strong>spear </strong>Category, if you have <strong>no other weapon equipped</strong>, you may spend 20 Mind Points and choose one of those creatures. If you do so, the attack deals <strong>half </strong>the normal amount of damage to each of its targets, and you choose one type of action among the following: <strong>Attack</strong>, <strong>Guard</strong>, <strong>Objective</strong>, <strong>Spell</strong>, or <strong>Skill</strong>. From now on, the chosen creature must spend 10 Mind points whenever they wish to perform that type of action. If they can’t, they must perform a different type of action. This effect lasts until the start of your next turn, or until you use this Skill again.</p><hr /><ul><li><p><strong>You Lose:</strong> @LOSS[20 mp]</p></li><li><p><strong>Target Suffers:</strong> @EFFECT[Compendium.projectfu.heroic-skills.Item.SZAZdgiDWIvxWE00]{Effect: Iron Forest}</p></li></ul>",
Magic Guard,
"<blockquote><p><strong>Requirements: </strong>you must have mastered one or more Classes among <strong>Chimerist</strong>, <strong>Elementalist</strong>, <strong>Entropist</strong>, and <strong>Spiritist</strong>.</p></blockquote><p>When you perform the <strong>Guard </strong>action, if you choose not to provide cover to another creature, you gain the following benefit until the start of your next turn: when a creature you can see casts a spell, after that creature pays for the spell's MP cost, you may spend an amount of Mind Points equal to <strong>【10 + the spell's total MP cost】</strong> in order to completely stop the casting of the spell and negate its effects (the spell isn't cast, but the creature is still considered to have spent their action).</p>",
Make it or Break it,
"<blockquote><p><strong>Requirements:</strong> you must have mastered one or more Classes among <strong>Darkblade</strong> and <strong>Fury</strong>.</p></blockquote><p>When you attack with a weapon, you may declare ""make it or break it!"" before the Accuracy Check. If you do, the Check's <strong>High Roll (HR)</strong> is <strong>doubled</strong> when determining damage, and you apply the following penalties if the Result is an <strong>even</strong> number:</p><ul><li><p>If the weapon you used is <strong>transforming</strong> (see page <strong>113),</strong> it <strong>immediately changes form</strong> and <strong>it cannot change form again</strong> until the end of the scene.</p></li><li><p>If the weapon you used <strong>is not transforming,</strong> or if it is a <strong>transforming</strong> weapon that <strong>cannot change form</strong> (see above), it is <strong>placed inside your backpack</strong> and <strong>cannot be equipped</strong> until the end of the scene; however, you may <strong>immediately</strong> perform the <strong>Equipment</strong> action <strong>for free</strong>.</p></li></ul><p>This Heroic Skill does not apply to attacks with <strong>unarmed strikes</strong>, <strong>improvised weapons</strong>, <strong>weapon modules</strong> (see page <strong>161</strong>), or <strong>Twin Shields</strong> (see <strong>Core Rulebook</strong>, page <strong>197</strong>)</p>",
Mathemagic,
"<blockquote><p><strong>Requirements:</strong> you must have mastered the <strong>Loremaster</strong> Class.</p></blockquote><p>When you cast a spell with a <strong>target</strong> of ""One creature"", you may <strong>double the spell's total MP cost</strong>. If you do, choose an Attribute (<strong>Dexterity</strong>, <strong>Insight</strong>, <strong>Might</strong>, or <strong>Willpower</strong>) and a die size (<strong>d6</strong>, <strong>d8</strong>, <strong>d10</strong>, or <strong>d12</strong>). The spell now targets <strong>all</strong> creatures present on the scene whose <strong>current</strong> Attribute die size matches your choice, regardless of whether they are friends or foes (you might even end up targeting yourself). The effects of the spell are fully applied to every target.</p><p>If the spell is an offensive ( @ICON[offensive] ) spell, it follows the normal rules: you perform a single Magic Check and confront it with the Magic Defense of each target to determine who is hit by the spell.</p>",
Mimeoclepsis,
"<blockquote><p><strong>Requirements: </strong>you must have mastered one or more Classes between <strong>Chimerist</strong> and <strong>Mutant</strong>, and have acquired the <strong>Genoclepsis</strong> and <strong>Spell Mimic</strong> Skill of the two Classes.</p></blockquote><p>When you use the @UUID[Compendium.projectfu.skills.Item.mWqx8pto9gbbwMoG]{Genoclepsis} Skill on an NPC, if that NPC's Species is among the ones you can learn spells from with the <strong>Spell Mimic</strong> Skill (<strong>Core Rulebook</strong>, page <strong>183</strong>), the Game Master must reveal all <strong>spells</strong> known by that NPC. Then, if that NPC knows one or more spell, you may <strong>learn one of those spells</strong> as a Chimerist spell of your own.</p>",
Monkey Grip,
"<blockquote><p><strong>Requirements:</strong> you must have mastered the <strong>Fury </strong>Class. </p></blockquote><p>You may equip two-handed weapons belonging to the <strong>flail</strong>, <strong>heavy</strong>, <strong>spear</strong>, or <strong>sword </strong>Categories in a single hand slot.</p><p>This allows you, for instance, to enjoy the benefits of <strong>two-weapon fighting</strong> (<strong>Core Rulebook</strong>, page <strong>69</strong>) while wielding a pair of two-handed weapons, <strong>or </strong>to equip a two-handed weapon in your <strong>main hand slot</strong> and a shield in your <strong>off-hand slot</strong>.</p>",
Nebulization,
"<blockquote><p><strong>Requirements: </strong>you must have mastered the <strong>Tinkerer</strong> Class, and must have acquired the <strong>advanced Alchemy</strong> benefit from the <strong>Gadget</strong> Skill.</p></blockquote><p>When you create a <strong>potion</strong>, you gain <strong>1 Nebulization Point</strong>, or <strong>2 Nebulization Points </strong>if that potion was created via the <strong>Alchemy</strong> benefit of the <strong>Gadget</strong> Skill.</p><p>Potions and elemental shards you create deal extra damage equal to <strong>twice</strong> your current Nebulization Points.</p><p>Potions you create that restore Hit Points and/or Mind Points restore additional HP and/or MP equal to <strong>【your current Nebulization Points, multiplied by 5】</strong>.</p><p>You may never have more than <strong>5 Nebulization Points</strong>, and you lose all of them at the end of each scene.</p><hr /><ul><li><p><strong>Resource:</strong> @PROGRESS[rising-tide update 1]{Advance 1 Nebulization Point}, @PROGRESS[rising-tide update 2]{Advance 2 Nebulization Points}, or @PROGRESS[rising-tide reset]{Reset Nebulization Point}</p></li><li><p><strong>You Recover:</strong> @GAIN[@item.rp.current*5 hp] and/or @GAIN[@item.rp.current*5 mp]</p></li></ul>",
Nebulization Points,
Overload Burst,
"<blockquote><p><strong>Requirements: </strong>you must have mastered the <strong>Pilot</strong> Class, and must have acquired the <strong>Compression Tech</strong> Skill.</p></blockquote><p>Choose a damage type among <strong>bolt</strong>, <strong>dark</strong>, <strong>fire</strong>, <strong>ice</strong>, and <strong>light</strong>.</p><p>When you are reduced to 0 Hit Points for the first time during a scene, if you are driving your <strong>personal vehicle</strong>, you may choose to be reduced to exactly 1 Hit Point instead. If you do, you and any passengers <strong>leave</strong> your <strong>personal vehicle</strong>, which <strong>disappears</strong> from the game world. Then, you may deal an amount of damage equal to your <strong>Crisis</strong> score to a single creature you can see. This damage is of the type you have chosen from the list above. If your <strong>personal vehicle</strong> disappears from the game world this way, the next use of your @UUID[Compendium.projectfu.skills.Item.kMQH13lhWY4Mlbh8]{Compression Tech} Skill will have an additional cost of 1 Fabula Point.</p><hr /><ul><li><p><strong>You Recover:</strong> @GAIN[1 hp]</p></li><li><p><strong>Target Loses:</strong> @DMG[@source.resources.hp.max/2 bolt]{Crisis HP}, @DMG[@source.resources.hp.max/2 dark]{Crisis HP}, @DMG[@source.resources.hp.max/2 fire]{Crisis HP}, @DMG[@source.resources.hp.max/2 ice]{Crisis HP}, or @DMG[@source.resources.hp.max/2 light]{Crisis HP}</p></li></ul>",
Paso Doble,
"<blockquote><p><strong>Requirements:</strong> you must have mastered the <strong>Dancer </strong>Class, and must have acquired the <strong>Follow My Lead</strong> Skill.</p></blockquote><p>While you are in <strong>Crisis</strong>, you ignore the MP cost for your @UUID[Compendium.projectfu.skills.Item.3mqtdzwMU62J1ogW]{Follow My Lead} Skill.</p>",
"<p><span style=""font-family:'PT Sans Narrow', sans-serif"">While you are in <strong style=""box-sizing:border-box;user-select:text"">Crisis</strong>, you ignore the MP cost for your <strong style=""box-sizing:border-box;user-select:text"">Follow My Lead</strong> Skill. </span></p>",
Perfect Aim,
"<blockquote><p><strong>Requirements:</strong> you must have mastered the <strong>Sharpshooter </strong>Class, and must have acquired the <strong>Warning Shot</strong> Skill.</p></blockquote><p>When you hit one or more creatures with a <strong>ranged </strong>attack and choose to deal no damage in order to gain the benefits of the @UUID[Compendium.projectfu.skills.Item.Ovmw7cMrN6qvagG4]{Warning Shot} Skill, you may choose <strong>two </strong>options instead of one (for instance, you could inflict both <strong>shaken</strong> and <strong>slow</strong> on each creature, or inflict a status effect on each creature while also lowering their Mind Points).</p>",
Pillage,
"<blockquote><p><strong>Requirements:</strong> you must have mastered the <strong>Rogue</strong> Class, and must have acquired the <strong>Soul Steal</strong> Skill.</p></blockquote><p>When you use the @UUID[Compendium.projectfu.skills.Item.bpCv5Vkr1aWZiFSw]{Soul Steal} Skill, you may target any number of creatures at the same time (you perform a single Check and compare it to the Magic Defense of each creature you are attempting to steal from).  </p>",
Power Chord,
"<blockquote><p><strong>Requirements:</strong> you must have mastered the <strong>Chanter </strong>Class.</p></blockquote><p>When you sing a <strong>verse</strong> with <strong>medium</strong> or <strong>high</strong> volume, you may may double the <strong>verse</strong>’s cost in Mind Points, <strong>or</strong> spend 1 Fabula Point. If you do, you and every ally that is able to hear you gain the following benefit until the start of your next turn: your Accuracy Checks trigger a <strong>critical success</strong> when both dice show the same number (as long as the Check is not a <strong>fumble</strong>).</p><hr /><ul><li><p><strong>You Spend:</strong> @LOSS[1 fp]</p></li><li><p><strong>Targets Receive:</strong> @EFFECT[Compendium.projectfu.heroic-skills.Item.BMx3YxxDpgUahmgI]{Effect: Power Chord}</p></li></ul>",
Power Nap,
"<blockquote><p><strong>Requirements:</strong> you must have mastered one or more Classes among <strong>Guardian</strong>, <strong>Merchant</strong>, and <strong>Wayfarer</strong></p></blockquote><p>On your turn during a conflict, you may use an action to recover an amount of Hit Points and Mind Points equal to<strong>【20 + half your level】 </strong>and also recover from all status effects. If you do, your turn ends <strong>immediately</strong>, you lose the ability to <strong>hear and see</strong>, and your <strong>Defense and Magic Defense</strong> scores become <strong>equal to 5</strong> and cannot be modified in any way (but you may still use the @UUID[Compendium.projectfu.skills.Item.Z4WIA15aR4uLL5ES]{Protect} Skill from the <strong>Guardian</strong> Class, if you have acquired it!).</p><p>These penalties last until the start of your next turn, until after you <strong>lose Hit Points</strong>, or until after you <strong>are hit by an attack or offensive spell</strong> ( @ICON[offensive] ).</p><hr /><ul><li><p><strong>You Recover:</strong> @GAIN[20+($cl/2) hp] and @GAIN[20+($cl/2) mp]</p></li><li><p><strong>You Suffer:</strong> @EFFECT[Compendium.projectfu.heroic-skills.Item.dweyiPp3Ujt9sE43]{Effect: Power Nap}</p></li></ul>",
Powerful Shot,
"<blockquote><p><strong>Requirements:</strong> you must have mastered the <strong>Sharpshooter</strong> Class.</p></blockquote><p>When you hit one or more creatures with a <strong>ranged </strong>attack, that attack deals 5 extra damage to each creature.</p><p>The amount of extra damage increases to 10 if you are <strong>level 40 or higher</strong>.</p>",
"<p>When you hit one or more creatures with a <strong>ranged </strong>attack, that attack deals 5 extra damage to each creature. The amount of extra damage increases to 10 if you are <strong>level 40 or higher</strong>.</p>",
Powerful Spell,
"<blockquote><p><strong>Requirements:</strong> you must have mastered one or more Classes among the following: <strong>Chimerist</strong>, <strong>Elementalist</strong>, <strong>Entropist</strong>, or <strong>Spiritist</strong>. </p></blockquote><p>When you cast a spell that deals damage to one or more creatures, that spell deals 5 extra damage to each creature. </p><p>The amount of extra damage increases to 10 if you are<strong> level 40 or higher</strong> . </p>",
"<p>When you cast a spell that deals damage to one or more creatures, that spell deals 5 extra damage to each creature. The amount of extra damage increases to 10 if you are<strong> level 40 or higher</strong> . </p>",
Powerful Strike,
"<blockquote><p><strong>Requirements:</strong> you must have mastered one or more Classes among the following: <strong>Fury </strong>or <strong>Weaponmaster</strong>.</p></blockquote><p>When you hit one or more creatures with a <strong>melee </strong>attack, that attack deals 5 extra damage to each creature. </p><p>The amount of extra damage increases to 10 if you are <strong>level 40 or higher</strong>. </p>",
"<p>When you hit one or more creatures with a <strong>melee </strong>attack, that attack deals 5 extra damage to each creature.  The amount of extra damage increases to 10 if you are <strong>level 40 or higher</strong>. </p>",
Predictable!,
"<blockquote><p><span>Requirements: you must have mastered the <strong>Loremaster</strong> Class.</span></p></blockquote><p><span>During a conflict, you may use an action and spend 20 Mind Points to anticipate the upcoming moves of a creature you can see, as long as you know <strong>two or more</strong> of that creature's Traits. If you do so, choose one type of action among the following: <strong>Attack, Guard, Objective, Spell, </strong>or<strong> Skill</strong>. Until the start of your next turn, the creature must spend 20 Mind Points whenever they wish to perform that action. If they can't, they must perform a different action.</span></p><hr /><ul><li><p><strong>You Spend:</strong> <span>@LOSS[20 mp]</span></p></li><li><p><strong>Target Suffers:</strong> @EFFECT[Compendium.projectfu.heroic-skills.Item.1Oq4CktThiUInrbk]{Effect: Predictable!}</p></li></ul>",
Psychic Field,
"<blockquote><p><strong>Requirements: </strong>you must have mastered the <strong>Esper</strong> Class.</p></blockquote><p>Your gifts with event ""When you <strong>deal damage</strong>"" can also be used ""When an ally who is able to hear you <strong>deals damage</strong>"".</p><p>Your @UUID[Compendium.projectfu.skills.Item.aqgXqI567dkudwMN]<strong> gift</strong>, if you have acquired it, has its <strong>effect</strong> changed to ""You and every ally who is able to hear you may treat your Defense and Magic Defense scores as being equal to <strong>【your current Willpower die size + (the number of filled sections in your Brainwave Clock, multiplied by 2)】 </strong>against that Check (you may still use your normal scores if better).""</p>",
Pulse of the Maggots,
"<blockquote><p><strong>Requirements</strong>: you must have mastered the Necromancer Class.</p></blockquote><p>As long as you have <strong>at least 1 Grave Point</strong>, you gain Immunity to <strong>dark </strong>and <strong>poison </strong>damage, Resistance to <strong>physical </strong>damage, and Vulnerability to <strong>light </strong>damage. These Affinities <strong>overwrite </strong>any other Affinity for those damage types, and cannot be altered <strong>in any way</strong> as long as you have at least 1 Grave Point.</p>",
"<p>As long as you have <strong>at least 1 Grave Point</strong>, you gain Immunity to <strong>dark </strong>and <strong>poison </strong>damage, Resistance to <strong>physical </strong>damage, and Vulnerability to <strong>light </strong>damage. These Affinities <strong>overwrite </strong>any other Affinity for those damage types, and cannot be altered <strong>in any way</strong> as long as you have at least 1 Grave Point.</p>",
Pulverizing Strike,
"<blockquote><p><strong>Requirements:</strong> you must have mastered one or more Classes among <strong>Darkblade</strong> , <strong>Fury</strong> , and <strong>Weaponmaster</strong> .</p></blockquote><p>After you hit a creature with @UUID[Compendium.projectfu.skills.Item.WZDdQfw9VF64La2P]{Breach}, if you attacked with a <strong>melee </strong>weapon that belongs to the <strong>heavy </strong>Category, you may have the attack deal damage equal to your <strong>High Roll (HR)</strong> instead of dealing no damage. Any source of extra damage, including the extra damage from the third option of the Breach Skill itself, still applies — ignore the damage dealt by the weapon.</p>",
Quantum Magicannon,
"<blockquote><p><strong>Requirements: </strong>you must have mastered the <strong>Tinkerer</strong> Class, and must have acquired the <strong>advanced Magitech</strong> benefit from the <strong>Gadget</strong> Skill.</p></blockquote><p>Your attacks with the @UUID[Compendium.projectfu.consumables.Item.AbazTRyaMTW4ouhx]{Magicannon (Item)} deal 5 extra damage.</p><p>When you perform the <strong>Attack</strong> action with your <strong>magicannon</strong>, you may choose one option: destroy the magicannon and <strong>immediately</strong> create and equip a new one <strong>for free</strong> (ignore the IP cost), using this newly equipped <strong>magicannon</strong> for your attack; <strong>or</strong> the attack gains <strong>multi (3)</strong>; <strong>or</strong> you perform two separate attacks instead of one, following the rules for <strong>two-weapon fighting</strong> (<strong>Core Rulebook</strong>, page <strong>69</strong>).</p><hr /><ul><li><p><span style=""font-family:'PT Sans Narrow', sans-serif""><strong>Magicannon Receives:</strong> @UUID[Compendium.projectfu.equipment-effects.Item.Xyj06G4k7oBerngN]{Weapon Damage Up}</span></p></li></ul>",
Quick Scan,
"<blockquote><p><strong>Requirements: </strong>you must have mastered the <strong>Loremaster</strong> Class.</p></blockquote><p>When you perform the <strong>Study</strong> action during a conflict, you may examine the <strong>profiles </strong>of <strong>all enemies</strong> you can see. If you do, you perform a single <strong>【INS + INS】</strong> Open Check and apply the Result <strong>separately</strong> to each enemy (<strong>Core Rulebook</strong>, page <strong>319</strong>).</p><p>However, this Check <strong>cannot</strong> trigger your @UUID[Compendium.projectfu.skills.Item.J5KbrSiczxizbdM3]{Flash of Insight} Skill (if you have it).</p>",
Rampart,
"<blockquote><p><span>Requirements: you must have mastered the <strong>Guardian</strong> Class.</span></p></blockquote><p><span>During the first round of each conflict scene, you have Resistance to all damage types and cannot suffer status effects (you do not recover from preexisting status effects, however). These benefits only last until the end of the first round.</span></p><hr /><ul><li><p><strong>Target Receive:</strong> @EFFECT[Compendium.projectfu.heroic-skills.Item.OpGuNhPQN1GOOxXQ e:eor i:1 t:self]{Effect: Rampart}</p></li></ul>",
Repetition,
"<blockquote><p><span>Requirements: you must have mastered the <strong>Orator</strong> Class.</span></p></blockquote><p><span>Once per turn during a conflict, after you use the @UUID[Compendium.projectfu.skills.Item.DtEiCkDsC1amYABn]{Condemn} Skill or the @UUID[Compendium.projectfu.skills.Item.04DiGVKhF3DtmJ4n]{Encourage} Skill, you may immediately perform that same Skill again (on the same target or a different one). You must still pay the Mind Point cost for the second use of the Skill.</span></p>",
Revelation,
"<blockquote><p><span>Requirements: you must have mastered the <strong>Arcanist</strong> Class.</span></p></blockquote><p><span>You make contact with an unknown Arcanum and bind it to your soul. This Arcanum must be something you design together with the rest of the group; as long as you live, no one else in your world will be able to bind that Arcanum.</span></p><p><span>Once per scene while you are <strong>merged</strong> with an Arcanum, you may use an action and spend 2 Fabula Points to <strong>trigger</strong> that Arcanum's <strong>dismiss</strong> effect (if any) without dismissing them. Doing so does not trigger the @UUID[Compendium.projectfu.skills.Item.hEj8s21iAOPhDtJN]{Arcane Circle} Skill (<strong>Core Rulebook</strong>, page <strong>177</strong>).</span></p><hr /><ul><li><p><strong>You Spend:</strong> @LOSS[2 fp]</p></li></ul>",
Rising Tide,
"<blockquote><p><strong>Requirements:</strong> you must have mastered one or more Classes among <strong>Fury </strong>and <strong>Weaponmaster</strong>.</p></blockquote><p>When you perform a <strong>melee </strong>attack using a weapon that belongs to the <strong>brawling </strong>Category,<strong> if you have no martial armor and no shields equipped</strong>, you gain <strong>1 Bravery Point</strong>.</p><p>Your <strong>melee </strong>attacks using weapons that belong to the <strong>brawling </strong>Category deal extra damage equal to your current <strong>Bravery Points</strong>.</p><p>At the end of each scene, <strong>or </strong>if you have <strong>5 or more Bravery Points</strong> at the end of your turn, you <strong>must </strong>spend all your accumulated <strong>Bravery Points</strong> and recover 10 Hit Points and Mind Points.</p><hr /><ul><li><p><strong>Resource:</strong> @PROGRESS[rising-tide update 1]{Advance Bravery Point}, or @PROGRESS[rising-tide reset]{Reset Bravery Point}</p></li><li><p><strong>You Recover:</strong> @GAIN[10 hp] and/or @GAIN[10 mp]</p></li></ul>",
Bravery Points,
"<p><span class=""fontstyle2"">Your </span><span class=""fontstyle0""><strong>melee </strong></span><span class=""fontstyle2"">attacks using weapons that belonacg to the </span><span class=""fontstyle0""><strong>brawling </strong></span><span class=""fontstyle2"">Category deal extra damage equal to your current </span><span class=""fontstyle0""><strong>Bravery Points</strong></span><span class=""fontstyle2"">.</span></p>",
Ritual Seals,
"<blockquote><p><strong>Requirements:</strong> you must have mastered the <strong>Symbolist </strong>Class.</p></blockquote><p>When you perform a Ritual outside a conflict scene, if that Ritual has a <strong>total cost equal to or lower than 60 Mind Points</strong>, you may stop the process immediately before the Magic Check and store the Ritual's effect inside a <strong>Ritual seal</strong> placed on a surface you can touch. If you do, name a <strong>condition </strong>— this can be anything from “when I enter <strong>Crisis</strong>” to “as soon as I snap my fingers”. When that condition is met, the <strong>seal </strong>vanishes and the Ritual is unleashed at the <strong>seal</strong>'s location: you perform the Magic Check and resolve the effects as normal (even if you are unconscious or not present on the scene).</p><p>You may only have<strong> one Ritual seal</strong> active at the same time — if you die or create a new <strong>Ritual seal</strong>, the one you previously created will vanish.</p>",
Showstopper,
"<blockquote><p><strong>Requirements:</strong> you must have mastered the <strong>Dancer</strong> Class.</p></blockquote><p>At the start of your turn during a conflict, if you have <strong>nomartial armor </strong>equipped, you may spend 1 Fabula Point to immediately perform<strong> up to three different dances </strong>among those you know, in the order you prefer and without paying their MP cost. If you do, you <strong>cannot perform dances in any way</strong> until the end of your next turn.</p><hr /><ul><li><p><strong>You Spend:</strong> @LOSS[1 fp]</p></li><li><p><strong>You Suffer:</strong> @EFFECT[Compendium.projectfu.heroic-skills.Item.WJD7tqc73P24UFg4]{Effect: Showstopper}</p></li></ul>",
Side by Side,
"<blockquote><p><strong>Requirements:</strong> you must have mastered the <strong>Wayfarer</strong> Class, and must have acquired the <strong>Faitfhul Companion</strong> Skill</p></blockquote><p>When your companion deals damage, they deal 5 extra damage.</p><p>When your companion performs a Check, you may spend 1 Fabula Point and <strong>invoke</strong> one of your companion's <strong>Traits</strong> in order to let them reroll one or both dice (as per the rules on page <strong>46</strong> of the <strong>Core Rulebook</strong>).</p><p>After you use the @UUID[Compendium.projectfu.skills.Item.L34pOGhdH0ZwV4Bt]{Faithful Companion} Skill to have your companion perform an action during your turn, you may choose one option (after the companion's action has been resolved): you and your companion each recover 10 Mind Points; <strong>or</strong> the first time you or your companion perform a Check before the end of your next turn, that Check gains a bonus equal to <strong>【your Skill Level in Faithful Companion】</strong>.</p><hr /><ul><li><p><strong>You Spend:</strong> @LOSS[1 fp]</p></li><li><p><strong>Targets Recovers:</strong> @GAIN[10 mp]</p></li><li><p><strong>Companion Receives:</strong> @UUID[Compendium.projectfu.heroic-skills.Item.tfiHN8sIoo9lMl0C]{Effect: Side by Side}</p></li></ul>",
"<blockquote><p><strong>Requirements:</strong> you must have mastered one or more Classes among <strong>Rogue</strong>, <strong>Sharpshooter</strong>, and <strong>Weaponmaster</strong>, and must have acquired the <strong>High Speed</strong> Skill</p></blockquote><p>When you use the @UUID[Compendium.projectfu.skills.Item.tiu0D74YNxirN6Tr]{High Speed} Skill to perform a <strong>free attack</strong> with a weapon belonging to the <strong>bow</strong>, <strong>spear</strong>, or <strong>thrown</strong> Category, the attack deals extra damage equal to <strong>【your Skill Level in the High Speed Skill, multiplied by 5】</strong>. Additionally, when you attack one or more creatures with a weapon that belongs to the <strong>bow</strong>, <strong>spear</strong>, or <strong>thrown</strong> Category, those creatures cannot perform <strong>free attacks</strong> until the end of the current turn.</p><hr /><ul><li><p><strong>You Receive:</strong> @EFFECT[Compendium.projectfu.heroic-skills.Item.ZtkCjHSDVNy27Oid]{Effect: Silent Hunter}</p></li></ul>",
Skillful Dosage,
"<blockquote><p><strong>Requirements:</strong> you must have mastered one or more Classes among <strong>Gourmet</strong>, <strong>Loremaster</strong>, <strong>Merchant</strong>, and <strong>Tinkerer</strong></p></blockquote><p>Potions and delicacies you create, as well as <strong>spells</strong> you cast, can now cause creatures to recover Hit Points and Mind Points beyond their <strong>maximum HP and MP</strong> scores, up to 150% of the respective scores. At the end of each scene, if the <strong>current Hit Points and/or Mind Points</strong> of a creature are still above the maximum scores, they become equal to the maximum score.</p>",
Specialty of the House,
"<blockquote><p><strong>Requirements:</strong> you must have mastered the <strong>Gourmet</strong> Class</p></blockquote><p>When you acquire this Heroic Skill, choose <strong>three different tastes</strong> among <strong>bitter, salty, sour, sweet,</strong> and <strong>umami.</strong> Then, choose <strong>three different effects</strong> among the following:</p><ul><li>You deal 20 <strong>(choose one: </strong>@DMG[20 dark],<strong> </strong>@DMG[20 light]<strong>)</strong> damage to each of this <strong>delicacy's</strong> targets. This amount increases to 30 damage if you are <strong>level 30 or higher</strong>. Choose the type of this effect when you acquire this Heroic Skill.</li><li>During the next turn of each of this <strong>delicacy's</strong> targets, all damage they deal becomes <strong>(choose one: </strong>@TYPE[damage all dark], @TYPE[damage all light]<strong>)</strong> and its type cannot change. Choose the type of this effect when you acquire this Heroic Skill.</li><li>For each of this <strong>delicacy's</strong> targets, if they are affected by one or more spells with a <strong>duration</strong> of """"Scene"""", instead they are no longer affected by any of those spells.</li><li>Choose yourself or an ally you can see. For each of this <strong>delicacy's</strong> targets, the next time that target performs an attack or cast an offensive spell ( @ICON[offensive] ) before the end of this scene, they must include the chosen creature among the targets of that attack or spell (if able).</li><li>Each of this <strong>delicacy</strong>'s targets suffers @EFFECT[enraged].</li><li>Each of this <strong>delicacy</strong>'s targets suffers<strong> </strong>@EFFECT[poisoned].</li><li>Each of this <strong>delicacy</strong>'s targets recovers @GAIN[30 hp] and @GAIN[30 mp], or @GAIN[40 hp] and @GAIN[40 mp] if you are <strong>level 30 or higher</strong>.</li><li>Each of this <strong>delicacy</strong>'s targets recovers from a single status of their choice.</li><li>Each of this <strong>delicacy</strong>'s targets recovers from <strong>dazed</strong>, <strong>enraged</strong>, and <strong>shaken</strong>.</li><li>Each of this <strong>delicacy</strong>'s targets recovers from <strong>poisoned</strong>, <strong>slow</strong>, and <strong>weak</strong>.</li></ul><p>When you create a <strong>delicacy</strong> using <strong>exactly 3 ingredients</strong> during a conflict, if each ingredient matches one of the <strong>tastes</strong> you chose when you acquired this Heroic Skill, you may ignore <strong>all</strong> of that <strong>delicacy</strong>'s normal effects. If you do, you may instead apply <strong>one</strong>, <strong>two</strong>, or <strong>all</strong> the effects you chose when you acquired this Heroic Skill.</p>",
Spider’s Web,
"<blockquote><p><strong>Requirements:</strong> you must have mastered one or more classes among <strong>Fury</strong> and <strong>Weaponmaster</strong>.</p></blockquote><p>'When you perform the <strong>Attack </strong>action with a <strong>melee </strong>weapon that belongs to the <strong>flail </strong>Category, if you have <strong>no other weapon equipped</strong>, you may perform two separate attacks instead of one (against the same target or against different targets). If you do, both attacks follow the rules for <strong>two-weapon fighting</strong>: each attack loses the <strong>multi </strong>property and cannot gain it, and you treat the High Roll of each Accuracy Check as being equal to 0 when determining damage.</p><p>'Note that this Heroic Skill <strong>does not stack</strong> with a custom weapon's <strong>quick </strong>customization (using <strong>Spider's Web</strong> with a <strong>quick </strong>flail doesn't allow more than two attacks, in short).</p>",
Status Immunity,
<blockquote><p><span>Requirements: you must have mastered the <strong>Wayfarer</strong> Class.</span></p></blockquote><p><span>You become completely immune to a single status effect of your choice.</span></p>,
Steel Witch,
"<blockquote><p><strong>Requirements: </strong>you must have mastered the <strong>Pilot</strong> Class.</p></blockquote><p>After you cast the <strong>first</strong> spell of your turn during a conflict, if you are driving your <strong>personal vehicle</strong>, you may choose one option (after the spell has been resolved): choose one enabled module and <strong>disable</strong> it, then choose one disabled module and <strong>enable</strong> it; <strong>or</strong> the next spell you cast before the end of this scene that deals damage deals 5 extra damage; <strong>or</strong> the next spell you cast before the end of this scene that restores Hit Points to one or more creatures restores 10 additional Hit Points to each of those creatures.</p><hr /><ul><li><p><strong>Spell Receive:</strong> @EFFECT[Compendium.projectfu.actor-effects.Item.hQ4zcpGgtwoEOgbR e:eos i:1 t:self]{Spell Damage Up}, or @GAIN[10 hp]</p></li></ul>",
Strength of Five Wellsprings,
"<blockquote><p><strong>Requirements:</strong> you must have mastered the <strong>Invoker</strong> Class</p></blockquote><p>After you perform an <strong>invocation</strong> during a conflict, you <strong>and</strong> up to one ally you can see increase one of your Attributes' die sizes by one (up to a maximum of <strong>d12</strong>). This increase lasts until the end of the scene or until you use this Skill again, and the Attribute is based on the <strong>wellspring</strong> you invoked: <strong>air (Insight)</strong>, <strong>earth (one Attribute of your choice)</strong>, <strong>fire (Dexterity)</strong>, <strong>lightning (Might)</strong>, or <strong>water (Willpower)</strong>.</p><hr><ul><li><p><strong>Target Receive:</strong> @EFFECT[Compendium.projectfu.actor-effects.Item.4G5iaieFDwGiIVrw e:eos i:1 t:source]{INS Up (Air)}, @EFFECT[Compendium.projectfu.actor-effects.Item.vv2cqUDHaCJLmEYw e:eos i:1 t:source]{DEX Up (Fire)}, @EFFECT[Compendium.projectfu.actor-effects.Item.hX70STpGG5fgAAkp e:eos i:1 t:source]{MIG Up (Lightning)}, or @EFFECT[Compendium.projectfu.actor-effects.Item.nXxz7GyqeIGtQpMG e:eos i:1 t:source]{WLP Up (Water)}</p></li></ul>",
Swirling Swarm,
"<blockquote><p><strong>Requirements:</strong> you must have mastered one or more Classes among <strong>Dancer</strong>, <strong>Fury</strong>, and <strong>Sharpshooter</strong>.</p></blockquote><p>When you perform a <strong>ranged </strong>attack using a weapon that belongs to the <strong>thrown </strong>Category, <strong>if you have no martial armor and no shields equipped</strong>, you gain <strong>1 Momentum Point</strong>.</p><p>You may never have more than <strong>5 Momentum Points</strong>.</p><p>Your <strong>ranged </strong>attacks using weapons that belong to the <strong>thrown </strong>Category deal extra damage equal to your current <strong>Momentum Points</strong>.</p><p>When a creature hits you with an attack targeting your <strong>Defense</strong>, you <strong>must </strong>spend all your accumulated <strong>Momentum Points</strong> and increase your Defense score by an equal amount against that attack (this may turn the hit into a miss).</p><p>You also lose all <strong>Momentum Points</strong> at the end of each scene.</p><hr /><ul><li><p><strong>Resource:</strong> @PROGRESS[swirling-swarm update 1]{Advance Momentum Point}, or @PROGRESS[swirling-swarm reset]{Reset Momentum Point}</p><p></p></li></ul>",
Momentum Points,
Swirling Swarm (DEF),
"<p><span class=""fontstyle0"">When a creature hits you with an attack targeting your </span><span class=""fontstyle2"">Defense</span><span class=""fontstyle0"">, you </span><span class=""fontstyle2"">must </span><span class=""fontstyle0"">spend all your accumulated </span><span class=""fontstyle2"">Momentum Points </span><span class=""fontstyle0"">and increase your Defense score by an equal amount against that attack (this may turn the hit into a miss).</span> <br style=""font-style:normal;font-variant:normal;font-weight:normal;letter-spacing:normal;line-height:normal;orphans:2;text-align:-webkit-auto;text-indent:0px;text-transform:none;white-space:normal;widows:2;word-spacing:0px;-webkit-text-size-adjust:auto;-webkit-text-stroke-width:0px"" /></p>",
Swirling Swarm (DMG),
"<p><span class=""fontstyle0"">Your </span><span class=""fontstyle2"">ranged </span><span class=""fontstyle0"">attacks using weapons that belong to the </span><span class=""fontstyle2"">thrown </span><span class=""fontstyle0"">Category deal extra damage equal to your current </span><span class=""fontstyle2"">Momentum Points</span><span class=""fontstyle0"">.</span></p>",
Tabula Rasa,
"<blockquote><p><strong>Requirements:</strong> you must have mastered the <strong>Commander </strong>Class.</p></blockquote><p>After you use @UUID[Compendium.projectfu.skills.Item.FGihIPfif7yWsBCp]{Bishop’s Edict} or @UUID[Compendium.projectfu.skills.Item.79xGJD8jn4zGzYpX]{King’s Castle} Skills, if you are in <strong>Crisis</strong>, you may have every enemy creature present on the scene lose 10 Hit Points. This amount increases to 20 Hit Points if you are <strong>level 20 or higher,</strong> or 30 Hit Points if you are <strong>level 40 or higher</strong>.</p><hr /><ul><li><p><strong>Targets Loses:</strong> @LOSS[10 hp], @LOSS[20 hp], or @LOSS[30 hp]</p></li></ul>",
"<p><span style=""font-family:'PT Sans Narrow', sans-serif"">After you use <strong style=""box-sizing:border-box;user-select:text"">Bishop’s Edict</strong> or <strong style=""box-sizing:border-box;user-select:text"">King’s Castle</strong> Skills, if you are in <strong style=""box-sizing:border-box;user-select:text"">Crisis</strong>, you may have every enemy creature present on the scene lose <strong>10 Hit Points</strong>. This amount increases to </span><span style=""font-family:'PT Sans Narrow', sans-serif""><strong>20 Hit Points</strong></span><span style=""font-family:'PT Sans Narrow', sans-serif""> if you are <strong style=""box-sizing:border-box;user-select:text"">level 20 or higher</strong>, or </span><span style=""font-family:'PT Sans Narrow', sans-serif""><strong>30 Hit Points </strong></span><span style=""font-family:'PT Sans Narrow', sans-serif"">if you are<strong style=""box-sizing:border-box;user-select:text""> level 40 or higher</strong>. </span></p>",
Tempest Strike,
"<blockquote><p><span>Requirements: you must have mastered the <strong>Weaponmaster</strong> Class.</span></p></blockquote><p><span>When you perform a <strong>melee</strong> attack with the <strong>multi</strong> property, if you choose to target only one creature, the attack deals 5 extra damage if the attack had <strong>multi (2)</strong>, or 10 extra damage if the attack had <strong>multi (3 or higher)</strong>.</span></p>",
Tempest Strike: Multi(2),
"<p><span>When you perform a <strong>melee</strong> attack with the <strong>multi</strong> property, if you choose to target only one creature, the attack deals 5 extra damage if the attack had <strong>multi (2)</strong>, or 10 extra damage if the attack had <strong>multi (3 or higher)</strong>.</span></p>",
Tempest Strike: Multi(3),
Theme Song,
"<blockquote><p><strong>Requirements:</strong> you must have mastered the <strong>Chanter </strong>Class.</p></blockquote><p>When you acquire this Skill, you obtain a <strong>theme song</strong> – give it a name and assign it a <strong>key </strong>from the ones you have learned (you can also choose a real-world song for this).</p><p>Once per conflict scene after you sing a <strong>verse</strong> in your theme song's key, you may start your <strong>theme song</strong> — if it's a real song, it's a great idea to play it in the background!</p><p>While singing your theme song, you gain the following benefits:</p><ul><li><p>You gain Resistance to <strong>【theme song's key type】 </strong>damage.</p></li><li><p>When you deal <strong>【theme song's key type】 </strong>damage, you deal 5 extra damage and the type of that damage cannot be changed.</p></li><li><p>The MP cost for singing <strong>verses </strong>in the same key as your <strong>theme song</strong> is halved. This benefit applies to you and to <strong>any </strong>of your allies who are able to sing <strong>verses</strong>.</p></li></ul><p>The <strong>theme song</strong> lasts until the end of the scene or until you leave the scene, die, or fall unconscious. The <strong>theme song</strong> also ends as soon as you sing a <strong>verse </strong>in a <strong>key </strong>other than the <strong>theme song</strong>'s, if your turn ends and you have not sung any <strong>verse</strong>, or if another character starts their <strong>theme song</strong>.</p>",
Triple Slash,
"<blockquote><p><strong>Requirements: </strong>you must have mastered one or more Classes among <strong>Dancer </strong>and <strong>Weaponmaster</strong>.</p></blockquote><p>As long as you have a one-handed <strong>melee </strong>weapon that belongs to the <strong>dagger </strong>or <strong>sword </strong>Categories equipped in each of your normal hand slots, you may treat your <strong>armor </strong>slot as if it were a second <strong>off-hand</strong> slot. You may only use this special slot to equip a one-handed <strong>melee </strong>weapon that belongs to the <strong>dagger </strong>or <strong>sword </strong>Categories — note that the <strong>Monkey Grip</strong> Skill does not turn two-handed weapons into one-handed weapons, and thus cannot be used in combination with <strong>Triple Slash</strong>.</p><p>When you perform the <strong>Attack </strong>action while you have three <strong>daggers </strong>and/or <strong>swords </strong>equipped, you may attack once with each weapon. This follows the normal rules for <strong>two-weapon fighting</strong>: each of the three attacks loses the multi property and cannot gain it, and you treat the <strong>High Roll (HR)</strong> of each Accuracy Check as being equal to 0 when determining damage.</p><hr /><ul><li><p>To <strong>automate</strong>, navigate to the '<strong>Items</strong>"" tab where the weapon you want to equip is located, and press <strong>Ctrl+Click</strong> on the icon in the '<strong>Equip?</strong>' column. The item will be added to the <strong>Phantom Slot</strong>. Equip weapons in both your main and off-hand slots. <strong>Shift+Click</strong> each weapon to roll as <strong>HR Zero</strong>. Make sure your <strong>Armor Slot</strong> is empty.</p></li></ul>",
Unbreakable,
"<blockquote><p><span>Requirements: you must have mastered the <strong>Guardian</strong> Class.</span></p></blockquote><p><span>Once per scene when you are about to be reduced to 0 Hit Points, you may instead choose to withstand the pain and be reduced to exactly 1 Hit Point.</span></p><hr /><ul><li><p><strong>You Recover:</strong> @GAIN[1 hp]</p></li></ul>",
Upgrade,
"<blockquote><p><span>Requirements: you must have mastered the <strong>Tinkerer</strong> Class.</span></p></blockquote><p><span>Once per <strong>rest</strong>, you may choose one option: add a <strong>Quality</strong> to a single weapon, armor, or shield that doesn't have one; <strong>or</strong> replace the current <strong>Quality</strong> of a single weapon, armor, or shield with a different <strong>Quality</strong>.</span></p><p><span>When you use this Skill, you must select a Quality from the default list for that item type as long as the cost modifier associated with that ability is <strong>+1000 zenit or lower</strong>. Then, you must spend an amount of zenit equal to <strong>twice</strong> the cost modifier of the chosen ability. The modified item will be ready at the end of the rest; you may only modify <strong>one item per rest</strong>.</span></p><p><span>The default list of <strong>weapon abilities</strong> can be found on page <strong>269</strong> (<strong>Core Rulebook</strong>), while the default list of <strong>armor and shield abilities</strong> can be found on page <strong>280</strong> (<strong>Core Rulebook</strong>).</span></p>",
Vanish,
"<blockquote><p><strong>Requirements: </strong>you must have mastered the <strong>Rogue</strong> Class.</p></blockquote><p><span>When you hit one or more creatures with an attack, you may spend 1 Fabula Point. If you do, each of those creatures will be unable to perform any action that requires them to be able to see you until the start of your next turn.</span></p><hr /><ul><li><p><strong>You Spend:</strong> @LOSS[1 fp]</p></li><li><p><strong>You Receive:</strong> @EFFECT[Compendium.projectfu.heroic-skills.Item.4suciB7e8kbt17Zh]{Effect: Vanish}</p></li></ul>",
Volcano,
"<blockquote><p><strong>Requirements:</strong> you must have mastered the <strong>Elementalist</strong> Class.</p></blockquote><p><span>You learn the ultimate <strong>Elementalist</strong> spell: <strong>Volcano</strong>.</span></p><table style=""width:96.2791%"" border=""1""><colgroup><col style=""width:15.3584%""></col><col style=""width:12.9693%""></col><col style=""width:27.3038%""></col><col style=""width:44.3686%""></col></colgroup><tbody><tr><td style=""text-align:center""><strong>Volcano</strong></td><td style=""text-align:center""><strong>MP:</strong> 40</td><td style=""text-align:center""><strong>Target:</strong> Special</td><td style=""text-align:center""><strong>Duration:</strong> Instantaneous</td></tr></tbody></table><p><span>You channel the fury of the planet into a powerful wave of fire and magma. Choose one option: one creature you can see suffers @DMG[50 fire] damage; <strong>or</strong> you choose any number of creatures you can see, and each of them suffers @DMG[30 fire] damage. These amounts increase by 5 if you are <strong>level 20 or higher</strong>, or by 10 if you are <strong>level 40 or higher</strong>.</span></p><p><span>Damage dealt by this spell ignores Resistances and Immunities.</span></p><hr /><p>Add the @UUID[Compendium.projectfu.spells.Item.BfZqKbr38FBxLtmH]{Volcano} spell to your character sheet from the <strong>Elementalist</strong> spell list.</p>",
Wise Counsel,
"<blockquote><p><strong>Requirements:</strong> you must have mastered one or more Classes among <span class=""fontstyle0""><strong>Commander</strong> </span><span class=""fontstyle2"">(see </span><span class=""fontstyle0""><strong>High Fantasy Atlas</strong></span><span class=""fontstyle2"">, page </span><span class=""fontstyle0""><strong>140</strong></span><span class=""fontstyle2"">), </span><strong>Loremaster</strong> and <strong>Orator</strong></p></blockquote><p>When you perform a <strong>Support Check</strong>, if the <strong>leader</strong> of the Group Check can hear and understand you, you may use <strong>【INS + INS】</strong>,<strong>【 INS + WLP】</strong>, or <strong>【WLP + WLP】 </strong>instead of the normal Attributes required by the <strong>Support Check</strong>. <br />Describe how you offer your advice! <br />Additionally, when you use the <strong>teamwork</strong> option (see <strong>Core Rulebook</strong>, page <strong>76</strong>) to support another Player Character's Check during their turn in a conflict scene,<span class=""fontstyle0""> you may spend @GAIN[10 mp]</span> you may choose <strong>up to two</strong> of the following benefits:</p><ul><li>That character recovers @GAIN[20 mp].</li><li>That character recovers from <strong>dazed</strong>, <strong>enraged</strong>, and <strong>shaken.</strong></li><li>At the end of that character's turn, choose one option: perform a <strong>free attack</strong> with a weapon you have equipped; <strong>or</strong> immediately perform the <strong>Spell</strong> action for free, casting a spell whose total MP cost is <strong>equal to or lower than 20.</strong></li><li>If that character succeeds on their Check and the Check allows them to fill or erase one or more sections of a Clock, they may fill or erase 1 additional section of it.</li></ul>",
NPC (2),
Effect: Decoy Bait,
"<p>You create a <strong>decoy bait</strong> with Hit Points equal to <strong>【half your level + (your SL in Hawkeye, multiplied by 5)】</strong>.</p>",
Crisis,
KO,
Faithful Companion,
Effect: Faithful Companion,
<p>Companion gains a bonus equal to <strong>【SL】</strong> to Accuracy Checks and Magic Checks</p>,
Absorbing (Air),
<p>You Absorb <strong>air</strong> damage.</p>,
Absorbing (Bolt),
<p>You Absorb <strong>bolt</strong> damage.</p>,
Absorbing (Dark),
<p>You Absorb <strong>dark</strong> damage.</p>,
Absorbing (Earth),
<p>You Absorb <strong>earth</strong> damage.</p>,
Absorbing (Fire),
<p>You Absorb <strong>fire</strong> damage.</p>,
Absorbing (Ice),
<p>You Absorb <strong>ice</strong> damage.</p>,
Absorbing (Light),
<p>You Absorb <strong>light</strong> damage.</p>,
Absorbing (Poison),
<p>You Absorb <strong>poison</strong> damage.</p>,
Accuracy Up,
<p>You gain a +1 bonus to your Accuracy Checks.</p>,
Alchemist,
<p>Potions you create with your Inventory Points deal 5 extra damage and restore an extra @GAIN[5 hp].</p>,
Amulet,
<p>You gain a +1 bonus to Magic Defense.</p>,
Antistatus (Dazed),
<p>You are immune to <strong>dazed</strong> status effect.</p>,
Antistatus (Enraged),
<p>You are immune to <strong>enraged</strong> status effect.</p>,
Antistatus (Poisoned),
<p>You are immune to <strong>poisoned</strong> status effect.</p>,
Antistatus (Shaken),
<p>You are immune to <strong>shaken</strong> status effect.</p>,
Antistatus (Slow),
<p>You are immune to <strong>slow</strong> status effect.</p>,
Antistatus (Weak),
<p>You are immune to <strong>weak</strong> status effect.</p>,
Assassin,
<p>Deals 5 Extra damage to targets who are in <strong>Crisis</strong>.</p>,
Bond Boost,
"<p>As long as you have at least two <strong>Bonds</strong> of <strong>(choose bond type)</strong>, you gain a +1 bonus to both your Defense and Magic Defense.</p>",
Bulwark,
<p>You gain a +1 bonus to Defense.</p>,
Challenger,
<p>Deals 1 extra damage per status effect you have.</p>,
Crisis Shock (Dazed),
"<p>After a creature deals damage to you, if you are in <strong>Crisis</strong>, you may have that creature suffer @EFFECT[dazed].</p>",
Crisis Shock (Shaken),
"<p>After a creature deals damage to you, if you are in <strong>Crisis</strong>, you may have that creature suffer @EFFECT[shaken].</p>",
Crisis Shock (Slow),
"<p>After a creature deals damage to you, if you are in <strong>Crisis</strong>, you may have that creature suffer @EFFECT[slow].</p>",
Crisis Shock (Weak),
"<p>After a creature deals damage to you, if you are in <strong>Crisis</strong>, you may have that creature suffer @EFFECT[weak].</p>",
Damage Change (Air),
"<p>All damage dealt by your weapons, spells, and Skills becomes <strong>air</strong> damage type.</p>",
Damage Change (Bolt),
"<p>All damage dealt by your weapons, spells, and Skills becomes <strong>bolt</strong> damage type.</p>",
Damage Change (Dark),
"<p>All damage dealt by your weapons, spells, and Skills becomes <strong>dark</strong> damage type.</p>",
Damage Change (Earth),
"<p>All damage dealt by your weapons, spells, and Skills becomes <strong>earth</strong> damage type.</p>",
Damage Change (Fire),
"<p>All damage dealt by your weapons, spells, and Skills becomes <strong>fire</strong> damage type.</p>",
Damage Change (Ice),
"<p>All damage dealt by your weapons, spells, and Skills becomes <strong>ice</strong> damage type.</p>",
Damage Change (Light),
"<p>All damage dealt by your weapons, spells, and Skills becomes <strong>light</strong> damage type.</p>",
Damage Change (Physical),
"<p>All damage dealt by your weapons, spells, and Skills becomes <strong>physical</strong> damage type.</p>",
Damage Change (Poison),
"<p>All damage dealt by your weapons, spells, and Skills becomes <strong>poison</strong> damage type.</p>",
Damage Change (Untyped),
"<p>All damage dealt by your weapons, spells, and Skills becomes <strong>untyped</strong> damage type.</p>",
Damage Change,
Deaththrow,
<p>Deals 5 extra damage if you are in <strong>Crisis.</strong></p>,
Desperado,
"<p>When you use the <strong>Barrage</strong> Skill (see Sharpshooter Class, <strong>Core Rulebook</strong> page <strong>205</strong>), the MP cost is halved.</p>",
Disenchanting,
"<p>When you hit a creature with this weapon, if the attack had a <strong>single</strong> target, you may choose a single spell with a <strong>duration</strong> of ""Scene"" affecting the target and end its effects on that creature.</p>",
Dual Hunter,
Dual Hunter (Humanoid),
<p>The weapon deals 5 extra damage to creatures belonging to one of two particular Species.</p>,
Dual Hunter (Monster),
Dual Hunter (Beast),
Dual Hunter (Construct),
Dual Hunter (Demon),
Dual Hunter (Element),
Dual Hunter (Plant),
Dual Hunter (Undead),
Dual Immunity,
<p>You have Immunity to <strong>(choose two damage types other than physical)</strong> damage.</p>,
Dual Resistance,
<p>You have Resistance to two damage types (not <strong>physical</strong> damage).</p>,
Elemental Bath,
"<p>You Absorb <strong>(choose one damage type, not physical)</strong> but have Vulnerability to <strong>(choose one damage types, not physical)</strong> damage. </p>",
Encouraging,
"<p>When you hit one or more creatures with this weapon, you may recover @GAIN[10 mp].</p>",
Envious,
"<p>When you hit one or more creatures with this weapon if you have at least one <strong>Bond</strong> of <strong>inferiority</strong>, you may recover @GAIN[5 mp].</p>",
Exhausting,
"<p>Damage dealt by this weapon reduces the target's <strong>Mind Points</strong> instead of their <strong>Hit Points</strong>. If the target's Mind Points reach 0, any excess damage is applied to their Hit Points as normal.</p>",
Expansive,
<p>You are treated as having a <strong>(choose one weapon category)</strong> weapon equipped for the sake of Skills that require it.</p>,
Extra M. Healing,
<p>Spells you cast whose effects restore Hit Points will restore an extra @GAIN[5 hp].</p>,
Fabulous,
"<p>When you roll a <strong>critical success</strong>, you may spend that <strong>opportunity</strong> to gain @GAIN[1 fp].</p>",
Flowing,
"<p>After you reduce a creature’s Hit Points to 0 with this weapon, you may immediately perform a <strong>dance</strong> with a <strong>duration</strong> of “Instantaneous” among those you have learned (see <strong>Atlas High Fantasy</strong>,<strong> </strong>page<strong> 144</strong>); the MP cost of a dance performed this way can <strong>never</strong> be lower than 10.</p>",
Friendly,
"<p>As long as you have at least three <strong>Bonds</strong> of <strong>loyalty</strong> or <strong>affection</strong>, you gain a +1 bonus to Defense and Magic Defense.</p>",
Grounding,
"<p>When you hit a flying target with this weapon, you may force that target to land immediately.</p>",
Healing Up,
Health Absorbtion,
"<p>When you hit one or more creatures with this weapon, you may recover @GAIN[5 hp].</p>",
Heroic,
<p><strong>Critical successes</strong> rolled on Accuracy Checks and Magic Checks for attacks and Offensive spells that include you among their targets do not generate <strong>opportunities</strong>.</p>,
Hounding,
<p>You gain a +2 bonus to Accuracy Checks and Magic Checks against <strong>enraged</strong> targets.</p>,
Hunter,
<p>The weapon deals 5 extra damage to creatures of a particular <strong>Species</strong>.</p>,
Immunity (Air),
<p>You have Immunity to <strong>air</strong> damage.</p>,
Immunity (Bolt),
<p>You have Immunity to <strong>bolt</strong> damage.</p>,
Immunity (Dark),
<p>You have Immunity to <strong>dark</strong> damage.</p>,
Immunity (Earth),
<p>You have Immunity to <strong>earth </strong>damage.</p>,
Immunity (Fire),
<p>You have Immunity to <strong>fire</strong> damage.</p>,
Immunity (Ice),
<p>You have Immunity to <strong>ice</strong> damage.</p>,
Immunity (Light),
<p>You have Immunity to <strong>light</strong> damage.</p>,
Immunity (Poison),
<p>You have Immunity to <strong>poison</strong> damage.</p>,
Initiative Up,
<p>You gain a +4 bonus to your Initiative modifier.</p>,
Killer,
"<p>If you roll a <strong>critical success</strong> on an Accuracy Check with this weapon, you may spend that <strong>opportunity</strong> to deal 10 extra damage.</p>",
Lesser Accuracy Up (Arcane),
<p>You gain a +1 bonus to Accuracy Checks with the <strong>arcane</strong> weapon category).</p>,
Lesser Accuracy Up (Bow),
<p>You gain a +1 bonus to Accuracy Checks with the <strong>bow</strong> weapon category).</p>,
Lesser Accuracy Up (Brawling),
<p>You gain a +1 bonus to Accuracy Checks with the <strong>brawling</strong> weapon category).</p>,
Lesser Accuracy Up (Dagger),
<p>You gain a +1 bonus to Accuracy Checks with the <strong>dagger</strong> weapon category).</p>,
Lesser Accuracy Up (Firearm),
<p>You gain a +1 bonus to Accuracy Checks with the <strong>firearm</strong> weapon category).</p>,
Lesser Accuracy Up (Flail),
<p>You gain a +1 bonus to Accuracy Checks with the <strong>flail</strong> weapon category).</p>,
Lesser Accuracy Up (Heavy),
<p>You gain a +1 bonus to Accuracy Checks with the <strong>heavy</strong> weapon category).</p>,
Lesser Accuracy Up (Spear),
<p>You gain a +1 bonus to Accuracy Checks with the <strong>spear</strong> weapon category).</p>,
Lesser Accuracy Up (Sword),
<p>You gain a +1 bonus to Accuracy Checks with the <strong>sword</strong> weapon category).</p>,
Lesser Accuracy Up (Thrown),
<p>You gain a +1 bonus to Accuracy Checks with the <strong>thrown</strong> weapon category).</p>,
Lesser Perfect Health,
"<p>As long as you are in <strong>Crisis</strong>, you are immune to all status effects.</p>",
Lesser Weapon Up (Arcane),
<p>Your attacks with <strong>arcane</strong> weapons deal 5 extra damage.</p>,
Lesser Weapon Up (Bow),
<p>Your attacks with <strong>bow</strong> weapons deal 5 extra damage.</p>,
Lesser Weapon Up (Brawling),
<p>Your attacks with <strong>brawling</strong> weapons deal 5 extra damage.</p>,
Lesser Weapon Up (Firearm),
<p>Your attacks with <strong>firearm</strong> weapons deal 5 extra damage.</p>,
Lesser Weapon Up (Flail),
<p>Your attacks with <strong>flail</strong> weapons deal 5 extra damage.</p>,
Lesser Weapon Up (Heavy),
<p>Your attacks with <strong>heavy</strong> weapons deal 5 extra damage.</p>,
Lesser Weapon Up (Spear),
Lesser Weapon Up (Spearr),
<p>Your attacks with <strong>spear</strong> weapons deal 5 extra damage.</p>,
Lesser Weapon Up (Sword),
Lesser Weapon Up (Swordd),
<p>Your attacks with <strong>sword</strong> weapons deal 5 extra damage.</p>,
Lesser Weapon Up (Thrown),
<p>Your attacks with <strong>thrown</strong> weapons deal 5 extra damage.</p>,
Looting,
"<p>When you reduce a creature to 0 Hit Points with this weapon, you may immediately recover @GAIN[2 ip].</p>",
M. Status (Dazed),
"<p>When you hit one or more creatures with an offensive spell, each of them suffers<strong> </strong>@EFFECT[dazed].</p>",
M. Status (Shaken),
"<p>When you hit one or more creatures with an offensive spell, each of them suffers<strong> </strong>@EFFECT[shaken].</p>",
M. Status (Slow),
"<p>When you hit one or more creatures with an offensive spell, each of them suffers<strong> </strong>@EFFECT[slow].</p>",
M. Status (Weak),
"<p>When you hit one or more creatures with an offensive spell, each of them suffers<strong> </strong>@EFFECT[weak].</p>",
M. Status Plus (Enraged),
"<p>When you hit one or more creatures with an offensive spell, each of them suffers @EFFECT[enraged].</p>",
M. Status Plus (Poisoned),
"<p>When you hit one or more creatures with an offensive spell, each of them suffers @EFFECT[poisoned].</p>",
Magic Up,
<p>You gain a +1 bonus to your Magic Checks.</p>,
Magical,
<p>The weapon targets <strong>Magic Defense</strong> instead of <strong>Defense.</strong></p>,
Mastered,
<p>Deals 2 extra damage for each <strong>Class</strong> you have mastered.</p>,
Meditative,
"<p>Whenever you recover Mind Points, you recover an extra @GAIN[5 mp].</p>",
Melee Weapon Up,
<p>Your attacks with <strong>melee </strong>weapons deal 5 extra damage.</p>,
Mind Drain,
"<p>Whenever you hit one or more creatures with this weapon, each of them loses @LOSS[10 mp].</p>",
Minstrel,
"<p>When you attack with this weapon using the <strong>Vibrato</strong> Skill (see <strong>Atlas High Fantasy</strong>,<strong> </strong>page<strong> 137</strong>), all damage dealt by the attack becomes of the same type as the <strong>【key type】</strong> of the last verse you sang.</p>",
Multi Accuracy,
"<p>When you perform an attack with <strong>multi</strong>, you gain a +2 bonus to your accuracy check.</p>",
Multi,
<p>Attacks with the weapon have <strong>multi (2)</strong>.</p>,
Multi Plus,
<p>Attacks with this weapon have <strong>multi (3)</strong>.</p>,
Omnishield,
<p>You gain a +1 bonus Magic Defense <strong>and</strong> Defense.</p>,
Onion,
<p>Increase your <strong>maximum Hit Points</strong> and <strong>Maximum Mind Points</strong> by 2 for each different <strong>Class</strong> you have.</p>,
Opposing,
<p>You gain a +2 bonus to Opposed checks that rely on <strong>(choose one attribute)</strong>.</p>,
Perfect Health,
<p>You are immune to all status effects.</p>,
Piercing,
<p>Damage dealt by the weapon ignores Resistances.</p>,
Piercing Plus,
<p>Damage dealt by this weapon ignore Immunities.</p>,
Piercing Spell,
<p>Damage dealt by spells you cast with a total MP cost <strong>equal to or lower than 20</strong> ignores Immunities and Resistances.</p>,
Protection from Species,
<p>You gain +2 Magic Defense and +2 bonus to opposed checks against a particular <strong>Species.</strong></p>,
Punishing (Enraged),
<p>Deals 5 extra damage to <strong>enraged</strong> targets.</p>,
Punishing (Poisoned),
<p>Deals 5 extra damage to <strong>poisoned</strong> targets.</p>,
Punishing (Shaken),
<p>Deals 5 extra damage to <strong>shaken</strong> targets.</p>,
Punishing (Slow),
<p>Deals 5 extra damage to <strong>slow</strong> targets.</p>,
Punishing (Weak),
<p>Deals 5 extra damage to <strong>weak</strong> targets.</p>,
Ranged Weapon Up,
<p>Your attacks with <strong>ranged</strong> weapons deal 5 extra damage.</p>,
Reaching,
<p>This weapon can target <strong>flying</strong> creatures.</p>,
Resistance (Air),
<p>You have Resistance to <strong>air</strong> damage type.</p>,
Resistance (Bolt),
<p>You have Resistance to <strong>bolt</strong> damage type.</p>,
Resistance (Dark),
<p>You have Resistance to <strong>dark</strong> damage type.</p>,
Resistance (Earth),
<p>You have Resistance to <strong>earth</strong> damage type.</p>,
Resistance (Fire),
<p>You have Resistance to <strong>fire </strong>damage type.</p>,
Resistance (Ice),
<p>You have Resistance to <strong>ice</strong> damage type.</p>,
Resistance (Light),
<p>You have Resistance to <strong>light</strong> damage type.</p>,
Resistance (Poison),
<p>You have Resistance to <strong>poison</strong> damage type.</p>,
Rookie,
"<p>When you roll a <strong>fumble</strong>, if you have less than 10 Experience Points, you may immediately gain @GAIN[1 exp].</p>",
Servant (HP),
"<p>When a <strong>potion</strong> or <strong>magisphere</strong> created with your Inventory Points restores Hit Points, it restores an extra<strong> </strong>@GAIN[5 hp].</p>",
Servant (MP),
"<p>When a <strong>potion</strong> or <strong>magisphere</strong> created with your Inventory Points restores Mind Points, it restores an extra<strong> </strong>@GAIN[5 mp].</p>",
Specialized,
"<p>You have Immunity to <strong>(choose two damage types other than physical)</strong> damage, but Vulnerability to <strong>(choose one damage type)</strong> damage.</p>",
Spell Boost,
<p>Spells you cast deal 5 extra damage.</p>,
Spell Up,
Stat Up (DEX),
"<p>As long as you have this armor equipped, you treat your<strong> Dexterity</strong> as if it were one die size higher (up to a maximum of <strong>d12</strong>).</p>",
Stat Up (INS),
"<p>As long as you have this armor equipped, you treat your<strong> Insight</strong> as if it were one die size higher (up to a maximum of <strong>d12</strong>).</p>",
Stat Up (MIG),
"<p>As long as you have this armor equipped, you treat your<strong> Might</strong> as if it were one die size higher (up to a maximum of <strong>d12</strong>).</p>",
Stat Up (WLP),
"<p>As long as you have this armor equipped, you treat your <strong>Willpower</strong> as if it were one die size higher (up to a maximum of <strong>d12</strong>).</p>",
Status (Dazed),
<p>Each target hit by the weapon suffers @EFFECT[dazed].</p>,
Status (Shaken),
<p>Each target hit by the weapon suffers @EFFECT[shaken].</p>,
Status (Slow),
<p>Each target hit by the weapon suffers @EFFECT[slow].</p>,
Status (Weak),
<p>Each target hit by the weapon suffers @EFFECT[weak].</p>,
Status Pierce (Dazed),
<p>All damage you deal to <strong>dazed</strong> creatures ignores Resistances.</p>,
Status Pierce (Enraged),
<p>All damage you deal to <strong>enraged</strong> creatures ignores Resistances.</p>,
Status Pierce (Poisoned),
<p>All damage you deal to <strong>poisoned</strong> creatures ignores Resistances.</p>,
Status Pierce (Shaken),
<p>All damage you deal to <strong>shaken</strong> creatures ignores Resistances.</p>,
Status Pierce (Slow),
<p>All damage you deal to <strong>slow</strong> creatures ignores Resistances.</p>,
Status Pierce (Weak),
<p>All damage you deal to <strong>weak</strong> creatures ignores Resistances.</p>,
Status Plus (Enraged),
<p>Each Target hit by the weapon suffers @EFFECT[dazed].</p>,
Status Plus (Poisoned),
<p>Each Target hit by the weapon suffers @EFFECT[poisoned].</p>,
Swordbreaker,
<p>Have Resistance to <strong>physical</strong> damage.</p>,
Unburdened,
<p>Deals extra damage equal to the difference between your current and maximum <strong>Inventory Points</strong>.</p>,
Valkyrie,
"<p>When you cast the <strong>Soaring Strike</strong> spell (see Elementalist Class, <strong>Core Rulebook</strong> page <strong>189</strong>), the MP cost is halved.</p>",
Vengeful (Air),
"<p>After a creature <strong>hits</strong> you with a <strong>melee</strong> attack, you deal @DMG[5 air] damage to that creature (after the attack has been resolved).</p>",
Vengeful (Bolt),
"<p>After a creature <strong>hits</strong> you with a <strong>melee</strong> attack, you deal @DMG[5 bolt] damage to that creature (after the attack has been resolved).</p>",
Vengeful (Dark),
"<p>After a creature <strong>hits</strong> you with a <strong>melee</strong> attack, you deal @DMG[5 dark] damage to that creature (after the attack has been resolved).</p>",
Vengeful (Earth),
"<p>After a creature <strong>hits</strong> you with a <strong>melee</strong> attack, you deal @DMG[5 earth] damage to that creature (after the attack has been resolved).</p>",
Vengeful (Fire),
"<p>After a creature <strong>hits</strong> you with a <strong>melee</strong> attack, you deal @DMG[5 fire] damage to that creature (after the attack has been resolved).</p>",
Vengeful (Ice),
"<p>After a creature <strong>hits</strong> you with a <strong>melee</strong> attack, you deal @DMG[5 ice] damage to that creature (after the attack has been resolved).</p>",
Vengeful (Light),
"<p>After a creature <strong>hits</strong> you with a <strong>melee</strong> attack, you deal @DMG[5 light] damage to that creature (after the attack has been resolved).</p>",
Vengeful (Physical),
"<p>After a creature <strong>hits</strong> you with a <strong>melee</strong> attack, you deal @DMG[5 physical] damage to that creature (after the attack has been resolved).</p>",
Vengeful (Poison),
"<p>After a creature <strong>hits</strong> you with a <strong>melee</strong> attack, you deal @DMG[5 poison] damage to that creature (after the attack has been resolved).</p>",
Vengeful,
<p>Deals 5 extra damage to targets you have a <strong>Bond</strong> of <strong>Hatred</strong> towards.</p>,
Vitality Up,
"<p>Whenever you recover Hit Points, you recover an extra @GAIN[5 hp].</p>",
Wanderer,
"<p>When your group makes a <strong>discovery</strong> while traveling, you may immediately gain @GAIN[1 fp].</p>",
Warding,
"<p>When reduced to 0 Hit Points, you may instead choose to resist with exactly @GAIN[1 hp]. If you do, the ring breaks (costs 2000 zenit to repair).</p>",
Absorbing,
Check,
Defensive,
Offensive,
Resource,
Skill,
Status,
Alchemy: Effect,
"<p><span class=""fontstyle0"">When you create a mix, roll the amount of twenty-sided dice indicated by that mix, then assign one of those rolls to the </span><span class=""fontstyle2"">@UUID[Compendium.projectfu.rollable-tables.RollTable.vZa3GMOzrEVma2Hv]{target} </span><span class=""fontstyle0"">table and one to the </span><span class=""fontstyle2""><strong>effect</strong> </span><span class=""fontstyle0"">table (below). Discard all remaining dice, then describe the effects of the mix!</span></p>",
... treats their Dexterity (@EFFECT[dex-up e:eot i:2 t:source]) and Might (@EFFECT[mig-up e:eot i:2 t:source]) dice as if they were one size higher (up to a maximum of d12) until the end of your next turn.,
... treats their Insight (@EFFECT[ins-up e:eot i:2 t:source]) and Willpower (@EFFECT[wlp-up e:eot i:2 t:source]) dice as if they were one size higher (up to a maximum of d12) until the end of your next turn.,
"... suffers @DMG[20 air] damage. This amount increases to @DMG[30 air] damage if you are level 20 or higher, or to @DMG[40 air] damage if you are level 40 or higher.",
"... suffers @DMG[20 bolt] damage. This amount increases to @DMG[30 bolt] damage if you are level 20 or higher, or to @DMG[40 bolt] damage if you are level 40 or higher.",
"... suffers @DMG[20 dark] damage. This amount increases to @DMG[30 dark] damage if you are level 20 or higher, or to @DMG[40 dark] damage if you are level 40 or higher.",
"... suffers @DMG[20 earth] damage. This amount increases to @DMG[30 earth] damage if you are level 20 or higher, or to @DMG[40 earth] damage if you are level 40 or higher.",
"... suffers @DMG[20 fire] damage. This amount increases to @DMG[30 fire] damage if you are level 20 or higher, or to @DMG[40 fire] damage if you are level 40 or higher.",
"... suffers @DMG[20 ice] damage. This amount increases to @DMG[30 ice] damage if you are level 20 or higher, or to @DMG[40 ice] damage if you are level 40 or higher.",
... gains Resistance to air (@TYPE[affinity air resistance e:eos i:1 t:source]) and fire (@TYPE[affinity fire resistance e:eos i:1 t:source]) damage until the end of the scene.,
... gains Resistance to bolt (@TYPE[affinity bolt resistance e:eos i:1 t:source]) and ice (@TYPE[affinity ice resistance e:eos i:1 t:source]) damage until the end of the scene.,
... gains Resistance to dark (@TYPE[affinity dark resistance e:eos i:1 t:source]) and earth (@TYPE[affinity earth resistance e:eos i:1 t:source]) damage until the end of the scene.,
... suffers @EFFECT[enraged].,
... suffers @EFFECT[poisoned].,
"... suffers @EFFECT[dazed], @EFFECT[shaken], @EFFECT[slow], and @EFFECT[weak].",
... recovers from all status effects.,
... recovers @GAIN[50 hp] and @GAIN[50 mp].,
... recovers @GAIN[100 hp].,
... recovers @GAIN[100 mp].,
... recovers @GAIN[100 hp] and @GAIN[100 mp].,
Alchemy: Target,
"<p><span class=""fontstyle0"">When you create a mix, roll the amount of twenty-sided dice indicated by that mix, then assign one of those rolls to the </span><span class=""fontstyle2""><strong>target</strong> </span><span class=""fontstyle0"">table (below) and one to the </span><span class=""fontstyle2"">effect </span><span class=""fontstyle0"">table @UUID[Compendium.projectfu.rollable-tables.RollTable.TvH7gOE0xQYeimUF]{Alchemy: Effect}. Discard all remaining dice, then describe the effects of the mix!</span> <br style=""font-style:normal;font-variant:normal;font-weight:normal;letter-spacing:normal;line-height:normal;orphans:2;text-align:-webkit-auto;text-indent:0px;text-transform:none;white-space:normal;widows:2;word-spacing:0px;-webkit-text-size-adjust:auto;-webkit-text-stroke-width:0px"" /></p>",
... you or one ally you can see that is present on the scene.,
... one enemy you can see that is present on the scene.,
... you and every ally present on the scene.,
... every enemy present on the scene.,
Delicacy Effect,
"<p>When you combine two tastes you <strong>never combined before</strong>, determine the <strong>effect</strong> of that combination by rolling a <strong>d12</strong>; most entries also require you to make a choice (such as a specific damage type or status effect). Once you're done, record the resulting effect on your @UUID[Compendium.projectfu.skills.Item.HQTDIy6suF8u6dAl]{Cookbook}: from this moment on, that <strong>combination</strong> of tastes will <strong>always</strong> produce that exact <strong>effect</strong> when you use it. Follow @UUID[Compendium.projectfu.handouts.JournalEntry.vsXmQQBeh7FSTCc4]{Ingredients &amp; Delicacies Rules} for more instructions.</p>",
"Each of this delicacy's targets recovers from the (choose one: dazed, enraged, poisoned, shaken, slow, weak) status effect.",
Each of this delicacy's targets suffers the (choose one: @EFFECT[dazed]; @EFFECT[shaken]; @EFFECT[slow]; @EFFECT[weak]) status effect,
Each of this delicacy's targets recovers @GAIN[40 hp]. This amount increases to @GAIN[50 hp] if you are level 30 or higher.,
Each of this delicacy's targets recovers @GAIN[40 mp]. This amount increases to @GAIN[50 mp] if you are level 30 or higher.,
Each of this delicacy's targets suffers @DMG[20 untyped] (choose one: air; bolt; earth; fire; ice; poison) damage. This amount increases to @DMG[30 untyped] damage if you are level 30 or higher.,
"Until the end of your next turn, every source that deals (choose one: air; bolt; earth; fire; ice; poison) damage deals 5 extra damage to each of this delicacy's targets",
Each of this delicacy's targets cannot perform the Guard action during their next turn,
Each of this delicacy's targets cannot perform the Spell action during their next turn.,
Each of this delicacy's targets cannot perform the Skill action during their next turn.,
Each of this delicacy's targets gains Resistance to (choose one: @UUID[Compendium.projectfu.actor-effects.Item.3tMyw1mCjd7SfGTD]{Air}; @UUID[Compendium.projectfu.actor-effects.Item.QrEztsujMpK33cpj]{Bolt}; @UUID[Compendium.projectfu.actor-effects.Item.H3SJ1fej3GSyHdKG]{Earth}; @UUID[Compendium.projectfu.actor-effects.Item.FAfKTXxluiqIVP5t]{Fire}; @UUID[Compendium.projectfu.actor-effects.Item.SWdZeuJTEq1ig6S8]{Ice}; @UUID[Compendium.projectfu.actor-effects.Item.3xPA7x9S3fggYHkX]{Poison}) damage until the end of your next turn.,
Each of this delicacy's targets treats their (choose one: @UUID[Compendium.projectfu.actor-effects.Item.vv2cqUDHaCJLmEYw]{Dexterity}; @UUID[Compendium.projectfu.actor-effects.Item.4G5iaieFDwGiIVrw]{Insight}; @UUID[Compendium.projectfu.actor-effects.Item.hX70STpGG5fgAAkp]{Might}; @UUID[Compendium.projectfu.actor-effects.Item.nXxz7GyqeIGtQpMG]{Willpower}) as if it were one die size higher (up to a maximum of d12) until the end of your next turn.,
"During the next turn of each of this delicacy's targets, all damage they deal becomes (choose one: air; bolt; earth; fire; ice; poison) and its type cannot change.",
Gamble,
"<p>You summon a vortex of chaotic energy. Roll your current <strong>Willpower </strong>die once for every 10 Mind Points spent while casting this spell, then keep the <strong>single</strong> die you prefer: the number on that die determines the effects of this spell.</p>",
You lose half of your current Hit Points (@LOSS[(@actor.resources.hp.value/2){Half Current HP}) and half of your current Mind Points (@LOSS[(@actor.resources.mp.value/2) mp]).,
"Each creature present on the scene, including yourself, suffers @EFFECT[poisoned].",
"Each creature present on the scene, including yourself, suffers @EFFECT[slow].",
Choose up to three creatures you can see: each of them recovers @GAIN[50 hp] and also recovers from all status effects.,
Choose any number of creatures you can see: each of them suffers 30 damage. The damage type is determined randomly by rolling a d6: 1. @DMG[30 air] 2. @DMG[30 bolt] 3. @DMG[30 dark] 4. @DMG[30 earth] 5. @DMG[30 fire] 6. @DMG[30 poison],
Ingredient Taste,
"<p>Roll a <strong>d6</strong> to determine the <strong>ingredient’s taste</strong> using the table below, then describe its appearance and give it a name.</p>",
Bitter,
Salty,
Sour,
Sweet,
Umami,
Your choice,
Random Hoplospheres,
<p>A random table created from the contents of the Hoplospheres Folder.</p>,
Agile Hoplosphere,
Arctic Hoplosphere,
Blessed Hoplosphere,
Brave Hoplosphere,
Crystalline Hoplosphere,
Cyclonic Hoplosphere,
Dark Hoplosphere,
Dazing Hoplosphere,
Disrupting Hoplosphere,
Draining Hoplosphere,
Energizing Hoplosphere,
Expansive Hoplosphere,
Ghastly Hoplosphere,
Gladiator Hoplosphere,
Knightly Hoplosphere,
Medical Hoplosphere,
Mighty Hoplosphere,
Occult Hoplosphere,
Piercing Hoplosphere,
Poisonous Hoplosphere,
Predator Hoplosphere,
Quick Hoplosphere,
Radiant Hoplosphere,
Reaping Hoplosphere,
Revealing Hoplosphere,
Scornful Hoplosphere,
Seismic Hoplosphere,
Sharpening Hoplosphere,
Skeptical Hoplosphere,
Snaring Hoplosphere,
Sorcerous Hoplosphere,
Steadfast Hoplosphere,
Tiring Hoplosphere,
Toxic Hoplosphere,
Volcanic Hoplosphere,
Voltaic Hoplosphere,
Amphibia,
"<p>You may breathe underwater and your eyes can see perfectly in dim light.</p><p>When you recover Hit Points, you recover an 5 additional Hit Points and you may immediately recover from a single status effect of your choice.</p><hr><ul><li><p><strong>You Recover:</strong> @GAIN[5 hp]</p></li></ul>",
Angel Dance,
"<p>Choose one option: you gain Resistance to <strong>light</strong> damage; <strong>or</strong> all damage dealt by your attacks and spells becomes <strong>light</strong>.</p><hr><ul><li><p><strong>You Spend:</strong> @LOSS[10 mp]</p></li><li><p><strong>You Receive:</strong> @TYPE[affinity light resistance e:sot i:1 t:source]{Angel Dance: Resistance}, or @TYPE[damage all light e:sot i:1 t:source]{Angel Dance: Damage}</p></li></ul>",
Arcanum of the Forge,
Merged: Forge,
<ul><li><p>You have Resistance to <strong>fire</strong> damage.</p></li><li><p>Any <strong>fire</strong> damage you deal ignores Resistances. </p></li></ul>,
Arcanum of the Frost,
Merged: Frost,
<ul><li><p>You have Resistance to <strong>ice</strong> damage and are immune to <strong>enraged</strong>.</p></li><li><p>Any <strong>ice</strong> damage you deal ignores Resistances. </p></li></ul>,
Arcanum of the Gate,
Merged: Gate,
"<ul><li><p style=""box-sizing:border-box;user-select:text;margin:0px;font-family:'PT Sans Narrow', sans-serif;font-style:normal;font-size:16px;line-height:1.45em""><span class=""fontstyle0"" style=""box-sizing:border-box;user-select:text""><span style=""font-family:'PT Sans Narrow', sans-serif"">You have Resistance to </span></span><span class=""fontstyle2"" style=""box-sizing:border-box;user-select:text""><span style=""font-family:'PT Sans Narrow', sans-serif""><strong style=""box-sizing:border-box;user-select:text"">dark</strong> </span></span><span class=""fontstyle0"" style=""box-sizing:border-box;user-select:text""><span style=""font-family:'PT Sans Narrow', sans-serif"">damage.</span></span></p></li><li><p style=""box-sizing:border-box;user-select:text;margin:0px;font-family:'PT Sans Narrow', sans-serif;font-style:normal;font-size:16px;line-height:1.45em""><span class=""fontstyle0"" style=""box-sizing:border-box;user-select:text""><span style=""font-family:'PT Sans Narrow', sans-serif"">You gain a +1 bonus to your Magic Defense.</span></span></p></li></ul>",
Arcanum of the Grimoire,
Merged: Grimoire,
"<ul><li><p style=""box-sizing:border-box;user-select:text;margin:0px;font-family:'PT Sans Narrow', sans-serif;font-style:normal;font-size:16px;line-height:1.45em""><span class=""fontstyle0"" style=""box-sizing:border-box;user-select:text""><span style=""font-family:'PT Sans Narrow', sans-serif"">You are able to read, write, speak and understand all languages.</span></span></p></li><li><p style=""box-sizing:border-box;user-select:text;margin:0px;font-family:'PT Sans Narrow', sans-serif;font-style:normal;font-size:16px;line-height:1.45em""><span class=""fontstyle0"" style=""box-sizing:border-box;user-select:text""><span style=""font-family:'PT Sans Narrow', sans-serif"">You treat your </span></span><span class=""fontstyle2"" style=""box-sizing:border-box;user-select:text""><span style=""font-family:'PT Sans Narrow', sans-serif""><strong style=""box-sizing:border-box;user-select:text"">Insight </strong></span></span><span class=""fontstyle0"" style=""box-sizing:border-box;user-select:text""><span style=""font-family:'PT Sans Narrow', sans-serif"">as if it were one die size higher (up to a maximum of </span></span><span class=""fontstyle2"" style=""box-sizing:border-box;user-select:text""><span style=""font-family:'PT Sans Narrow', sans-serif""><strong style=""box-sizing:border-box;user-select:text"">d12</strong></span></span><span class=""fontstyle0"" style=""box-sizing:border-box;user-select:text""><span style=""font-family:'PT Sans Narrow', sans-serif"">).</span></span><span style=""font-family:'PT Sans Narrow', sans-serif""> </span></p></li></ul>",
Arcanum of the Oak,
Merged: Oak,
"<ul><li><p>You have Resistance to <strong>earth</strong> and <strong>poison</strong> damage and are immune to <strong>poisoned</strong>.</p></li><li><p>Whenever you recover Hit Points, you recover 5 extra Hit Points.</p></li></ul>",
Arcanum of the Sky,
Merged: Sky,
"<ul><li><p style=""box-sizing:border-box;user-select:text;margin:0px;font-family:'PT Sans Narrow', sans-serif;font-style:normal;font-size:16px;line-height:1.45em""><span class=""fontstyle0"" style=""box-sizing:border-box;user-select:text""><span style=""font-family:'PT Sans Narrow', sans-serif"">You have Resistance to </span></span><span class=""fontstyle2"" style=""box-sizing:border-box;user-select:text""><span style=""font-family:'PT Sans Narrow', sans-serif""><strong style=""box-sizing:border-box;user-select:text"">air </strong></span></span><span class=""fontstyle0"" style=""box-sizing:border-box;user-select:text""><span style=""font-family:'PT Sans Narrow', sans-serif"">and </span></span><span class=""fontstyle2"" style=""box-sizing:border-box;user-select:text""><span style=""font-family:'PT Sans Narrow', sans-serif""><strong style=""box-sizing:border-box;user-select:text"">bolt </strong></span></span><span class=""fontstyle0"" style=""box-sizing:border-box;user-select:text""><span style=""font-family:'PT Sans Narrow', sans-serif"">damage.</span></span></p></li><li><p style=""box-sizing:border-box;user-select:text;margin:0px;font-family:'PT Sans Narrow', sans-serif;font-style:normal;font-size:16px;line-height:1.45em""><span class=""fontstyle0"" style=""box-sizing:border-box;user-select:text""><span style=""font-family:'PT Sans Narrow', sans-serif"">You may use an action to accurately predict weather conditions for the next day within a range of </span></span><span class=""fontstyle2"" style=""box-sizing:border-box;user-select:text""><span style=""font-family:'PT Sans Narrow', sans-serif""><strong style=""box-sizing:border-box;user-select:text"">two travel days</strong> </span></span><span class=""fontstyle0"" style=""box-sizing:border-box;user-select:text""><span style=""font-family:'PT Sans Narrow', sans-serif"">— the Game Master will tell you what the weather conditions will be.</span></span><span style=""font-family:'PT Sans Narrow', sans-serif""> </span></p></li></ul>",
Arcanum of the Sword,
Merged: Sword,
"<ul><li><p style=""box-sizing:border-box;user-select:text;margin:0px;font-family:'PT Sans Narrow', sans-serif;font-style:normal;font-size:16px;line-height:1.45em""><span class=""fontstyle0"" style=""box-sizing:border-box;user-select:text""><span style=""font-family:'PT Sans Narrow', sans-serif"">Your attacks deal 5 extra damage, and all damage dealt by your attacks is treated as having no type (thus being unaffected by damage Affinities). Damage dealt by your attacks cannot gain a type as long as you are merged with this Arcanum. </span></span></p></li><li><p style=""box-sizing:border-box;user-select:text;margin:0px;font-family:'PT Sans Narrow', sans-serif;font-style:normal;font-size:16px;line-height:1.45em""><span class=""fontstyle0"" style=""box-sizing:border-box;user-select:text""><span style=""font-family:'PT Sans Narrow', sans-serif"">When you perform an attack, you may have that attack gain the </span></span><span class=""fontstyle2"" style=""box-sizing:border-box;user-select:text""><span style=""font-family:'PT Sans Narrow', sans-serif""><strong style=""box-sizing:border-box;user-select:text"">multi (any number of targets)</strong> </span></span><span class=""fontstyle0"" style=""box-sizing:border-box;user-select:text""><span style=""font-family:'PT Sans Narrow', sans-serif"">property. If you do, this Arcanum will be automatically dismissed after the attack is resolved (this is </span></span><span class=""fontstyle2"" style=""box-sizing:border-box;user-select:text""><span style=""font-family:'PT Sans Narrow', sans-serif""><strong style=""box-sizing:border-box;user-select:text"">not </strong></span></span><span class=""fontstyle0"" style=""box-sizing:border-box;user-select:text""><span style=""font-family:'PT Sans Narrow', sans-serif"">considered a willing dismiss).</span></span><span style=""font-family:'PT Sans Narrow', sans-serif""> </span></p></li></ul>",
Arcanum of the Tower,
Merge: Tower,
"<ul><li><p>When you summon this Arcanum, choose a damage type: <strong>air</strong>, <strong>bolt</strong>, <strong>dark</strong>, <strong>earth</strong>, <strong>fire</strong>, or <strong>ice</strong>. Until this Arcanum is dismissed, each of your allies present on the scene has Resistance to the chosen damage type (you <strong>do not</strong> gain this Resistance).</p></li></ul>",
Arcanum of the Wheel,
Merged: Wheel,
"<ul><li><p style=""box-sizing:border-box;user-select:text;margin:0px;font-family:'PT Sans Narrow', sans-serif;font-style:normal;font-size:16px;line-height:1.45em""><span class=""fontstyle0"" style=""box-sizing:border-box;user-select:text""><span style=""font-family:'PT Sans Narrow', sans-serif"">You are immune to </span></span><span class=""fontstyle2"" style=""box-sizing:border-box;user-select:text""><span style=""font-family:'PT Sans Narrow', sans-serif""><strong style=""box-sizing:border-box;user-select:text"">slow</strong></span></span><span class=""fontstyle0"" style=""box-sizing:border-box;user-select:text""><span style=""font-family:'PT Sans Narrow', sans-serif"">.</span></span></p></li><li><p style=""box-sizing:border-box;user-select:text;margin:0px;font-family:'PT Sans Narrow', sans-serif;font-style:normal;font-size:16px;line-height:1.45em""><span class=""fontstyle0"" style=""box-sizing:border-box;user-select:text""><span style=""font-family:'PT Sans Narrow', sans-serif"">You gain a +1 bonus to your Defense.</span></span><span style=""font-family:'PT Sans Narrow', sans-serif""> </span></p></li></ul>",
Arctic Narcissus,
Arpaktida,
"<p><span>You treat your <strong>Insight</strong> as if it were one die size higher (to a maximum of <strong>d12</strong>).</span></p><p>When you deal damage to one or more creatures for the first time during your turn, if at least one of them is in <strong>Crisis</strong>, you deal 5 extra damage to each of those creatures.</p><hr><ul><li><p><span><strong>You Receive:</strong> @EFFECT[ins-up]</span></p></li></ul>",
Atmokinesis,
"<p>That damage becomes <strong>air</strong> or <strong>bolt</strong>, and its source deals extra damage equal to <strong>【2 + the number of filled sections in your Brainwave Clock】</strong>.</p><hr><ul><li><p><strong>You Spend: </strong>@LOSS[max(5, (&cs('brainwave-clock')*5)) mp]{Psychic Gift}</p></li><li><p><strong>You Receive:</strong> @EFFECT[Compendium.projectfu.skills.4oUORbf2Bzwl6sjD]{Effect: Atmokinesis (Bolt)}, or @EFFECT[Compendium.projectfu.skills.Item.XoviVmGtz9kyst0s]{Effect: Atmokinesis (Air)}</p></li><li><p><strong>Progress: </strong>@CLOCK[brainwave-clock update 1]{Advance Brainwave Clock}</p><p></p></li></ul>",
Banshee Dance,
"<p>Choose another creature that is able to see you. If that creature is already <strong>slow</strong>, they immediately suffer <strong>shaken</strong>.</p><hr><ul><li><p><strong>You Spend:</strong> @LOSS[10 mp]</p></li><li><p><strong>Target Suffers: </strong>@EFFECT[shaken]</p></li></ul>",
Bat Dance,
"<p>Choose one option: you gain Resistance to <strong>dark</strong> damage; <strong>or</strong> all damage dealt by your attacks and spells becomes <strong>dark</strong>.</p><hr><ul><li><p><strong>You Spend:</strong> @LOSS[10 mp]</p></li><li><p><strong>You Receive: </strong>@TYPE[affinity dark resistance e:sot i:1 t:source]{Bat Dance: Resistance}, or @TYPE[damage all dark e:sot i:1 t:source]{Bat Dance: Damage}</p></li></ul>",
Blazing Chrysanthemum,
Calm Tone,
"<p>Each target recovers @GAIN[(($wlp*2)+&step(10,20,30)) @DATA[key.resource]]</p><p><span>If this tone causes MP recovery, it has <strong>no effect</strong> on the character who sings it.</span></p>",
Clairvoyance,
"<p>You ask the Game Master a single question about that NPC, and the Game Master must answer truthfully. Then, describe what sensation revealed this information to you. You may use this gift <strong>only once</strong> on each NPC.</p><hr><ul><li><p><strong>You Spend: </strong>@LOSS[max(5, (&cs('brainwave-clock')*5)) mp]{Psychic Gift}</p></li><li><p><strong>Progress: </strong>@CLOCK[brainwave-clock update 1]{Advance Brainwave Clock}</p></li></ul>",
Cookbook,
Taste Aliases,
<p>Adjust the values to change how the tastes are displayed.</p>,
Desert Dahlia,
Dynamotheria,
"<p>You treat your <strong>Might</strong> as if it were one die size higher (to a maximum of <strong>d12</strong>).</p><p>When you succeed on a Check to advance or turn back a Clock, if that Check includes <strong>Might</strong>, you may fill or erase 1 additional section of that Clock.</p><hr><ul><li><p><strong>You Receive:</strong> @EFFECT[mig-up]</p></li></ul>",
Electrophora,
"<p>When you deal damage with an attack or spell, you may have all that damage become <strong>bolt</strong>. While your <strong>unarmed strikes</strong> deal <strong>bolt</strong> damage, any enemy who <strong>loses 20 or more Hit Points</strong> due to one of your <strong>unarmed strikes</strong> also suffers <strong>slow</strong>.</p><hr><ul><li><p><strong>You Receive: </strong>@TYPE[damage all bolt]</p></li><li><p><strong>Targets Suffers:</strong> @EFFECT[slow]</p></li></ul>",
Energetic Tone,
"<p>Until the <strong>start of your next turn</strong>, when a target <strong>succeeds</strong> on a <strong>Check</strong> that includes<strong> @ICON[@DATA[key.attribute]]</strong> and that <strong>Check</strong> allows them to advance or turn back a Clock, they may <strong>fill or erase</strong> an additional section of that Clock.</p>",
Frantic Tone,
"<p>Each target suffers @DMG[($wlp*2)+&step(0,10,20) @DATA[key.type]]<strong> </strong>damage.</p>",
Gadget - Alchemy,
"<h3>ALCHEMY</h3><p><span class=""fontstyle0""><strong>Also: </strong>Chemistry, Bombs, Mutations</span></p><hr><p><span class=""fontstyle0"">You may perform the </span><span class=""fontstyle2""><strong>Inventory </strong></span>action to rapidly craft a <span class=""fontstyle2""><strong>potion </strong></span>with powerful but somewhat unpredictable effects. When you do so, choose one type of <span class=""fontstyle2""><strong>mix </strong></span>among those you have unlocked (<span class=""fontstyle2""><strong>basic</strong></span>, <span class=""fontstyle2""><strong>advanced </strong></span>or <span class=""fontstyle2""><strong>superior</strong></span>) and spend the appropriate amount of Inventory Points. </p><hr><p> </p><table style=""width:100%"" border=""1""><colgroup><col style=""width:14.8891%""><col style=""width:9.71909%""><col style=""width:75.3918%""></colgroup><tbody><tr><td><strong>Mix</strong></td><td style=""text-align:center""><strong>IP Cost</strong></td><td> <strong>Description</strong></td></tr><tr><td><strong>Basic</strong></td><td style=""text-align:center""><strong>3</strong></td><td><span class=""fontstyle0""> Roll <strong>two </strong></span><span class=""fontstyle2""><strong>d20</strong></span><span class=""fontstyle0""><strong>s</strong> and assign one to </span><span class=""fontstyle2""><strong>target </strong></span><span class=""fontstyle0"">and one to </span><span class=""fontstyle2""><strong>effect</strong></span><span class=""fontstyle0"">.</span> </td></tr><tr><td><strong>Advanced</strong></td><td style=""text-align:center""><strong>4</strong></td><td><span class=""fontstyle0""> Roll <strong>three </strong></span><span class=""fontstyle2""><strong>d20</strong></span><span class=""fontstyle0""><strong>s</strong> and assign one to </span><span class=""fontstyle2""><strong>target </strong></span><span class=""fontstyle0"">and one to </span><span class=""fontstyle2""><strong>effect</strong></span><span class=""fontstyle0"">.</span> </td></tr><tr><td><strong>Superior</strong></td><td style=""text-align:center""><strong>5</strong></td><td><span class=""fontstyle0""> Roll <strong>four </strong></span><span class=""fontstyle2""><strong>d20</strong></span><span class=""fontstyle0""><strong>s</strong> and assign one to </span><span class=""fontstyle2""><strong>target </strong></span><span class=""fontstyle0"">and one to </span><span class=""fontstyle2""><strong>effect</strong></span><span class=""fontstyle0"">.</span> </td></tr></tbody></table><p> </p><p><span class=""fontstyle0"">When you create a mix, roll the amount of twenty-sided dice indicated by that mix, then assign one of those rolls to the </span><span class=""fontstyle2""><strong>target </strong></span>table (below) and one to the <span class=""fontstyle2""><strong>effect </strong></span>table (on the right). Discard all remaining dice, then describe the effects of the mix!</p><blockquote><p><span class=""fontstyle2""><em><strong>Example</strong>: </em></span><em>You spend 5 Inventory Points for a </em><span class=""fontstyle2""><em><strong>superior mix </strong></em></span><em>and roll four twenty-sided dice. You roll </em><span class=""fontstyle2""><em><strong>3</strong></em></span><em>, </em><span class=""fontstyle2""><em><strong>14</strong></em></span><em>, </em><span class=""fontstyle2""><em><strong>9 </strong></em></span><em>and </em><span class=""fontstyle2""><em><strong>4</strong></em></span><em>. You might assign </em><span class=""fontstyle2""><em><strong>14 </strong></em></span><em>to </em><span class=""fontstyle2""><em><strong>target</strong> </em></span><em>and </em><span class=""fontstyle2""><em><strong>9 </strong></em></span><em>to </em><span class=""fontstyle2""><em><strong>effect </strong></em></span><em>to grant yourself and all allies Resistance to </em><span class=""fontstyle2""><em><strong>air </strong></em></span><em>and </em><span class=""fontstyle2""><em><strong>fire</strong></em></span><em>; or you could go on the offensive and assign </em><span class=""fontstyle2""><em><strong>9 </strong></em></span><em>to <strong>target </strong>and </em><span class=""fontstyle2""><em><strong>4 </strong></em></span><em>to </em><span class=""fontstyle2""><em><strong>effect </strong></em></span><em>to deal </em><span class=""fontstyle2""><em><strong>bolt </strong></em></span><em>damage to a single enemy; or even assign </em><span class=""fontstyle2""><em><strong>9 </strong></em></span><em>to <strong>target </strong>and </em><span class=""fontstyle2""><em><strong>14 </strong></em></span><em>to </em><span class=""fontstyle2""><em><strong>effect </strong></em></span><em>to inflict four status effects on that foe!</em></p></blockquote><p><span class=""fontstyle0"">Whatever your choice, the two dice you don't assign will be discarded.</span></p><p><span class=""fontstyle0"">The two effects marked with ""</span><span class=""fontstyle2"">Any</span>"" on the <span class=""fontstyle2"">effect </span>table are always availabl<span class=""fontstyle0"">e and can be chosen if none of the available effects appeal to you. </span></p><p> </p><p><span class=""fontstyle0""><strong>TARGET</strong></span></p><table style=""width:96.0876%"" border=""1""><colgroup><col style=""width:14.2534%""><col style=""width:85.7502%""></colgroup><tbody><tr><td style=""text-align:center""><strong>Die</strong></td><td> <span class=""fontstyle0""><strong>The potion affects...</strong></span><strong> </strong></td></tr><tr><td style=""text-align:center""><strong>1-6</strong></td><td> <span class=""fontstyle0"">... you </span><span class=""fontstyle2""><strong>or </strong></span><span class=""fontstyle0"">one ally you can see that is present on the scene.</span> </td></tr><tr><td style=""text-align:center""><strong>7-11</strong></td><td> <span class=""fontstyle0"">... one enemy you can see that is present on the scene.</span> </td></tr><tr><td style=""text-align:center""><strong>12-16</strong></td><td> <span class=""fontstyle0"">... you </span><span class=""fontstyle2""><strong>and </strong></span><span class=""fontstyle0"">every ally present on the scene.</span> </td></tr><tr><td style=""text-align:center""><strong>17-20</strong></td><td> <span class=""fontstyle0"">... every enemy present on the scene.</span> </td></tr></tbody></table><p> </p><p><strong>EFFECT</strong></p><table style=""width:100%"" border=""1""><colgroup><col style=""width:9.24765%""><col style=""width:90.7524%""></colgroup><tbody><tr><td style=""text-align:center""><strong>Die</strong></td><td> <span class=""fontstyle0""><strong>Each creature affected by the potion...</strong></span><strong> </strong></td></tr><tr><td style=""text-align:center""><strong>Any</strong></td><td> <span class=""fontstyle0"">... suffers @DMG[20 poison]</span><span class=""fontstyle2""> </span><span class=""fontstyle0"">damage.</span></td></tr><tr><td style=""text-align:center""><strong>Any</strong></td><td> <span class=""fontstyle0"">... recovers @GAIN[30 hp].</span> </td></tr><tr><td style=""text-align:center""><strong>1</strong></td><td> <span class=""fontstyle0"">... treats their </span><span class=""fontstyle2""><strong>Dexterity</strong> (@EFFECT[dex-up e:eot i:2 t:source]) </span><span class=""fontstyle0"">and </span><span class=""fontstyle2""><strong>Might </strong>(@EFFECT[mig-up e:eot i:2 t:source]) </span><span class=""fontstyle0"">dice as if they were one size higher (up to a maximum of </span><span class=""fontstyle2""><strong>d12</strong></span><span class=""fontstyle0"">) until the end of your next turn.</span> </td><td><p></p></td><td><p></p></td></tr><tr><td style=""text-align:center""><strong>2</strong></td><td> ... treats their <strong>Insight </strong>(@EFFECT[ins-up e:eot i:2 t:source]) and <strong>Willpower</strong> (@EFFECT[wlp-up e:eot i:2 t:source]) dice as if they were one size higher (up to a maximum of <strong>d12</strong>) until the end of your next turn. </td><td><p></p></td><td><p></p></td></tr><tr><td style=""text-align:center""><strong>3</strong></td><td> <span class=""fontstyle0"">... suffers @DMG[20 air] damage. This amount increases to @DMG[30 air] damage if you are </span><span class=""fontstyle2""><strong>level 20 or higher</strong></span><span class=""fontstyle0"">, or to @DMG[40 air] damage if you are </span><span class=""fontstyle2""><strong>level 40 or higher</strong></span><span class=""fontstyle0"">.</span> </td></tr><tr><td style=""text-align:center""><strong>4</strong></td><td> ... suffers @DMG[20 bolt] damage. This amount increases to @DMG[30 bolt] damage if you are <strong>level 20 or higher</strong>, or to @DMG[40 bolt] damage if you are <strong>level 40 or higher</strong>. </td></tr><tr><td style=""text-align:center""><strong>5</strong></td><td> ... suffers @DMG[20 dark] damage. This amount increases to @DMG[30 dark] damage if you are <strong>level 20 or higher</strong>, or to @DMG[40 dark] damage if you are <strong>level 40 or higher</strong>. </td></tr><tr><td style=""text-align:center""><strong>6</strong></td><td> ... suffers @DMG[20 earth] damage. This amount increases to @DMG[30 earth] damage if you are <strong>level 20 or higher</strong>, or to @DMG[40 earth] damage if you are <strong>level 40 or higher</strong>. </td></tr><tr><td style=""text-align:center""><strong>7</strong></td><td> ... suffers @DMG[20 fire] damage. This amount increases to @DMG[30 fire] damage if you are <strong>level 20 or higher</strong>, or to @DMG[40 fire] damage if you are <strong>level 40 or higher</strong>. </td></tr><tr><td style=""text-align:center""><strong>8</strong></td><td> ... suffers @DMG[20 ice] damage. This amount increases to @DMG[30 ice] damage if you are <strong>level 20 or higher</strong>, or to @DMG[40 ice] damage if you are <strong>level 40 or higher</strong>. </td></tr><tr><td style=""text-align:center""><strong>9</strong></td><td> <span class=""fontstyle0"">... gains Resistance to </span><span class=""fontstyle2""><strong>air </strong>(</span>@TYPE[affinity air resistance e:eos i:1 t:source]<span class=""fontstyle2"">)<strong> </strong></span><span class=""fontstyle0"">and </span><span class=""fontstyle2""><strong>fire </strong>(</span>@TYPE[affinity fire resistance e:eos i:1 t:source]<span class=""fontstyle2"">)<strong> </strong></span><span class=""fontstyle0"">damage until the end of the scene.</span> </td></tr><tr><td style=""text-align:center""><strong>10</strong></td><td> <span class=""fontstyle0"">... gains Resistance to </span><span class=""fontstyle2""><strong>bolt </strong>(</span>@TYPE[affinity bolt resistance e:eos i:1 t:source]<span class=""fontstyle2"">) </span><span class=""fontstyle0"">and </span><span class=""fontstyle2""><strong>ice </strong>(</span>@TYPE[affinity ice resistance e:eos i:1 t:source]<span class=""fontstyle2"">) damage until the end of the scene. </span></td></tr><tr><td style=""text-align:center""><strong>11</strong></td><td> <span class=""fontstyle0"">... gains Resistance to </span><span class=""fontstyle2""><strong>dark</strong> (</span>@TYPE[affinity dark resistance e:eos i:1 t:source]<span class=""fontstyle2"">)<strong> </strong></span><span class=""fontstyle0"">and </span><span class=""fontstyle2""><strong>earth </strong>(</span>@TYPE[affinity earth resistance e:eos i:1 t:source]<span class=""fontstyle2"">) </span><span class=""fontstyle0"">damage until the end of the scene. </span></td></tr><tr><td style=""text-align:center""><strong>12</strong></td><td> <span class=""fontstyle0"">... suffers </span><span class=""fontstyle2"">@EFFECT[enraged]</span><span class=""fontstyle0"">.</span> </td></tr><tr><td style=""text-align:center""><strong>13</strong></td><td> <span class=""fontstyle0"">... suffers </span><span class=""fontstyle2"">@EFFECT[poisoned]</span><span class=""fontstyle0"">.</span> </td></tr><tr><td style=""text-align:center""><strong>14</strong></td><td> <span class=""fontstyle0"">... suffers </span><span class=""fontstyle2"">@EFFECT[dazed]</span><span class=""fontstyle0"">, </span><span class=""fontstyle2"">@EFFECT[shaken]</span><span class=""fontstyle0"">, </span><span class=""fontstyle2"">@EFFECT[slow], </span><span class=""fontstyle0"">and </span><span class=""fontstyle2"">@EFFECT[weak]</span><span class=""fontstyle0"">.</span> </td></tr><tr><td style=""text-align:center""><strong>15</strong></td><td> <span class=""fontstyle0"">... recovers from all status effects.</span> </td></tr><tr><td style=""text-align:center""><strong>16-17</strong></td><td> <span class=""fontstyle0"">... recovers @GAIN[50 hp] and @GAIN[50 mp]</span></td></tr><tr><td style=""text-align:center""><strong>18</strong></td><td> <span class=""fontstyle0"">... recovers @GAIN[100 hp]</span></td></tr><tr><td style=""text-align:center""><strong>19</strong></td><td> <span class=""fontstyle0"">... recovers @GAIN[100 mp]</span></td></tr><tr><td style=""text-align:center""><strong>20</strong></td><td> <span class=""fontstyle0"">... recovers @GAIN[100 hp] and @GAIN[100 mp]</span></td></tr></tbody></table><p> </p>",
Gadget - Infusion,
"<h3>INFUSIONS</h3><p><span class=""fontstyle0""><strong>Also:</strong> </span><span class=""fontstyle2"">Arcane Ammunition, Blade Coatings, Combat Runes</span></p><hr><p><span class=""fontstyle0"">When you successfully hit one or more targets with an attack, you may spend </span><span class=""fontstyle2"">@LOSS[2 ip]</span><span class=""fontstyle0""> to produce a special </span><strong>infusion </strong><span class=""fontstyle0"">and apply the corresponding effect to that attack (if the attack had the </span><strong>multi </strong><span class=""fontstyle0"">property, apply the effects of the infusion to each target).</span></p><hr><p><span class=""fontstyle0"">You cannot apply more than one infusion to the same attack; producing and using an infusion are both part of the action you used to attack with the weapon.</span> </p><hr><p><span class=""fontstyle2""><strong>BASIC INFUSIONS</strong></span></p><table style=""width:97.2093%"" border=""1""><colgroup><col style=""width:17.4333%""><col style=""width:82.4937%""></colgroup><tbody><tr><td><strong>INFUSIONS</strong></td><td> <strong>EFFECT</strong></td></tr><tr><td><strong>Cryo</strong></td><td> <span class=""fontstyle0"">The attack deals 5 extra damage, and its damage becomes </span><span class=""fontstyle2""><strong>ice </strong>@ICON[ice]</span><span class=""fontstyle0"">.</span> </td></tr><tr><td><strong>Pyro</strong></td><td> <span class=""fontstyle0"">The attack deals 5 extra damage, and its damage becomes </span><span class=""fontstyle2""><strong>fire </strong>@ICON[fire]</span><span class=""fontstyle0"">.</span> </td></tr><tr><td><strong>Volt</strong></td><td> <span class=""fontstyle0"">The attack deals 5 extra damage, and its damage becomes </span><span class=""fontstyle2""><strong>bolt </strong>@ICON[bolt]</span><span class=""fontstyle0"">.</span> </td></tr></tbody></table><p></p><p><strong>ADVANCED INFUSIONS</strong></p><table style=""width:96.5571%"" border=""1""><colgroup><col style=""width:17.2065%""><col style=""width:82.7935%""></colgroup><tbody><tr><td><strong>INFUSIONS</strong></td><td><strong> EFFECT</strong></td></tr><tr><td><strong>Cyclone</strong></td><td> <span class=""fontstyle0"">The attack deals 5 extra damage, and its damage becomes </span><span class=""fontstyle2""><strong>air</strong> @ICON[air]</span><span class=""fontstyle0"">.</span> </td></tr><tr><td><strong>Exorcism</strong></td><td> <span class=""fontstyle0"">The attack deals 5 extra damage, and its damage becomes </span><span class=""fontstyle2""><strong>light </strong>@ICON[light]</span><span class=""fontstyle0"">.</span> </td></tr><tr><td><strong>Seismic</strong></td><td> <span class=""fontstyle0"">The attack deals 5 extra damage, and its damage becomes </span><span class=""fontstyle2""><strong>earth </strong>@ICON[earth]</span><span class=""fontstyle0"">.</span> </td></tr><tr><td><strong>Shadow</strong></td><td> <span class=""fontstyle0"">The attack deals 5 extra damage, and its damage becomes </span><span class=""fontstyle2""><strong>dark</strong> @ICON[dark]</span><span class=""fontstyle0"">.</span> </td></tr></tbody></table><p> </p><p><strong>SUPERIOR INFUSIONS</strong></p><table style=""width:95.9311%"" border=""1""><colgroup><col style=""width:17.3909%""><col style=""width:82.6091%""></colgroup><tbody><tr><td><strong>INFUSIONS</strong></td><td><strong> EFFECT</strong></td></tr><tr><td><strong>Vampire</strong></td><td><p> Choose one option: you recover an amount of HP equal to half the HP loss suffered by the target of the attack; <strong>or</strong> you recover an amount of MP equal to half the HP loss suffered by the target of the attack. </p><p> This infusion can only be used if the attack targeted a <strong>single</strong> creature. </p></td></tr><tr><td><strong>Venom</strong></td><td> <span class=""fontstyle0"">The attack deals 5 extra damage, its damage becomes </span><span class=""fontstyle2""><strong>poison </strong>@ICON[poison]</span><span class=""fontstyle0"">, and each creature hit by the attack suffers </span><span class=""fontstyle2""><strong>poisoned</strong></span><span class=""fontstyle0"">.</span> </td></tr></tbody></table>",
Cryo,
"The attack deals 5 extra damage, and its damage becomes ice.",
Pyro,
"The attack deals 5 extra damage, and its damage becomes fire.",
Volt,
"The attack deals 5 extra damage, and its damage becomes bolt.",
Cyclone,
"The attack deals 5 extra damage, and its damage becomes air.",
Exorcism,
"The attack deals 5 extra damage, and its damage becomes light.",
Seismic,
"The attack deals 5 extra damage, and its damage becomes earth.",
Shadow,
"The attack deals 5 extra damage, and its damage becomes dark.",
Vampire,
Choose one option: you recover an amount of HP equal to half the HP loss suffered by the target of the attack; or you recover an amount of MP equal to half the HP loss suffered by the target of the attack. This infusion can only be used if the attack targeted a single creature.,
Venom,
"The attack deals 5 extra damage, its damage becomes poison, and each creature hit by the attack suffers poisoned.",
Gadget - Magitech,
"<h3>MAGITECH</h3><p><strong>Also:</strong> Engineering, Golemcraft, Robotics.</p><hr><p>This invention type grants a variety of different benefits.</p><hr><p></p><h3>MAGITECH OVERRIDE (BASIC)</h3><p>Add the @UUID[Compendium.projectfu.skills.Item.aPfawWXZqKuHAAqj]{Magitech Override} feature to your character sheet.</p><p>You may use an action and spend @LOSS[10 mp] to perform an Opposed <strong>【INS + INS】 </strong>Check against a nearby <strong>soldier</strong>-rank <strong>construct </strong>you can see (the Game Master musttell you who is a valid target). If you succeed, you gain control of the creature untilthe end of the scene (the Game Master gives you its profile). You may only control <strong>one construct at any given time</strong>, but may set it free whenever you want; the <strong>construct </strong>is also set free as soon as it is harmed by you or by one of your allies. Once free, the construct is again in control of its actions and might turn against you.</p><p></p><h3>MAGICANNON (ADVANCED)</h3><p>Add the@UUID[Compendium.projectfu.consumables.Item.AbazTRyaMTW4ouhx]{Magicannon (Item)} to your character sheet.</p><p>You may perform the <strong>Inventory</strong> action and spend @LOSS[3 ip] Inventory Points to create a <strong>firearm</strong> weapon known as a <strong>magicannon</strong> (see below). The magicannon will crumble to pieces as soon as you use create a new magicannon. When you create a magicannon, choose the type of damage it deals (<strong>air, bolt, earth, fire, ice,</strong> or <strong>physical</strong>).</p><table border=""1""><colgroup><col><col><col><col></colgroup><tbody><tr><td><strong>WEAPON</strong></td><td><strong>ACCURACY</strong></td><td><strong>DAMAGE</strong></td><td><strong>QUALITIES</strong></td></tr><tr><td>Magicannon</td><td>【<span class=""fontstyle1"">DEX + INS】 +1</span></td><td>【<span class=""fontstyle1"">HR + 10】</span></td><td>Two-handed -Ranged -No Quality.</td></tr></tbody></table><p></p><h3>MAGISPHERES (SUPERIOR)</h3><p>Add three @UUID[Compendium.projectfu.consumables.Item.7dUU12f8IHa2tESo]{Magisphere (Superior)} to your character sheet.</p><p>You develop three magisphere prototypes; each of them can replicate a spell chosen from the following lists: <strong>Elementalist</strong>, <strong>Entropist </strong>and <strong>Spiritist</strong>. The spells you choose may come from the same list or different lists.</p><p>You also develop two more prototypes upon reaching <strong>level 20</strong>, and another two upon reaching <strong>level 40</strong> (the same applies if you already reached those levels).</p><p>You may perform the <strong>Inventory action</strong> and spend @LOSS[2 ip] to create a <strong>magisphere </strong>and immediately perform the <strong>Spell action for free</strong>, casting one ofthe spells you have developed a prototype for. The spell follows the normal rules(including MP costs and Magic Checks) and the magisphere is destroyed upon use.</p>",
Garden,
Golden Ginkgo,
Golem Dance,
"<p>Choose one option: you gain Resistance to <strong>bolt</strong> damage; <strong>or</strong> all damage dealt by your attacks and spells becomes <strong>bolt</strong>.</p><hr><ul><li><p><strong>You Spend:</strong> @LOSS[10 mp]</p></li><li><p><strong>You Receive:</strong> @TYPE[affinity bolt resistance e:sot i:1 t:source]{Golem Dance: Resistance}, or @TYPE[damage all bolt e:sot i:1 t:source]{Golem Dance: Damage}</p></li></ul>",
Grave Asphodel,
Gravitokinesis,
"<p>That damage becomes <strong>earth</strong> or <strong>physical</strong>, and its source deals extra damage equal to <strong>【2 + the number of filled sections in your Brainwave Clock】</strong>. If the source deals damage to one or more <strong>flying</strong> creatures, they are forced to land immediately.</p><hr><ul><li><p><strong>You Spend: </strong>@LOSS[max(5, (&cs('brainwave-clock')*5)) mp]{Psychic Gift}</p></li><li><p><strong>You Receive:</strong> @EFFECT[Compendium.projectfu.skills.ERaYpwNiAzMVQvTA]{Effect: Gravitokinesis (Earth)}, or @EFFECT[Compendium.projectfu.skills.04uK8eZaGc9mtIZO]{Effect: Gravitokinesis (Physical)}</p></li><li><p><strong>Progress: </strong>@CLOCK[brainwave-clock update 1]{Advance Brainwave Clock}</p></li></ul>",
Griffin Dance,
"<p>Choose one option: you gain Resistance to <strong>air</strong> damage; <strong>or</strong> all damage dealt by your attacks and spells becomes <strong>air</strong>.</p><hr><ul><li><p><strong>You Spend:</strong> @LOSS[10 mp]</p></li><li><p><strong>You Receive:</strong> @TYPE[affinity air resistance e:sot i:1 t:source]{Griffin Dance: Resistance}, or @TYPE[damage all air e:sot i:1 t:source]{Griffin Dance: Damage}</p></li></ul>",
Haunting Tune,
<p>Each target suffers<strong>【@EFFECT[@DATA[key.status]]】</strong>. Each target also <strong>loses Resistance</strong> to<strong>【@DATA[key.type]】</strong>damage until the <strong>start of your next turn.</strong></p><ul><li><p><strong>Target:【</strong>@TYPE[affinity @DATA[key.type] none e:sot i:1 t:source]{Haunting Tune}<strong>】</strong>if they have that resistance.</p></li></ul>,
Hermit Iris,
Hookleaf Nightshade,
Horned Hawthorn,
Hydra Dance,
"<p>After you suffer damage, choose one option: you recover 5 Hit Points, <strong>or</strong> you recover 5 Mind Points.</p><hr><ul><li><p><strong>You Spend:</strong> @LOSS[10 mp]</p></li><li><p><strong>You Recover:</strong> @GAIN[5 hp], or @GAIN[5 mp]</p></li><li><p><strong>You Receive:</strong> @EFFECT[Compendium.projectfu.skills.Item.v7HpgVautZEWUbS7]{Effect: Hydra Dance}</p></li></ul>",
Invocations,
"<h3>DETERMINING AVAILABLE WELLSPRINGS</h3><p>During each scene, your surroundings grant you <strong>two different wellsprings. </strong>(See <strong>@UUID[Compendium.projectfu.handouts.JournalEntry.JHjzGHXO9qm8HVW9]{Invoker Rules}</strong>)<strong><br></strong>When you perform an <strong>invocation</strong>, choose one option you have access to, then apply its effects to <strong>one</strong> creature you can see.</p>",
Aero Blast,
"<p><span class=""fontstyle0"">You deal @DMG[20 air] damage to the target.</span></p><hr><ul><li><p><strong>Target Loses:</strong> <span class=""fontstyle0"">@DMG[20+&sl('wellspring-expansion') air]{20 + (SL in Wellspring Expansion) Air}</span></p></li></ul>",
Aero Hex,
"<p><span class=""fontstyle0"">Until the start of your next turn, the target suffers 5 extra damage from all sources that deal </span><span class=""fontstyle2""><strong>bolt</strong> </span><span class=""fontstyle0"">and </span><span class=""fontstyle2""><strong>fire</strong> </span><span class=""fontstyle0"">damage.</span></p><hr><ul><li><p><span class=""fontstyle0""><strong>Target Suffers:</strong> @EFFECT[Compendium.projectfu.skills.Item.gLmFM7sGvsT3YEEQ]{Effect: Aero Hex}</span></p></li></ul>",
Breeze,
"<p>The target recovers @GAIN[30 hp].</p><hr><ul><li><p><strong>Target Recovers:</strong> <span class=""fontstyle0"">@GAIN[30+(&sl('elemental-harmony')*5) hp]{30 + (SL × 5 in Elemental Harmony) HP}</span></p></li></ul>",
Twister,
<p>The target suffers @DMG[10 air] and also suffers @EFFECT[dazed].</p>,
Geo Blast,
"<p>You deal @DMG[20 earth] damage to the target.</p><hr><ul><li><p><strong>Target Loses:</strong> <span class=""fontstyle0"">@DMG[20+&sl('wellspring-expansion') earth]{20 + (SL in Wellspring Expansion) Earth}</span></p></li></ul>",
Geo Hex,
"<p><span class=""fontstyle0"">Until the start of your next turn, the target suffers 5 extra damage from all sources that deal <strong>air</strong> and <strong>ice</strong> damage.</span></p><hr><ul><li><p><span class=""fontstyle0""><strong>Target Suffers:</strong> @EFFECT[Compendium.projectfu.skills.Item.XneKAK7lEd344SDX]{Effect: Geo Hex}</span></p></li></ul>",
Growth,
Quicksand,
<p>The target suffers @DMG[10 earth] and also suffers @EFFECT[slow].</p>,
Pyro Blast,
"<p>You deal @DMG[20 fire] damage to the target.</p><hr><ul><li><p><strong>Target Loses:</strong> <span class=""fontstyle0"">@DMG[20+&sl('wellspring-expansion') fire]{20 + (SL in Wellspring Expansion) Fire}</span></p></li></ul>",
Pyro Hex,
"<p>Until the start of your next turn, the target suffers 5 extra damage from all sources that deal <strong>earth</strong> and <strong>ice</strong> damage.</p><p><span class=""fontstyle0""><strong>Target Suffers:</strong> @EFFECT[Compendium.projectfu.skills.Item.P35wmm9xOT0bnImB]{Effect: Pyro Hex}</span></p>",
Burst,
<p>The target suffers @DMG[10 fire] and also suffers @EFFECT[shaken].</p>,
Smoke,
<p>The target loses @LOSS[20 mp] and also suffers @EFFECT[weak].</p>,
Electro Blast,
"<p>You deal @DMG[20 bolt] damage to the target.</p><hr><ul><li><p><strong>Target Loses:</strong> <span class=""fontstyle0"">@DMG[20+&sl('wellspring-expansion') bolt]{20 + (SL in Wellspring Expansion) Bolt}</span></p></li></ul>",
Electro Hex,
"<p>Until the start of your next turn, the target suffers 5 extra damage from all sources that deal <strong>earth</strong> and <strong>fire</strong> damage.</p><p><span class=""fontstyle0""><strong>Target Suffers:</strong> @EFFECT[Compendium.projectfu.skills.Item.Aotszm4Q25ys3Mbv]{Effect: Electro Hex}</span></p>",
Static,
<p>The target suffers @DMG[10 bolt] and also suffers @EFFECT[slow].</p>,
Thunder,
<p>The target loses @LOSS[20 mp] and also suffers @EFFECT[dazed].</p>,
Hydro Blast,
"<p>You deal @DMG[20 ice] damage to the target.</p><hr><ul><li><p><strong>Target Loses:</strong> <span class=""fontstyle0"">@DMG[20+&sl('wellspring-expansion') ice]{20 + (SL in Wellspring Expansion) Ice}</span></p></li></ul>",
Hydro Hex,
"<p>Until the start of your next turn, the target suffers 5 extra damage from all sources that deal <strong>air</strong> and <strong>bolt</strong> damage.</p><p><span class=""fontstyle0""><strong>Target Suffers:</strong> @EFFECT[Compendium.projectfu.skills.Item.XpYrgDtYILIGS7Sf]{Effect: Hydro Hex}</span></p>",
Chill,
<p>The target loses @LOSS[20 mp] and also suffers @EFFECT[shaken].</p>,
Frostbite,
<p>The target suffers @DMG[10 ice] and also suffers @EFFECT[weak].</p>,
Key of Flame,
Key of Frost,
Key of Iron,
Key of Radiance,
Key of Shadow,
Key of Stone,
Key of Thunder,
Key of Wind,
Kraken Dance,
"<p>Choose another creature that is able to see you. If that creature is already <strong>dazed</strong>, they immediately suffer <strong>slow</strong>.</p><hr><ul><li><p><strong>You Spend:</strong> @LOSS[10 mp]</p></li><li><p><strong>Target Suffers: </strong>@EFFECT[slow]</p></li></ul>",
Life Transference,
"<p>Choose yourself or an ally who is your <strong>focus</strong>: if the chosen creature is in <strong>Crisis</strong>, they recover an amount of Hit Points equal to <strong>【5 + (the number of filled sections in your Brainwave Clock, multiplied by 5)】.</strong></p><hr><ul><li><p><strong>You Spend: </strong>@LOSS[max(5, (&cs('brainwave-clock')*5)) mp]{Psychic Gift}</p></li><li><p><strong>Target Recovers: </strong>@GAIN[5+(&cs('brainwave-clock')*5) hp]{Life Transference}</p></li><li><p><strong>Progress: </strong>@CLOCK[brainwave-clock update 1]{Advance Brainwave Clock}</p></li></ul>",
Lion Dance,
<p>You immediately recover from a single status effect of your choice.</p><hr><ul><li><p><strong>You Spend:</strong> @LOSS[10 mp]</p></li></ul>,
Lively Tone,
<p>Each target gains<strong>【</strong>@EFFECT[@DATA[key.attribute]-up e:sot i:1 t:source]<strong>】</strong>until the <strong>start of your next turn.</strong></p>,
Lunar Magnolia,
Maenad Dance,
<p>Choose another creature that is able to see you. That creature loses an amount of Mind Points equal to your current <strong>Dexterity</strong> die size.</p><hr><ul><li><p><strong>You Spend:</strong> @LOSS[10 mp]</p></li><li><p><strong>Target Loses: </strong>@LOSS[$dex mp]{Dexterity die size MP}</p></li></ul>,
Menacing Tone,
"<p>The <strong>first time</strong> each target suffers damage before the <strong>start of your next turn</strong>, that damage becomes <strong>@ICON[@DATA[key.type]]</strong>.</p><p>This can trigger <strong>once for each target</strong> of the verse, separately.</p>",
Myrmidon Dance,
"<p>Choose one option: you gain Resistance to <strong>earth</strong> damage; <strong>or</strong> all damage dealt by your attacks and spells becomes <strong>earth</strong>.</p><hr><ul><li><p><strong>You Spend:</strong> @LOSS[10 mp]</p></li><li><p><strong>You Receive:</strong> @TYPE[affinity earth resistance e:sot i:1 t:source]{Myrmidon Dance: Resistance}, or@TYPE[damage all earth e:sot i:1 t:source]{Myrmidon Dance: Damage}</p></li></ul>",
Neurophagoida,
"<p>When you use the @UUID[Compendium.projectfu.skills.Item.kpg23Fs85uniba2A]{Biophagy} Skill, you also recover an amount of Mind Points equal to <strong>【4 + (your Skill Level in Theriomorphosis)】</strong>.</p><hr><ul><li><p><strong>You Recover:</strong> @GAIN[4+&sl('theriomorphosis') mp]{4 + (SL in Theriomorphosis) MP}</p></li></ul>",
Nightmare Dance,
"<p>Choose another creature that is able to see you. If that creature is already <span><strong>shaken</strong></span>, they immediately suffer <span><strong>weak</strong></span>.</p><hr><ul><li><p><strong>You Spend:</strong> @LOSS[10 mp]</p></li><li><p><strong>Target Suffers: </strong><span>@EFFECT[weak]</span></p></li></ul>",
Ocean Lotus,
Ouroboros Dance,
<p>Choose one ally you can see who has yet to take a turn during this round. That ally may take their turn immediately after yours during this round.</p><hr><ul><li><p><strong>You Spend:</strong> @LOSS[10 mp]</p></li></ul>,
Peacock Dance,
"<p>Choose another creature that is able to see you. The next time that creature performs an attack or casts an offensive spell ( <span>@ICON[offensive] </span>) during this scene, that attack or spell must include you among its targets if possible.</p><hr><ul><li><p><strong>You Spend:</strong> @LOSS[10 mp]</p></li><li><p><strong>Target Suffers:</strong> @EFFECT[Compendium.projectfu.skills.Item.9b6mngsWCfB7TLa7]{Effect: Peacock Dance}</p></li></ul>",
Phoenix Dance,
"<p>Choose one option: you gain Resistance to <strong>fire</strong> damage; <strong>or</strong> all damage dealt by your attacks and spells becomes <strong>fire</strong>.</p><hr><ul><li><p><strong>You Spend:</strong> @LOSS[10 mp]</p></li><li><p><strong>You Receive:</strong> @TYPE[affinity fire resistance e:sot i:1 t:source]{Phoenix Dance: Resistance}, or @TYPE[damage all fire e:sot i:1 t:source]{Phoenix Dance: Damage}</p></li></ul>",
Photokinesis,
"<p>That damage becomes <strong>dark</strong> or <strong>light</strong>, and its source deals extra damage equal to <strong>【2 + the number of filled sections in your Brainwave Clock】.</strong></p><hr><ul><li><p><strong>You Spend: </strong>@LOSS[max(5, (&cs('brainwave-clock')*5)) mp]{Psychic Gift}</p></li><li><p><strong>You Receive:</strong> @EFFECT[Compendium.projectfu.skills.kwBgOJxf69hODsfJ]{Effect: Photokinesis (Dark)}, or @EFFECT[Compendium.projectfu.skills.jZoViUGfjiiJYHpD]{Effect: Photokinesis (Light)}</p></li><li><p><strong>Progress: </strong>@CLOCK[brainwave-clock update 1]{Advance Brainwave Clock}</p></li></ul>",
Pilgrim Gazalia,
Placophora,
<p>You may treat your Defense score as being equal to <strong>【13 + (half your Skill Level in Theriomorphosis)】</strong>(you may still use your normal scores if better).</p>,
Pneumophora,
"<p><span class=""fontstyle0"">When you deal damage with an attack or spell, you may have all that damage become <strong>air</strong>. While your <strong>unarmed strikes</strong> deal air damage, any enemy who <strong>loses 20 or more Hit Points</strong> due to one of your <strong>unarmed strikes</strong> also suffers <strong>weak</strong>.</span></p><hr><ul><li><p><strong>You Receive: </strong>@TYPE[damage all air]</p></li><li><p><strong>Targets Suffers:</strong> @EFFECT[weak]</p></li></ul>",
Polypoda,
<p>Your attacks with <strong>unarmed strikes</strong> gain <strong>multi (3).</strong></p>,
Prancing Dandelion,
Psychic Backlash,
"<p>That enemy loses an amount of Mind Points equal to <strong>【5 + (the number of filled sections in your Brainwave Clock, multiplied by 5)】</strong>. Then, choose one option: that enemy suffers <strong>dazed</strong>; or that enemy suffers <strong>shaken</strong>.</p><hr><ul><li><p><strong>You Spend: </strong>@LOSS[max(5, (&cs('brainwave-clock')*5)) mp]{Psychic Gift}</p></li><li><p><strong>Target Suffers:</strong> @LOSS[10+(&cs('brainwave-clock')*5) mp]{Psychic Backlash} + @EFFECT[dazed], or @EFFECT[shaken]</p></li><li><p><strong>Progress: </strong>@CLOCK[brainwave-clock update 1]{Advance Brainwave Clock}</p></li></ul>",
Psychic Shield,
"<p>You may treat your Defense and Magic Defense scores as being equal to <strong>【your current Willpower die size + (the number of filled sections in your Brainwave Clock, multiplied by 2)】</strong> against that Check (you may still use your normal scores if better).</p><hr><ul><li><p><strong>You Spend: </strong>@LOSS[max(5, (&cs('brainwave-clock')*5)) mp]{Psychic Gift}</p></li><li><p><strong>You Receive</strong>: @EFFECT[Compendium.projectfu.skills.hNeylrus4Ii8hIKa]{Effect: Psychic Shield}</p></li><li><p><strong>Progress: </strong>@CLOCK[brainwave-clock update 1]{Advance Brainwave Clock}</p></li></ul>",
Pterotheria,
"<p>You are able to fly. In addition to the obvious advantages in mobility, your <strong>melee</strong> attacks can target <strong>flying</strong> creatures and you cannot be targeted by <strong>melee</strong> attacks unless the attacker is flying or is somehow able to reach flying targets.</p><p>These benefits do not apply while you are unable to fly freely (such as when inside a vehicle designed for human-sized creatures, or inside a narrow corridor). Additionally, when you suffer <strong>air</strong>, <strong>bolt</strong> or <strong>ice</strong> damage during a conflict scene, you lose these benefits until the start of your next turn.</p>",
Flying,
Pyrophora,
"<p>When you deal damage with an attack or spell, you may have all that damage become <strong>fire</strong>. While your <strong>unarmed strikes</strong> deal <strong>fire</strong> damage, any enemy who loses 20 or more Hit Points due to one of your <strong>unarmed strikes</strong> also suffers <strong>dazed</strong>.</p><hr><ul><li><p><strong>You Receive:</strong> @TYPE[damage all fire]</p></li><li><p><strong>Targets Suffers:</strong> @EFFECT[dazed]</p></li></ul>",
Reassuring Presence,
"<p>That ally recovers an amount of Mind Points equal to <strong>【10 + (the number of filled sections in your Brainwave Clock, multiplied by 5)】</strong>. If that ally is your <strong>focus</strong>, they heal from a single status effect of their choice out of <strong>dazed</strong>, <strong>enraged</strong>, and <strong>shaken</strong>.</p><hr><ul><li><p><strong>Cost: </strong>@LOSS[max(5, (&cs('brainwave-clock')*5)) mp]{Psychic Gift}</p></li><li><p><strong>Ally Recovers:</strong> @GAIN[10+(&cs('brainwave-clock')*5) mp]{Reassuring Presence}</p></li><li><p><strong>Progress: </strong>@CLOCK[brainwave-clock update 1]{Advance Brainwave Clock}</p></li></ul>",
Regal Protea,
Remedy Lily,
Satyr Dance,
"<p>Choose another creature that is able to see you. If that creature is already <strong>weak</strong>, they immediately suffer <strong>dazed</strong>.</p><hr><ul><li><p><strong>You Spend:</strong> @LOSS[10 mp]</p></li><li><p><strong>Target Suffers: </strong>@EFFECT[dazed]</p></li></ul>",
Serrated Rose,
Silver Strelitzia,
Solemn Tone,
<p>Each <strong>target recovers</strong> from<strong> @EFFECT[@DATA[key.status]] </strong>and <strong>also gains</strong> @TYPE[affinity @DATA[key.type] resistance e:sot i:1 t:source]{Solemn Tone}<strong> </strong>until the <strong>start of your next turn</strong>.</p>,
Star Peony,
Striped Orchid,
Symbol of Binding,
"<p>The <strong>current </strong>Attribute die sizes of the creature bearing this <strong>symbol </strong>can <strong>never </strong>be <strong>higher </strong>than that creature’s corresponding <strong>base </strong>Attribute die sizes (this does <strong>not</strong> end any spells or effects, but it will negate their influence over the creature’s Attributes).</p><hr><ul><li><p><strong>You Spend: </strong>@LOSS[2 ip]</p></li><li><p><strong>Target Receive:</strong> @EFFECT[Compendium.projectfu.skills.Item.lknSsGUWuf9a3PGZ], @EFFECT[Compendium.projectfu.skills.Item.7E1mq6AqtWcpG0Up], @EFFECT[Compendium.projectfu.skills.Item.qX8rQk494a7xgl2d], or @EFFECT[Compendium.projectfu.skills.Item.lY17cLaG4mjIGqIc]</p></li></ul>",
Symbol of Creation,
"<p>When the creature bearing this <strong>symbol </strong>needs to spend Inventory Points during a conflict, they may instead destroy this <strong>symbol </strong>to spend no Inventory Points.</p><hr><ul><li><p><strong>You Spend: </strong>@LOSS[2 ip]</p></li><li><p><strong>Target Receive:</strong> @EFFECT[Compendium.projectfu.skills.Item.Sw3nfGBfP09LxxTo]</p></li></ul>",
Symbol of Despair,
"<p>When the creature bearing this <strong>symbol </strong>recovers Hit Points and/or Mind Points during conflicts, instead they only recover <strong>half </strong>the normal amount of Hit Points and/or Mind Points, respectively.</p><hr><ul><li><p><strong>You Spend: </strong>@LOSS[2 ip]</p></li><li><p><strong>Target Receive:</strong> @EFFECT[Compendium.projectfu.skills.Item.MYSEZ2cBLYO5yqkL]</p></li></ul>",
Symbol of Destiny,
"<p>After the creature bearing this <strong>symbol </strong>makes a Check, if you are able to see them, you may spend 1 Fabula Point to force that creature to reroll both dice. You may only do so once per Check, and only if the Result was not a <strong>critical success</strong> or <strong>fumble</strong>.</p><hr><ul><li><p><strong>You Spend: </strong>@LOSS[2 ip] and @LOSS[1 fp]</p></li><li><p><strong>Target Receive:</strong> @EFFECT[Compendium.projectfu.skills.Item.DeP3zdCRSwwMbKmX]</p></li></ul>",
Symbol of Elements,
"<p>When you create this <strong>symbol</strong>, choose a damage type: <strong>air</strong>, <strong>bolt</strong>, <strong>dark</strong>, <strong>earth</strong>, <strong>fire</strong>, <strong>ice</strong>, <strong>light</strong>, or <strong>poison</strong>. When the creature bearing this <strong>symbol</strong> deals damage to one or more creatures, if you can see the creature bearing this <strong>symbol</strong>, you may spend an amount of Mind Points equal to <strong>one third of the total damage being inflicted to those creatures</strong> (including any sources of extra damage). If you do, all damage dealt this way changes type to the type chosen when you created this <strong>symbol</strong>.</p><hr><ul><li><p><strong>You Spend: </strong>@LOSS[2 ip]</p></li><li><p><strong>Target Receive:</strong> @EFFECT[Compendium.projectfu.skills.Item.GtND52KQayslVMr8]</p></li></ul>",
Symbol of Enmity,
"<p>As long as the creature bearing this <strong>symbol</strong> is in <strong>Crisis</strong>, any of that creature’s enemies who are able to see them must include them among the targets of their attacks and offensive spells ( @ICON[offensive] ), if possible.</p><hr><ul><li><p><strong>You Spend: </strong>@LOSS[2 ip]</p></li><li><p><strong>Target Receive:</strong> @EFFECT[Compendium.projectfu.skills.Item.9Itxh0JRWMOSz58v]</p></li></ul>",
Symbol of Flux,
"<p>When you create this symbol, choose a status effect: <strong>dazed</strong>, <strong>shaken</strong>, <strong>slow</strong>, or <strong>weak</strong>. Then, choose one option: the creature bearing this symbol gains immunity to the chosen status effect; <strong>or</strong> the creature bearing this symbol loses immunity to the chosen status effect and cannot gain it.</p><hr><ul><li><p><strong>You Spend: </strong>@LOSS[2 ip]</p></li><li><p><strong>Target Receive:</strong> @EFFECT[Compendium.projectfu.actor-effects.Item.Ki4ReDF50Qs3Ec4B]{Effect: Symbol of Flux (Dazed Immunity)}, @EFFECT[Compendium.projectfu.actor-effects.Item.zSg3jNvLG1FtqOAz]{Effect: Symbol of Flux (Shaken Immunity)}, @EFFECT[Compendium.projectfu.actor-effects.Item.QWbVVZRRKhxwjQAp]{Effect: Symbol of Flux (Slow Immunity)}, or @EFFECT[Compendium.projectfu.actor-effects.Item.azrYbcObDaVQ5GBG]{Effect: Symbol of Flux (Weak Immunity)}</p></li></ul><p></p>",
Symbol of Forbiddance,
"<p>When you create this symbol, choose an action type: <strong>Attack, Guard, Objective, Spell,</strong> or <strong>Skill</strong>. When the creature bearing this <strong>symbol</strong> performs the chosen action, they lose 5 Hit Points and 5 Mind Points (<strong>before</strong> performing that action). Both amounts increase to 10 if you are <strong>level 20 or higher</strong>, or to 20 if you are <strong>level 40 or higher</strong>.</p><hr><ul><li><p><strong>You:</strong> @LOSS[2 ip]</p></li><li><p><strong>Target Loses: </strong>@LOSS[&step(5,10,20) hp]{5/10/20 HP}, and @LOSS[&step(5,10,20) mp]{5/10/20 MP}</p></li><li><p><strong>Target Receive:</strong> @EFFECT[Compendium.projectfu.skills.Item.JVYPNQEFS4xHxy5y]{Effect: Symbol of Forbiddance}</p></li></ul>",
Symbol of Growth,
<p>Spells with a <strong>target</strong> of “Up to three creatures” cast by the creature bearing this <strong>symbol</strong> have a <strong>target</strong> of “Up to four creatures” instead. The creature still needs to spend additional Mind Points for a fourth target.</p><hr><ul><li><p><strong>You Spend: </strong>@LOSS[2 ip]</p></li><li><p><strong>Target Receive:</strong> @EFFECT[Compendium.projectfu.skills.Item.YtgyBRBBi9tBoJ4H]{Effect: Symbol of Growth}</p></li></ul>,
Symbol of Metamorphosis,
"<p>When you create this <strong>symbol</strong>, choose a Species: <strong>beast</strong>, <strong>construct</strong>, <strong>demon</strong>, <strong>elemental</strong>, <strong>monster</strong>, <strong>plant</strong>, or <strong>undead</strong>. The creature bearing this <strong>symbol</strong> is treated as belonging to the chosen Species for the sake of Skills and effects, instead of their normal Species (this does <strong>not</strong> otherwise alter any of the creature’s profile, such as their Affinities or any special rules they may have). This <strong>symbol cannot</strong> be applied to Player Characters.</p><hr><ul><li><p><strong>You Spend: </strong>@LOSS[2 ip]</p></li><li><p><strong>Target Receive:</strong> @EFFECT[Compendium.projectfu.skills.Item.gyTLuhExw4Rn2InK]{Effect: Symbol of Metamorphosis}</p></li></ul>",
Symbol of Prosperity,
"<p>When the creature bearing this <strong>symbol</strong> spends 1 Fabula Point to <strong>invoke a Trait or Bond</strong>, they also receive 100 zenit.</p><hr><ul><li><p><strong>You Spend: </strong>@LOSS[2 ip]</p></li><li><p><strong>Target Receive:</strong> @EFFECT[Compendium.projectfu.skills.Item.EYyJjUSLrW8HcmA3]{Effect: Symbol of Prosperity}</p></li></ul>",
"<p>When the creature bearing this <strong>symbol</strong> spends @LOSS[1 fp] to <strong>invoke a Trait or Bond</strong>, they also receive @GAIN[100 zenit].</p>",
Symbol of Protection,
"<p>When you create this <strong>symbol</strong>, choose a damage type: <strong>air</strong>, <strong>bolt</strong>, <strong>dark</strong>, <strong>earth</strong>, <strong>fire</strong>, <strong>ice</strong>, <strong>light</strong>, or <strong>poison</strong>. The creature bearing this <strong>symbol</strong> <strong>gains Resistance</strong> to the chosen damage type.</p><hr><ul><li><p><strong>You Spend: </strong>@LOSS[2 ip]</p></li><li><p><strong>Target Receive:</strong> @TYPE[affinity air resistance]{Effect: Symbol of Protection (Air)}, @TYPE[affinity bolt resistance]{Effect: Symbol of Protection (Bolt)}, @TYPE[affinity dark resistance]{Effect: Symbol of Protection (Dark)}, @TYPE[affinity earth resistance]{Effect: Symbol of Protection (Fire)}, @TYPE[affinity ice resistance]{Effect: Symbol of Protection (Ice)}, @TYPE[affinity light resistance]{Effect: Symbol of Protection (Light)}, or @TYPE[affinity poison resistance]{Effect: Symbol of Protection (Poison)},</p></li></ul>",
"<p>When you create this <strong>symbol</strong>, choose a damage type: <strong>air</strong>, <strong>bolt</strong>, <strong>dark</strong>, <strong>earth</strong>, <strong>fire</strong>, <strong>ice</strong>, <strong>light</strong>, or <strong>poison</strong>. The creature bearing this <strong>symbol</strong> <strong>gains Resistance</strong> to the chosen damage type.</p><hr /><p>@UUID[Compendium.projectfu.actor-effects.Item.3tMyw1mCjd7SfGTD]{Air Resistance} @UUID[Compendium.projectfu.actor-effects.Item.QrEztsujMpK33cpj]{Bolt Resistance} @UUID[Compendium.projectfu.actor-effects.Item.fBbLvII5LUEqInQQ]{Dark Resistance} @UUID[Compendium.projectfu.actor-effects.Item.H3SJ1fej3GSyHdKG]{Earth Resistance} @UUID[Compendium.projectfu.actor-effects.Item.FAfKTXxluiqIVP5t]{Fire Resistance} @UUID[Compendium.projectfu.actor-effects.Item.SWdZeuJTEq1ig6S8]{Ice Resistance} @UUID[Compendium.projectfu.actor-effects.Item.Xab6AwcRhoxVhygu]{Light Resistance} @UUID[Compendium.projectfu.actor-effects.Item.3xPA7x9S3fggYHkX]{Poison Resistance}</p>",
Symbol of Rebellion,
"<p>If a <strong>Villain</strong> is present on the scene, any Opposed Checks made by the creature bearing this <strong>symbol</strong> trigger a <strong>critical success</strong> when both dice show the same number (as long as the Check is not a <strong>fumble</strong>).</p><hr><ul><li><p><strong>You Spend: </strong>@LOSS[2 ip]</p></li><li><p><strong>Target Receive:</strong> @EFFECT[Compendium.projectfu.skills.Item.CDC3VvFP8ZTCuxXk]{Effect: Symbol of Rebellion}</p></li></ul>",
"<p>If a <strong>Villain</strong> is present on the scene, any Opposed Checks made by the creature bearing this <strong>symbol</strong> trigger a <strong>critical success</strong> when both dice show the same number (as long as the Check is not a <strong>fumble</strong>).</p>",
Symbol of Rebirth,
"<p><span style=""font-family: 'PT Sans Narrow', sans-serif"">If the creature bearing this </span><span class=""fontstyle2"" style=""box-sizing: border-box; user-select: text; margin: 0px; padding: 0px;""><span style=""font-family: 'PT Sans Narrow', sans-serif""><strong style=""box-sizing: border-box; user-select: text; margin: 0px; padding: 0px; color: rgb(25, 24, 19); font-family: 'PT Sans Narrow', sans-serif; font-size: 16px; font-style: normal; font-variant-ligatures: normal; font-variant-caps: normal; letter-spacing: normal; orphans: 2; text-align: start; text-indent: 0px; text-transform: none; white-space: normal; widows: 2; word-spacing: 0px; -webkit-text-stroke-width: 0px; text-decoration-thickness: initial; text-decoration-style: initial; text-decoration-color: initial;"">symbol </strong></span></span><span style=""font-family: 'PT Sans Narrow', sans-serif"">is about to be reduced to 0 Hit Points, they may destroy this </span><span class=""fontstyle2"" style=""box-sizing: border-box; user-select: text; margin: 0px; padding: 0px;""><span style=""font-family: 'PT Sans Narrow', sans-serif""><strong style=""box-sizing: border-box; user-select: text; margin: 0px; padding: 0px; color: rgb(25, 24, 19); font-family: 'PT Sans Narrow', sans-serif; font-size: 16px; font-style: normal; font-variant-ligatures: normal; font-variant-caps: normal; letter-spacing: normal; orphans: 2; text-align: start; text-indent: 0px; text-transform: none; white-space: normal; widows: 2; word-spacing: 0px; -webkit-text-stroke-width: 0px; text-decoration-thickness: initial; text-decoration-style: initial; text-decoration-color: initial;"">symbol</strong></span></span><span style=""font-family: 'PT Sans Narrow', sans-serif"">: if they do, they are instead reduced to exactly 1 Hit Point. </span></p><hr><ul><li><p><strong>You Spend: </strong>@LOSS[2 ip]</p></li><li><p><strong>Target Recovers: </strong><span style=""font-family: 'PT Sans Narrow', sans-serif"">@EFFECT[Compendium.projectfu.skills.PKduzohKSvwQRaa1]{Effect: Symbol of Rebirth}</span></p></li></ul>",
"<p><span style=""font-family:'PT Sans Narrow', sans-serif"">If the creature bearing this </span><span class=""fontstyle2"" style=""box-sizing:border-box;user-select:text;margin:0px;padding:0px""><span style=""font-family:'PT Sans Narrow', sans-serif""><strong style=""box-sizing:border-box;user-select:text;margin:0px;padding:0px;color:rgb(25, 24, 19);font-family:'PT Sans Narrow', sans-serif;font-size:16px;font-style:normal;font-variant-ligatures:normal;font-variant-caps:normal;letter-spacing:normal;orphans:2;text-align:start;text-indent:0px;text-transform:none;white-space:normal;widows:2;word-spacing:0px;-webkit-text-stroke-width:0px;text-decoration-thickness:initial;text-decoration-style:initial;text-decoration-color:initial"">symbol </strong></span></span><span style=""font-family:'PT Sans Narrow', sans-serif"">is about to be reduced to 0 Hit Points, they may destroy this </span><span class=""fontstyle2"" style=""box-sizing:border-box;user-select:text;margin:0px;padding:0px""><span style=""font-family:'PT Sans Narrow', sans-serif""><strong style=""box-sizing:border-box;user-select:text;margin:0px;padding:0px;color:rgb(25, 24, 19);font-family:'PT Sans Narrow', sans-serif;font-size:16px;font-style:normal;font-variant-ligatures:normal;font-variant-caps:normal;letter-spacing:normal;orphans:2;text-align:start;text-indent:0px;text-transform:none;white-space:normal;widows:2;word-spacing:0px;-webkit-text-stroke-width:0px;text-decoration-thickness:initial;text-decoration-style:initial;text-decoration-color:initial"">symbol</strong></span></span><span style=""font-family:'PT Sans Narrow', sans-serif"">: if they do, they are instead reduced to exactly @GAIN[1 hp]. </span></p>",
Symbol of Revenge,
"<p>When a creature in <strong>Crisis</strong> hits the creature bearing this <strong>symbol</strong> with an attack or offensive spell ( @ICON[offensive] ), the creature in Crisis recovers 5 Hit Points and 5 Mind Points.</p><hr><ul><li><p><strong>You Spend: </strong>@LOSS[2 ip]</p></li><li><p><strong>Target Receive:</strong> @EFFECT[Compendium.projectfu.skills.Item.k0yGhYRLGR4XuqU6]{Effect: Symbol of Revenge}</p></li></ul>",
Symbol of Sacrifice,
"<p>When the creature bearing this <strong>symbol</strong> suffers damage, if you are able to see them, you may destroy this <strong>symbol</strong>: if you do, you suffer the same amount of damage instead of that creature.</p><hr><ul><li><p><strong>You Spend: </strong>@LOSS[2 ip]</p></li><li><p><strong>Target Receive:</strong> @EFFECT[Compendium.projectfu.skills.Item.O8wUtXymIN3rrFNz]{Effect: Symbol of Sacrifice}</p></li></ul>",
"<p>When the creature bearing this <strong>symbol</strong> suffers damage, if you are able to see them, you may destroy this <strong>symbol</strong>: if you do, you suffer the same amount of damage instead of that creature.</p>",
Symbol of Sorcery,
"<p>The total Mind Point cost of spells that target the creature bearing this <strong>symbol</strong> is reduced by 5 MP (to a minimum total cost of 5 MP). If a spell targets multiple creatures bearing this <strong>symbol</strong>, the effect will be <strong>cumulative</strong>.</p><hr><ul><li><p><strong>You Spend: </strong>@LOSS[2 ip]</p></li><li><p><strong>Target Receive:</strong> @EFFECT[Compendium.projectfu.skills.Item.rvc4RnJ3OzuDuTiu]{Effect: Symbol of Sorcery}</p></li></ul>",
"<p>The total Mind Point cost of spells that target the creature bearing this <strong>symbol</strong> is reduced by 5 MP (to a minimum total cost of 5 MP). If a spell targets multiple creatures bearing this <strong>symbol</strong>, the effect will be <strong>cumulative</strong>.</p>",
Symbol of Truth,
"<p>Checks performed to examine or locate the creature bearing this <strong>symbol</strong>, as well as Accuracy Checks and Magic Checks for attacks and offensive spells ( @ICON[offensive] ) that include the creature bearing this <strong>symbol</strong> among their targets, gain a +2 bonus. If an attack or spell targets multiple creatures bearing this <strong>symbol</strong>, the effect will be <strong>cumulative</strong>.</p><hr><ul><li><p><strong>You Spend: </strong>@LOSS[2 ip]</p></li><li><p><strong>Target Receive:</strong> @EFFECT[Compendium.projectfu.skills.Item.qMUUYxxeMN8nFWG9]{Effect: Symbol of Truth}</p></li></ul>",
Symbol of Weakness,
"<p>When you create this <strong>symbol</strong>, choose a damage type: <strong>air</strong>, <strong>bolt</strong>, <strong>dark</strong>, <strong>earth</strong>, <strong>fire</strong>, <strong>ice</strong>, <strong>light</strong>, or <strong>poison</strong>. The creature bearing this <strong>symbol</strong> suffers 5 extra damage from sources dealing damage of the chosen type.</p><hr><ul><li><p><strong>You Spend: </strong>@LOSS[2 ip]</p></li><li><p><strong>Target Suffers: </strong>@EFFECT[Compendium.projectfu.actor-effects.aI4tsuVswH5gfGab]{Effect: Symbol of Weakness (Air)}, @EFFECT[Compendium.projectfu.actor-effects.MRNCMGIcZStGVV9J]{Effect: Symbol of Weakness (Bolt)}, @EFFECT[Compendium.projectfu.actor-effects.zFQpa3KcSAmBCWdE]{Effect: Symbol of Weakness (Dark)}, @EFFECT[Compendium.projectfu.actor-effects.YpXM5ClzMzIcwCgd]{Effect: Symbol of Weakness (Earth}, @EFFECT[Compendium.projectfu.actor-effects.dAFACJSQzCbcU9We]{Effect: Symbol of Weakness (Fire)}, @EFFECT[Compendium.projectfu.actor-effects.BVOW692emrw4yxR0]{Effect: Symbol of Weakness (Ice)}, @EFFECT[Compendium.projectfu.actor-effects.aPBdnNy1hA8aRctl]{Effect: Symbol of Weakness (Light)}, or @EFFECT[Compendium.projectfu.actor-effects.2sXIFIXiWxRHt8CP]{Effect: Symbol of Weakness (Poison)}</p></li></ul>",
"<p>When you create this <strong>symbol</strong>, choose a damage type: <strong>air</strong>, <strong>bolt</strong>, <strong>dark</strong>, <strong>earth</strong>, <strong>fire</strong>, <strong>ice</strong>, <strong>light</strong>, or <strong>poison</strong>. The creature bearing this <strong>symbol</strong> suffers 5 extra damage from sources dealing damage of the chosen type.</p>",
Tachytheria,
"<p>You treat your <strong>Dexterity</strong> as if it were one die size higher (to a maximum of <strong>d12</strong>).</p><p>When you succeed on a Check to advance or turn back a Clock, if that Check includes <strong>Dexterity</strong>, you may fill or erase 1 additional section of that Clock.</p><hr><ul><li><p><strong>You Receive: </strong>@EFFECT[dex-up]</p></li></ul>",
Thermokinesis,
"<p>That damage becomes <strong>fire</strong> or <strong>ice</strong>, and its source deals extra damage equal to <strong>【2 + the number of filled sections in your Brainwave Clock】</strong>.</p><hr><ul><li><p><strong>You Spend: </strong>@LOSS[max(5, (&cs('brainwave-clock')*5)) mp]{Psychic Gift}</p></li><li><p><strong>You Receive:</strong> @EFFECT[Compendium.projectfu.skills.UhniAQTvRDymARwH]{Effect: Thermokinesis (Fire)}, or @EFFECT[Compendium.projectfu.skills.ECmYpql8h2JfWAff]{Effect: Thermokinesis (Ice)}</p></li><li><p><strong>Progress: </strong>@CLOCK[brainwave-clock update 1]{Advance Brainwave Clock}</p></li></ul>",
Toxicophora,
"<p>When you deal damage with an attack or spell, you may have all that damage become <strong>poison</strong>. While your <strong>unarmed strikes</strong> deal poison damage, any enemy who <strong>loses 20 or more Hit Points</strong> due to one of your <strong>unarmed strikes</strong> also suffers <strong>poisoned</strong>.</p><hr><ul><li><p><strong>You Receive:</strong> @TYPE[damage all poison]</p></li><li><p><strong>Targets Suffers:</strong> @EFFECT[poisoned]</p></li></ul>",
Unicorn Dance,
"<p>Choose an ally that is able to see you and has a Bond towards you: you and that ally both recover an amount of Hit Points equal to your current <strong>Dexterity</strong> die size.</p><p>The restored amount increases by 5 Hit Points if you are <strong>level 20 or higher</strong>, or by 10 Hit Points if you are <strong>level 40 or higher</strong>.</p><hr><ul><li><p><strong>You Spend:</strong> @LOSS[10 mp]</p></li><li><p><strong>Targets Recover: </strong>@GAIN[$dex+&step(0,5,10) hp]{Dexterity die size HP}</p></li></ul>",
Verse,
Wardwattle,
Wrathful Carnation,
Yeti Dance,
"<p>Choose one option: you gain Resistance to <strong>ice</strong> damage; <strong>or</strong> all damage dealt by your attacks and spells becomes <strong>ice</strong>.</p><hr><ul><li><p><strong>You Spend:</strong> @LOSS[10 mp]</p></li><li><p><strong>You Receive:</strong> @TYPE[affinity ice resistance e:sot i:1 t:source]{Yeti Dance: Resistance}, or @TYPE[damage all ice e:sot i:1 t:source]{Yeti Dance: Damage}</p></li></ul>",
Cognitive Focus (Check Bonus),
"<p>You gain a bonus equal to <strong>【SL】</strong> to Checks you perform to examine your <strong>focus</strong>, as well as to your Accuracy Checks and Magic Checks for attacks and offensive spells ( <span>@ICON[offensive] </span>) that include your <strong>focus</strong> among the targets.</p>",
Effect: Aero Hex,
"<p><span class=""fontstyle0"">Until the start of your next turn, the target suffers 5 extra damage from all sources that deal </span><span class=""fontstyle2""><strong>bolt</strong> </span><span class=""fontstyle0"">and </span><span class=""fontstyle2""><strong>fire</strong> </span><span class=""fontstyle0"">damage.</span></p>",
Effect: Akromorphosis,
"<p>Your <strong>unarmed strikes</strong> deal <strong>【6 + (SL × 2)】</strong> extra damage, and you gain a bonus equal to <strong>【SL】</strong> to your Accuracy Checks with them.</p>",
Effect: Atmokinesis (Air),
Atmokinesis (Air),
Effect: Atmokinesis (Bolt),
Atmokinesis (Bolt),
Effect: Bishop's Edict (Extra Damage),
<p>All sources of damage deal <strong>【SL × 3】</strong> extra damage. The chosen effect lasts until the start of your next turn.</p>,
Effect: Breach,
Breach,
"<p>Whenever you suffer damage from a source before the start of your next turn, that source deals <strong>【SL × 2】</strong> extra damage to you.</p>",
Effect: Cognitive Focus,
Cognitive Focus,
"<p>When the source of this effect causes you to <strong>recover hit points </strong>and/or <strong>mind points</strong>, you also recover additional HP and/or MP, respectively:</p><ul><li><p><strong>You Recover: </strong>@GAIN[2*(~&amp;sl('cognitive-focus')) hp] <strong>and/or</strong> @GAIN[2*~&amp;sl('cognitive-focus')) mp]</p></li></ul><p></p>",
Effect: Electro Hex,
"<p><span class=""fontstyle0"">Until the start of your next turn, the target suffers 5 extra damage from all sources that deal </span><span class=""fontstyle2""><strong>earth</strong> </span><span class=""fontstyle0"">and </span><span class=""fontstyle2""><strong>fire</strong> </span><span class=""fontstyle0"">damage.</span></p>",
Effect: For Whom The Bell Tolls,
"<p>When you <strong>deal damage to a creature with a spell</strong>, if that spell <strong>only deals damage to that creature</strong>, you may spend 1 Grave Point. If you do, choose one option: if that creature is suffering from one or more status effects, the spell deals extra damage equal to <strong>【(SL × 2) + the number of status effects on that creature】.</strong></p>",
Effect: Geo Hex,
"<p><span class=""fontstyle0"">Until the start of your next turn, the target suffers 5 extra damage from all sources that deal </span><span class=""fontstyle2""><strong>air</strong> </span><span class=""fontstyle0"">and </span><span class=""fontstyle2""><strong>ice</strong> </span><span class=""fontstyle0"">damage.</span></p>",
Effect: Gravitokinesis (Earth),
Gravitokinesis (Earth),
Effect: Gravitokinesis (Physical),
Gravitokinesis (Physical),
Effect: Hawkeye (Range Weapon Up),
"<p>When you perform the <strong>Guard</strong> action, if you choose <strong>not</strong> to provide cover to another creature, you may choose one option: the next <strong>ranged</strong> attack you perform before the end of the current scene will deal <strong>【SL × 2】</strong> extra damage.</p>",
Effect: Heart in the Engine (Defensive),
"<p><span>The next time you suffer damage before the start of your next turn, that damage is reduced by <strong>【SL × 2】</strong> (applied before damage Affinities).</span></p>",
Effect: Heart in the Engine (Offensive),
"<p><span>The next time you deal damage during this turn, deal <strong>【SL × 2】</strong> extra damage.</span></p>",
Effect: Hookleaf Nightshade,
<p>You deal extra damage equal to <strong>【your Skill Level in Chloromancy】.</strong></p>,
Effect: Hydra Dance,
"<p>After you <strong>suffer</strong> <strong>damage</strong>, choose one option: you recover @GAIN[5 hp], or you recover @GAIN[5 mp].</p>",
Effect: Hydro Hex,
"<p><span class=""fontstyle0"">Until the start of your next turn, the target suffers 5 extra damage from all sources that deal </span><span class=""fontstyle2""><strong>air</strong> </span><span class=""fontstyle0"">and </span><span class=""fontstyle2""><strong>bolt</strong> </span><span class=""fontstyle0"">damage.</span></p>",
Effect: King's Castle (Extra MP),
Effect: King's Castle,
"<p><span class=""fontstyle0"">All effects that restore Mind Points restore </span><span class=""fontstyle3""><strong>【</strong></span><span class=""fontstyle2""><strong>SL × 5</strong></span><span class=""fontstyle3""><strong>】</strong></span><span class=""fontstyle0"">additional Mind Points. The chosen effect lasts until the start of your next turn.</span> </p>",
Effect: Peacock Dance,
"<p>Choose another creature that is able to see you. The next time that creature performs an attack or casts an offensive spell ( <span>@ICON[offensive] </span>) during this scene, that attack or spell must include you among its targets if possible.</p>",
Effect: Photokinesis (Dark),
Photokinesis (Dark),
Effect: Photokinesis (Light),
Photokinesis (Light),
Effect: Provoke,
"<p>You are compelled to focus your attention on the character who provoked you.</p><p><em>For automation purposes, add </em>@EFFECT[Compendium.projectfu.conditions-effects.vuJGp3kTdnZeEqQO]<em> separately.</em></p>",
Effect: Psychic Shield,
Effect: Pyro Hex,
"<p><span class=""fontstyle0"">Until the start of your next turn, the target suffers 5 extra damage from all sources that deal </span><span class=""fontstyle2""><strong>earth</strong> </span><span class=""fontstyle0"">and </span><span class=""fontstyle2""><strong>ice</strong> </span><span class=""fontstyle0"">damage.</span></p>",
Effect: Resonance Damage,
<p>You suffer<strong>【SL】</strong>extra from the dancer's allies due to @UUID[Compendium.projectfu.skills.kdL9oQYefqNlWqyD]{Resonance}.</p>,
Effect: Sound Barrier,
"<p>After you sing a <strong>verse</strong> with <strong>medium</strong> or <strong>high volume</strong>, all <strong>physical</strong> damage you suffer until the start of your next turn is reduced by <strong>【SL】</strong> (applied <strong>before</strong> Affinities).</p>",
Effect: Symbol of Binding (DEX),
"<p>The <strong>current </strong>Attribute die sizes of the creature bearing this <strong>symbol </strong>can <strong>never </strong>be <strong>higher </strong>than that creature’s corresponding <strong>base </strong>Attribute die sizes (this does <strong>not</strong> end any spells or effects, but it will negate their influence over the creature’s Attributes).</p>",
Effect: Symbol of Binding (INS),
Effect: Symbol of Binding (MIG),
Effect: Symbol of Binding (WLP),
Effect: Symbol of Creation,
"<p>When the creature bearing this <strong>symbol </strong>needs to spend Inventory Points during a conflict, they may instead destroy this <strong>symbol </strong>to spend no Inventory Points.</p>",
Effect: Symbol of Despair,
"<p>When the creature bearing this <strong>symbol </strong>recovers Hit Points and/or Mind Points during conflicts, instead they only recover <strong>half </strong>the normal amount of Hit Points and/or Mind Points, respectively.</p>",
Effect: Symbol of Destiny,
"<p>After the creature bearing this <strong>symbol </strong>makes a Check, if you are able to see them, you may spend @LOSS[1 fp] to force that creature to reroll both dice. You may only do so once per Check, and only if the Result was not a <strong>critical success</strong> or <strong>fumble</strong>.</p>",
Effect: Symbol of Elements,
"<p>When you create this <strong>symbol</strong>, choose a damage type: <strong>air</strong>, <strong>bolt</strong>, <strong>dark</strong>, <strong>earth</strong>, <strong>fire</strong>, <strong>ice</strong>, <strong>light</strong>, or <strong>poison</strong>. When the creature bearing this <strong>symbol</strong> deals damage to one or more creatures, if you can see the creature bearing this <strong>symbol</strong>, you may spend an amount of Mind Points equal to <strong>one third of the total damage being inflicted to those creatures</strong> (including any sources of extra damage). If you do, all damage dealt this way changes type to the type chosen when you created this <strong>symbol</strong>.</p>",
Effect: Symbol of Enmity,
"<p>As long as the creature bearing this <strong>symbol</strong> is in <strong>Crisis</strong>, any of that creature’s enemies who are able to see them must include them among the targets of their attacks and offensive spells ( @ICON[offensive] ), if possible.</p>",
Effect: Symbol of Forbiddance,
"<p>When you create this symbol, choose an action type: <strong>Attack, Guard, Objective, Spell,</strong> or <strong>Skill</strong>. When the creature bearing this <strong>symbol</strong> performs the chosen action, they lose 5 Hit Points and 5 Mind Points (<strong>before</strong> performing that action). Both amounts increase to 10 if you are <strong>level 20 or higher</strong>, or to 20 if you are <strong>level 40 or higher</strong>.</p>",
Effect: Symbol of Growth,
<p>Spells with a <strong>target</strong> of “Up to three creatures” cast by the creature bearing this <strong>symbol</strong> have a <strong>target</strong> of “Up to four creatures” instead. The creature still needs to spend additional Mind Points for a fourth target.</p>,
Effect: Symbol of Metamorphosis,
"<p>When you create this <strong>symbol</strong>, choose a Species: <strong>beast</strong>, <strong>construct</strong>, <strong>demon</strong>, <strong>elemental</strong>, <strong>monster</strong>, <strong>plant</strong>, or <strong>undead</strong>. The creature bearing this <strong>symbol</strong> is treated as belonging to the chosen Species for the sake of Skills and effects, instead of their normal Species (this does <strong>not</strong> otherwise alter any of the creature’s profile, such as their Affinities or any special rules they may have). This <strong>symbol cannot</strong> be applied to Player Characters.</p>",
Effect: Symbol of Prosperity,
Effect: Symbol of Rebellion,
Effect: Symbol of Rebirth,
"<p><span style=""font-family:'PT Sans Narrow', sans-serif"">If the creature bearing this </span><span class=""fontstyle2"" style=""box-sizing:border-box;user-select:text;margin:0px;padding:0px""><span style=""font-family:'PT Sans Narrow', sans-serif""><strong style=""box-sizing:border-box;user-select:text;margin:0px;padding:0px;color:rgb(25, 24, 19);font-family:'PT Sans Narrow', sans-serif;font-size:16px;font-style:normal;font-variant-ligatures:normal;font-variant-caps:normal;letter-spacing:normal;orphans:2;text-align:start;text-indent:0px;text-transform:none;white-space:normal;widows:2;word-spacing:0px;-webkit-text-stroke-width:0px;text-decoration-thickness:initial;text-decoration-style:initial;text-decoration-color:initial"">symbol </strong></span></span><span style=""font-family:'PT Sans Narrow', sans-serif"">is about to be reduced to 0 Hit Points, they may destroy this </span><span class=""fontstyle2"" style=""box-sizing:border-box;user-select:text;margin:0px;padding:0px""><span style=""font-family:'PT Sans Narrow', sans-serif""><strong style=""box-sizing:border-box;user-select:text;margin:0px;padding:0px;color:rgb(25, 24, 19);font-family:'PT Sans Narrow', sans-serif;font-size:16px;font-style:normal;font-variant-ligatures:normal;font-variant-caps:normal;letter-spacing:normal;orphans:2;text-align:start;text-indent:0px;text-transform:none;white-space:normal;widows:2;word-spacing:0px;-webkit-text-stroke-width:0px;text-decoration-thickness:initial;text-decoration-style:initial;text-decoration-color:initial"">symbol</strong></span></span><span style=""font-family:'PT Sans Narrow', sans-serif"">: if they do, they are instead reduced to exactly @GAIN[1 hp].</span></p>",
Effect: Symbol of Revenge,
"<p>When a creature in <strong>Crisis</strong> hits the creature bearing this <strong>symbol</strong> with an attack or offensive spell ( @ICON[offensive] ), the creature in <strong>Crisis</strong> recovers @GAIN[5 hp] and @GAIN[5 mp].</p>",
Effect: Symbol of Sacrifice,
Effect: Symbol of Sorcery,
Effect: Symbol of Truth,
"<p>Checks performed to examine or locate the creature bearing this <strong>symbol</strong>, as well as Accuracy Checks and Magic Checks for attacks and offensive spells ( @ICON[offensive] ) that include the creature bearing this <strong>symbol</strong> among their targets, gain a +2 bonus. If an attack or spell targets multiple creatures bearing this <strong>symbol</strong>, the effect will be <strong>cumulative</strong>.</p>",
Effect: Thermokinesis (Fire),
Thermokinesis (Fire),
Effect: Thermokinesis (Ice),
Thermokinesis (Ice),
Effect: Wrathful Carnation,
"<p>When this <strong>magiseed</strong> leaves your <strong>garden</strong>, choose up to one enemy you can see.</p><p>Until the end of your next turn, when the chosen enemy performs an attack or casts an offensive spell (@ICON[offensive]), they must include you among the targets of that attack of spell (if able).</p>",
Class Features,
Effect,
Gifts,
Ingredients,
Keys,
Magiseeds,
Therioforms,
Tones,
[Handout:  Deck],
"<p>If you use a classic poker deck, the recommended suit types are: <strong>air</strong> ( @ICON[diamond]<strong> </strong>), <strong>earth</strong> ( @ICON[club] ), <strong>fire</strong> ( @ICON[heart] ), and <strong>ice</strong> ( @ICON[spade] ).</p><hr><p><em><strong>Note</strong>: effects <strong>Blinding Flush</strong>, <strong>Double Trouble</strong>, and <strong>Magic Flush</strong> deal 10 extra damage if you are <strong>level 20 or higher</strong>, or 20 extra damage if you are level <strong>40 or higher.</strong></em></p><table style=""height:34px;width:100%;border-width:1px;margin-left:auto;margin-right:auto"" border=""1""><colgroup><col style=""width:27.9452%""><col style=""width:72.0548%""></colgroup><tbody><tr style=""height:17px""><td style=""height:17px;border-width:1px""><strong>Effect</strong></td><td style=""height:17px;border-width:1px""><strong>Set Requirements</strong></td></tr><tr style=""height:17px""><td style=""height:17px;border-width:1px""><strong>Jackpot</strong></td><td style=""height:17px;border-width:1px""><strong>4 cards</strong> of the <strong>same value</strong>, <strong>none</strong> of which is a <strong>joker</strong></td></tr></tbody></table><p>You and every ally present on the scene recover 777 Hit Points and 777 Mind Points; any PCs who have <strong>surrendered</strong> but are still part of the scene immediately regain consciousness (this does not cancel the effects of their <strong>Surrender</strong>).</p><table style=""height:34px;width:100%;border-width:1px;margin-left:auto;margin-right:auto"" border=""1""><colgroup><col style=""width:27.9452%""><col style=""width:72.0548%""></colgroup><tbody><tr style=""height:17px""><td style=""height:17px;border-width:1px""><strong>Effect</strong></td><td style=""height:17px;border-width:1px""><strong>Set Requirements</strong></td></tr><tr style=""height:17px""><td style=""height:17px;border-width:1px""><strong>Magic Flush</strong></td><td style=""height:17px;border-width:1px""><strong>4 cards</strong> of <strong>consecutive values</strong> and of the <strong>same suit.</strong></td></tr></tbody></table><p>You deal damage equal to <strong>【25 + the total value of the resolved cards】</strong> to each enemy present on the scene; the type of this damage matches the <strong>suit</strong> of the resolved cards.</p><table style=""height:34px;width:100%;border-width:1px;margin-left:auto;margin-right:auto"" border=""1""><colgroup><col style=""width:27.9452%""><col style=""width:72.0548%""></colgroup><tbody><tr style=""height:17px""><td style=""height:17px;border-width:1px""><strong>Effect</strong></td><td style=""height:17px;border-width:1px""><strong>Set Requirements</strong></td></tr><tr style=""height:17px""><td style=""height:17px;border-width:1px""><strong>Blinding Flush</strong></td><td style=""height:17px;border-width:1px""><strong>4 cards</strong> of <strong>consecutive values</strong></td></tr></tbody></table><p>You deal damage equal to <strong>【15 + the total value of the resolved cards】</strong> to each enemy present on the scene; the type of this damage is <strong>light</strong> if that total is <strong>even</strong>, or <strong>dark</strong> if that total is <strong>odd</strong>.</p><table style=""height:34px;width:100%;border-width:1px;margin-left:auto;margin-right:auto"" border=""1""><colgroup><col style=""width:27.9452%""><col style=""width:72.0548%""></colgroup><tbody><tr style=""height:17px""><td style=""height:17px;border-width:1px""><strong>Effect</strong></td><td style=""height:17px;border-width:1px""><strong>Set Requirements</strong></td></tr><tr style=""height:17px""><td style=""height:17px;border-width:1px""><strong>Full Status</strong></td><td style=""height:17px;border-width:1px""><strong>3 cards</strong> of the <strong>same value</strong> + <strong>2 cards</strong> of the <strong>same value.</strong></td></tr></tbody></table><p>Choose <strong>two</strong> status effects among <strong>dazed</strong>, <strong>shaken</strong>, <strong>slow</strong>, and <strong>weak</strong>: if <strong>【the highest value among resolved cards】</strong> is <strong>even</strong>, you and every ally present on the scene recover from the chosen status effects; if <strong>odd</strong>, each enemy present on the scene suffers them.</p><table style=""height:34px;width:100%;border-width:1px;margin-left:auto;margin-right:auto"" border=""1""><colgroup><col style=""width:27.9452%""><col style=""width:72.0548%""></colgroup><tbody><tr style=""height:17px""><td style=""height:17px;border-width:1px""><strong>Effect</strong></td><td style=""height:17px;border-width:1px""><strong>Set Requirements</strong></td></tr><tr style=""height:17px""><td style=""height:17px;border-width:1px""><strong>Triple Support</strong></td><td style=""height:17px;border-width:1px""><strong>3 cards</strong> of <strong>the same value</strong></td></tr></tbody></table><p>You and every ally present on the scene regain an amount of Hit Points and Mind Points equal to <strong>【the total value of the resolved cards, multiplied by 3】</strong>.</p><table style=""height:34px;width:100%;border-width:1px;margin-left:auto;margin-right:auto"" border=""1""><colgroup><col style=""width:27.9452%""><col style=""width:72.0548%""></colgroup><tbody><tr style=""height:17px""><td style=""height:17px;border-width:1px""><strong>Effect</strong></td><td style=""height:17px;border-width:1px""><strong>Set Requirements</strong></td></tr><tr style=""height:17px""><td style=""height:17px;border-width:1px""><strong>Double Trouble</strong></td><td style=""height:17px;border-width:1px""><strong>2 cards</strong> of the <strong>same value + 2 cards</strong> of the <strong>same value</strong></td></tr></tbody></table><p>You deal damage equal to <strong>【10 + the highest value among resolved cards】</strong> to each of <strong>up to two</strong> different enemies you can see that are present on the scene; the type of this damage is one of your choice among those matching the <strong>suits</strong> of the resolved cards.</p><table style=""height:34px;width:100%;border-width:1px;margin-left:auto;margin-right:auto"" border=""1""><colgroup><col style=""width:27.9452%""><col style=""width:72.0548%""></colgroup><tbody><tr style=""height:17px""><td style=""height:17px;border-width:1px""><strong>Effect</strong></td><td style=""height:17px;border-width:1px""><strong>Set Requirements</strong></td></tr><tr style=""height:17px""><td style=""height:17px;border-width:1px""><strong>Magic Pair</strong></td><td style=""height:17px;border-width:1px""><strong>2 cards</strong> of the <strong>same value</strong></td></tr></tbody></table><p>You perform a <strong>free attack</strong> with a weapon you have equipped. If this attack deals damage, choose a <strong>suit</strong> among those of the resolved cards; all damage dealt by the attack becomes of the type matching that <strong>suit</strong>.</p>",
[Handout: Arcana Rules],
"<h2>MERGING WITH AN ARCANUM</h2><p>When you summon an Arcanum, you gain its merge benefits; those benefits last until the Arcanum is dismissed.</p><p>You cannot summon an Arcanum while already merged with one; you must first dismiss the current Arcanum.</p><h2>DISMISSING AN ARCANUM</h2><p>An Arcanum can be dismissed in several ways:</p><ul><li>Once the current scene ends, all Arcana are automatically dismissed.</li><li>If you die or fall unconscious while merged with an Arcanum, they are dismissed.</li><li>If you leave the scene while merged with an Arcanum, they are dismissed.</li><li>You may <strong>willingly</strong> dismiss your Arcanum: this doesn't require an action, but during a conflict it can only be done on your turn, <strong>before or after</strong> an action.</li></ul><h2>DISMISS EFFECTS</h2><p>Most Arcana have a powerful dismiss effect, which may only be activated when you <strong>willingly</strong> dismiss the Arcanum as described above — if the Arcanum is dismissed for any other reason, the dismiss effect cannot be triggered.</p><p>If the dismiss effect of an Arcanum deals damage, it will deal 10 extra damage if you are <strong>level 20 or higher</strong>, or 20 extra damage if you are <strong>level 40 or higher</strong>.</p><p>You are also free to ignore the dismiss effect if you don't want to use it.</p><h2>DOMAINS</h2><p>Each Arcanum is associated with a few key concepts or domains. The Game Master should use these to establish the trials needed to bind the Arcanum, and to adjudicate Rituals performed through the <strong>Ritual Arcanism</strong> Skill.</p><p>If you create new Arcana for your world, make sure to associate them with domains that allow for interesting Rituals.</p><h2>ALL ARCANA</h2><p>@UUID[Compendium.projectfu.skills.Item.8ySmNzjYisVduHWP]{[Handout: Arcanum List]}</p>",
[Handout: Arcanum List],
"<table><tbody><tr><td data-colwidth=""51""><p><strong>Name</strong></p></td><td><p>@UUID[Compendium.projectfu.skills.Item.BhLHFeKBx3zZRZD5]{Arcanum of the Forge}</p></td></tr><tr><td data-colwidth=""51""><p><strong>Domain</strong></p></td><td><p>fire, heat, metal</p></td></tr></tbody></table><p>-</p><table><tbody><tr><td data-colwidth=""51""><p><strong>Name</strong></p></td><td><p>@UUID[Compendium.projectfu.skills.Item.TKOESZqheitutkKB]{Arcanum of the Frost}</p></td></tr><tr><td data-colwidth=""51""><p><strong>Domain</strong></p></td><td><p>cold, ice, silence</p></td></tr></tbody></table><p>-</p><table><tbody><tr><td data-colwidth=""51""><p><strong>Name</strong></p></td><td><p>@UUID[Compendium.projectfu.skills.Item.UVmSApdqYNDILSFo]{Arcanum of the Gate}</p></td></tr><tr><td data-colwidth=""51""><p><strong>Domain</strong></p></td><td><p>space, travel, void</p></td></tr></tbody></table><p>-</p><table><tbody><tr><td data-colwidth=""51""><p><strong>Name</strong></p></td><td><p>@UUID[Compendium.projectfu.skills.Item.QbjAsEWA7R2HfFNg]{Arcanum of the Grimoire}</p></td></tr><tr><td data-colwidth=""51""><p><strong>Domain</strong></p></td><td><p>knowledge, revelations, understanding</p></td></tr></tbody></table><p>-</p><table><tbody><tr><td data-colwidth=""51""><p><strong>Name</strong></p></td><td><p>@UUID[Compendium.projectfu.skills.Item.Y3OzDHLCogR32RlH]{Arcanum of the Oak}</p></td></tr><tr><td data-colwidth=""51""><p><strong>Domain</strong></p></td><td><p>earth, plants, poison</p></td></tr></tbody></table><p>-</p><table><tbody><tr><td data-colwidth=""51""><p><strong>Name</strong></p></td><td><p>@UUID[Compendium.projectfu.skills.Item.zabsA5F47r9B5h4f]{Arcanum of the Sky}</p></td></tr><tr><td data-colwidth=""51""><p><strong>Domain</strong></p></td><td><p>fog, rain, storms</p></td></tr></tbody></table><p>-</p><table><tbody><tr><td data-colwidth=""51""><p><strong>Name</strong></p></td><td><p>@UUID[Compendium.projectfu.skills.Item.n1djlSF3C4c6Hlf4]{Arcanum of the Sword}</p></td></tr><tr><td data-colwidth=""51""><p><strong>Domain</strong></p></td><td><p>conquest, heroism, leadership</p></td></tr></tbody></table><p>-</p><table><tbody><tr><td data-colwidth=""51""><p><strong>Name</strong></p></td><td><p>@UUID[Compendium.projectfu.skills.Item.stLDj4YpAoyQFFid]{Arcanum of the Tower}</p></td></tr><tr><td data-colwidth=""51""><p><strong>Domain</strong></p></td><td><p>judgment, protection, sacrifice</p></td></tr></tbody></table><p>-</p><table><tbody><tr><td data-colwidth=""51""><p><strong>Name</strong></p></td><td><p>@UUID[Compendium.projectfu.skills.Item.Dwq6JSEYmSlhpL3b]{Arcanum of the Wheel}</p></td></tr><tr><td data-colwidth=""51""><p><strong>Domain</strong></p></td><td><p>destiny, speed, time</p></td></tr></tbody></table>",
[Handout: Armor Modules],
"<p>While driving a <strong>personal vehicle</strong> with an <strong>armor module</strong> enabled, a Pilot does not have access to the normal contents of their <strong>armor slot</strong>. Instead, that slot is considered occupied by the <strong>personal vehicle’s armor module</strong>. If the <strong>personal vehicle</strong> has no armor module enabled, the Pilot can keep using their equipped armor as normal.</p><ul><li><p>As soon as the Pilot stops driving a <strong>personal vehicle</strong> with an enabled <strong>armor module</strong>, they immediately regain access to their normal equipped armor.</p></li><li><p>Armor modules marked with <strong>@ICON[martial]</strong> are considered to be <strong>martial</strong> armor for the sake of Skills and other effects, and they set the Pilot’s Defense and Magic Defense to <strong>fixed scores</strong> (bonuses from shields and other effects still apply). Note that a Pilot can still equip these modules <strong>even if they normally lack the ability</strong> to equip martial armor.</p></li></ul><blockquote><p><em>For instance, a Pilot with the <strong>Guardian</strong> Class can gain the benefits of <strong>Defensive Mastery</strong> while driving a vehicle with a <strong>Heavy Plating module</strong> enabled, but they do not benefit from the <strong>Dodge</strong> Skill granted by the <strong>Rogue</strong> Class.</em></p></blockquote>",
[Handout: Dance List],
"<table border=""1""><colgroup><col><col></colgroup><tbody><tr><td><strong>Dance</strong></td><td><strong>Duration</strong></td></tr><tr><td>@UUID[Compendium.projectfu.skills.Item.t50AQQwenusLr5aU]{Angel Dance}</td><td>Until the start of your next turn</td></tr></tbody></table><p>Choose one option: you gain Resistance to <strong>light </strong>damage; <strong>or </strong>all damage dealt by your attacks and spells becomes <strong>light</strong>.</p><table border=""1""><colgroup><col><col></colgroup><tbody><tr><td><strong>Dance</strong></td><td><strong>Duration</strong></td></tr><tr><td>@UUID[Compendium.projectfu.skills.Item.QCTlpwSI35ypWKKS]{Banshee Dance}</td><td>Instantaneous</td></tr></tbody></table><p>Choose another creature that is able to see you. If that creature is already <strong>slow</strong>, they immediately suffer <strong>shaken</strong>.</p><table style=""width:100%;height:34px"" border=""1""><colgroup><col style=""width:25.6369%""><col style=""width:74.2038%""></colgroup><tbody><tr style=""height:17px""><td style=""height:17px""><strong>Dance</strong></td><td style=""height:17px""><strong>Duration</strong></td></tr><tr style=""height:17px""><td style=""height:17px"">@UUID[Compendium.projectfu.skills.Item.71Cr58HNhFHtzTqN]{Bat Dance}</td><td style=""height:17px"">Until the start of your next turn</td></tr></tbody></table><p>Choose one option: you gain Resistance to <strong>dark </strong>damage; <strong>or </strong>all damage dealt by your attacks and spells becomes <strong>dark</strong>.</p><table border=""1""><colgroup><col><col></colgroup><tbody><tr><td><strong>Dance</strong></td><td><strong>Duration</strong></td></tr><tr><td>@UUID[Compendium.projectfu.skills.Item.YN5ZFhKRnqq381I7]{Golem Dance}</td><td>Until the start of your next turn</td></tr></tbody></table><p>Choose one option: you gain Resistance to <strong>bolt </strong>damage; <strong>or </strong>all damage dealt by your attacks and spells becomes <strong>bolt</strong>.</p><table border=""1""><colgroup><col><col></colgroup><tbody><tr><td><strong>Dance</strong></td><td><strong>Duration</strong></td></tr><tr><td>@UUID[Compendium.projectfu.skills.Item.4y9aruoDa2NqwoUw]{Griffin Dance}</td><td>Until the start of your next turn</td></tr></tbody></table><p>Choose one option: you gain Resistance to <strong>air </strong>damage; <strong>or </strong>all damage dealt by your attacks and spells becomes <strong>air</strong></p><table border=""1""><colgroup><col><col></colgroup><tbody><tr><td><strong>Dance</strong></td><td><strong>Duration</strong></td></tr><tr><td>@UUID[Compendium.projectfu.skills.Item.tu1dSPyWiUl8DMUY]{Hydra Dance}</td><td>Until the start of your next turn</td></tr></tbody></table><p>After you suffer damage, choose one option: you recover 5 Hit Points, <strong>or </strong>you recover 5 Mind Points.</p><table border=""1""><tbody><tr><td><p><strong>Dance</strong></p></td><td><p><strong>Duration</strong></p></td></tr><tr><td><p>@UUID[Compendium.projectfu.skills.Item.RP1PRbMysmTnwfEa]{Kraken Dance}</p></td><td><p>Instantaneous</p></td></tr></tbody></table><p>Choose another creature that is able to see you. If that creature is already <strong>dazed</strong>, they immediately suffer <strong>slow</strong>.</p><table border=""1""><tbody><tr><td><p><strong>Dance</strong></p></td><td><p><strong>Duration</strong></p></td></tr><tr><td><p>@UUID[Compendium.projectfu.skills.Item.mTvy0jppcCEcmpQN]{Lion Dance}</p></td><td><p>Instantaneous</p></td></tr></tbody></table><p>You immediately recover from a single status effect of your choice.</p><table border=""1""><tbody><tr><td><p><strong>Dance</strong></p></td><td><p><strong>Duration</strong></p></td></tr><tr><td><p>@UUID[Compendium.projectfu.skills.Item.1lCRqkPoxPGnUBHQ]{Maenad Dance}</p></td><td><p>Instantaneous</p></td></tr></tbody></table><p>Choose another creature that is able to see you. That creature loses an amount of Mind Points equal to your current <strong>Dexterity </strong>die size.</p><table border=""1""><tbody><tr><td><p><strong>Dance</strong></p></td><td><p><strong>Duration</strong></p></td></tr><tr><td><p>@UUID[Compendium.projectfu.skills.Item.MBflOYsNp0Grh2zI]{Myrmidon Dance}</p></td><td><p>Until the start of your next turn</p></td></tr></tbody></table><p>Choose one option: you gain Resistance to <strong>earth </strong>damage; <strong>or </strong>all damage dealt by your attacks and spells becomes <strong>earth</strong>.</p><table border=""1""><tbody><tr><td><p><strong>Dance</strong></p></td><td><p><strong>Duration</strong></p></td></tr><tr><td><p>@UUID[Compendium.projectfu.skills.Item.1osIu05OTOlvhvIL]{Nightmare Dance}</p></td><td><p>Instantaneous</p></td></tr></tbody></table><p>Choose another creature that is able to see you. If that creature is already <strong>shaken</strong>, they immediately suffer <strong>weak</strong>.</p><table border=""1""><tbody><tr><td><p><strong>Dance</strong></p></td><td><p><strong>Duration</strong></p></td></tr><tr><td><p>@UUID[Compendium.projectfu.skills.Item.3xoV4kXCe24RKCRN]{Ouroboros Dance}</p></td><td><p>Instantaneous</p></td></tr></tbody></table><p>Choose one ally you can see who has yet to take a turn during this round. That ally may take their turn immediately after yours during this round.</p><table border=""1""><tbody><tr><td><p><strong>Dance</strong></p></td><td><p><strong>Duration</strong></p></td></tr><tr><td><p>@UUID[Compendium.projectfu.skills.Item.kViouDnYEiLZsuKj]{Peacock Dance}</p></td><td><p>Instantaneous</p></td></tr></tbody></table><p>Choose another creature that is able to see you. The next time that creature performs an attack or casts an offensive <strong>(</strong> @ICON[offensive] <strong>)</strong> spell during this scene, that attack or spell must include you among its targets if possible.</p><table border=""1""><tbody><tr><td><p><strong>Dance</strong></p></td><td><p><strong>Duration</strong></p></td></tr><tr><td><p>@UUID[Compendium.projectfu.skills.Item.WfbGw3bzCvbsOBzB]{Phoenix Dance}</p></td><td><p>Until the start of your next turn</p></td></tr></tbody></table><p>Choose one option: you gain Resistance to <strong>fire </strong>damage; <strong>or </strong>all damage dealt by your attacks and spells becomes <strong>fire</strong>.</p><table border=""1""><tbody><tr><td><p><strong>Dance</strong></p></td><td><p><strong>Duration</strong></p></td></tr><tr><td><p>@UUID[Compendium.projectfu.skills.Item.PIPfmBR92C4UjsW5]{Satyr Dance}</p></td><td><p>Instantaneous</p></td></tr></tbody></table><p>Choose another creature that is able to see you. If that creature is already <strong>weak</strong>, they immediately suffer <strong>dazed</strong>.</p><table border=""1""><tbody><tr><td><p><strong>Dance</strong></p></td><td><p><strong>Duration</strong></p></td></tr><tr><td><p>@UUID[Compendium.projectfu.skills.Item.4WuCxVpwfqDLPx02]{Unicorn Dance}</p></td><td><p>Instantaneous</p></td></tr></tbody></table><p>Choose an ally that is able to see you and has a Bond towards you: you and that ally both recover an amount of Hit Points equal to your current <strong>Dexterity </strong>die size.<br>The restored amount increases by 5 Hit Points if you are <strong>level 20 or higher</strong>, or by 10 Hit Points if you are level <strong>40 or higher</strong>.</p><table style=""width:100%;height:34px"" border=""1""><tbody><tr style=""height:17px""><td style=""width:25.7936%;height:17px"" data-colwidth=""298""><p><strong>Dance</strong></p></td><td style=""width:73.4102%;height:17px""><p><strong>Duration</strong></p></td></tr><tr style=""height:17px""><td style=""width:25.7936%;height:17px"" data-colwidth=""298""><p>@UUID[Compendium.projectfu.skills.Item.I0L1IgalIrT2OMAh]{Yeti Dance}</p></td><td style=""width:73.4102%;height:17px""><p>Until the start of your next turn</p></td></tr></tbody></table><p>Choose one option: you gain Resistance to <strong>ice </strong>damage; <strong>or </strong>all damage dealt by your attacks and spells becomes <strong>ice</strong>.</p>",
[Handout: Gourmet Rules],
"<h2>INGREDIENTS & DELICACIES</h2><blockquote><p>The Temple of Five Spices is rumored to hold the recipe for a dish that can summon the soul of the deceased</p></blockquote><p></p><h3>GAINING INGREDIENTS</h3><p>You will normally receive <strong>ingredients</strong> through the @UUID[Compendium.projectfu.skills.Item.SkhjmD8IDm1yff3e]{Cooking} and @UUID[Compendium.projectfu.skills.Item.EU5astEIUK1d8Qk3]{Traveling Cook} Skills; you might also receive them as <strong>rewards</strong> during play. When you obtain an <strong>ingredient</strong>, you’re never too sure what it will taste like — roll a <strong>d6</strong> to determine the <strong>ingredient’s taste</strong> using the table below, then describe its appearance and give it a name.</p><p>You may also purchase <strong>ingredients</strong> from stall, shops or merchants: the price is <strong>10 zenit</strong> for an <strong>ingredient</strong> with a random taste, <strong>or 20 zenit</strong> for an <strong>ingredient</strong> with a taste of your choice.</p><hr><h5><strong>INGREDIENT TASTE</strong></h5><p>@UUID[Compendium.projectfu.rollable-tables.RollTable.sKStLRxDOy1yZkuJ]{Ingredient Taste}</p><table><tbody><tr><td><ol><li><p>@UUID[Compendium.projectfu.skills.Item.9uSPEQZ4fi6PDkV1]{Bitter}</p></li></ol></td><td><ol start=""2""><li><p>@UUID[Compendium.projectfu.skills.Item.pClb5dXEgvo29U0C]{Salty}</p></li></ol></td><td><ol start=""3""><li><p>@UUID[Compendium.projectfu.skills.Item.oMpFTAPDl7SEG3v2]{Sour}</p></li></ol></td><td data-colwidth=""95""><ol start=""4""><li><p>@UUID[Compendium.projectfu.skills.Item.ZLrC6QQvsJOh4F2h]{Sweet}</p></li></ol></td><td><ol start=""5""><li><p>@UUID[Compendium.projectfu.skills.Item.DjSSat9WKMIziH5E]{Umami}</p></li></ol></td><td><ol start=""6""><li><p>Your choice</p></li></ol></td></tr></tbody></table><p></p><h3>TASTES AND DELICACIES</h3><p>When you use the @UUID[Compendium.projectfu.skills.Item.SkhjmD8IDm1yff3e]{Cooking} Skill, you combine two or three <strong>ingredients</strong> to generate a special <strong>delicacy</strong> with powerful effects that will be applied to its targets.</p><ul><li><p>Every <strong>different</strong> combination of <strong>two tastes</strong> (even if it's the same taste used twice!) will add an <strong>effect</strong> to the <strong>delicacy</strong>.</p></li><li><p>When you combine two tastes you <strong>never combined before</strong>, determine the <strong>effect</strong> of that combination by rolling a <strong>d12</strong> and consulting the chart on the next page; most entries also require you to make a choice (such as a specific damage type or status effect). Once you're done, record the resulting effect on your @UUID[Compendium.projectfu.skills.Item.HQTDIy6suF8u6dAl]{Cookbook}: from this moment on, that <strong>combination</strong> of tastes will <strong>always</strong> produce that exact <strong>effect</strong> when you use it.</p></li><li><p>No two combinations of tastes in your <strong>cookbook sheet</strong> can have <strong>identical effects</strong>. When you determine the effect of a new combination, you must make your <strong>choices</strong> in such a way that the resulting effect has no precedents (for instance, by selecting a different damage type or status effect); if you can't, <strong>reroll the d12</strong>.</p></li><li><p>When completed, your <strong>cookbook sheet</strong> will feature a total of <strong>15 effects</strong>, one for each possible pair of tastes.</p></li></ul><blockquote><p><em><strong>Example:</strong> you combine three ingredients, one of them <strong>salty</strong> and two of them <strong>bitter</strong>.</em></p><p><em>The resulting <strong>delicacy</strong> features two combinations (<strong>bitter</strong> + <strong>bitter</strong> and <strong>bitter</strong> + <strong>salty</strong>), which means it will have two different effects.</em></p><p><em>In the past, you combined <strong>bitter + bitter</strong> and rolled a <strong>4</strong>, which means the effect allows for MP recovery; on the other hand, you never combined <strong>bitter + salty</strong> before, so you need to determine this combination's effect by rolling dice.</em></p><p><em>You roll a <strong>1</strong>, and must choose a status effect for this effect; since you already chose recovery from <strong>weak</strong> for the <strong>sour + sweet</strong> combination in the past, you decide to opt for <strong>dazed</strong>. From now on, the <strong>bitter + salty</strong> combination will always allow you to heal the target from <strong>dazed</strong>.</em></p><p><em>Now that you've done this, you know that your <strong>delicacy</strong> allows every target to heal from the <strong>dazed</strong> status effect and also recover 40 Mind Points.</em></p></blockquote><p><strong>Delicacies</strong> created through the @UUID[Compendium.projectfu.skills.Item.SkhjmD8IDm1yff3e]{Cooking} Skill have an immediate effect and are then destroyed; if you want to prepare foods with unique effects and use them later, you must instead use the rules for <strong>Projects</strong> (see <strong>Core Rulebook</strong>, page <strong>134</strong>).</p><hr><h5>DELICACIES</h5><p>@UUID[Compendium.projectfu.rollable-tables.RollTable.LeFYrfI8SzWK4GAa]{Delicacy Effect}</p><table><tbody><tr><th data-colwidth=""281""><p>DELICACY</p></th><th><p>EFFECT</p></th></tr><tr><td data-colwidth=""281""><ol><li><p></p></li></ol></td><td><p>Each of this <strong>delicacy's</strong> targets recovers from the <strong>(choose one: dazed; enraged; poisoned; shaken; slow; weak)</strong> status effect.</p></td></tr><tr><td data-colwidth=""281""><ol start=""2""><li><p></p></li></ol></td><td><p>Each of this <strong>delicacy's</strong> targets suffers the (choose one: @EFFECT[dazed]; @EFFECT[shaken]; @EFFECT[slow]; @EFFECT[weak]) status effect.</p></td></tr><tr><td data-colwidth=""281""><ol start=""3""><li><p></p></li></ol></td><td><p>Each of this <strong>delicacy's</strong> targets recovers @GAIN[40 hp]. This amount increases to @GAIN[50 hp] if you are <strong>level 30 or higher</strong>.</p></td></tr><tr><td data-colwidth=""281""><ol start=""4""><li><p></p></li></ol></td><td><p>Each of this <strong>delicacy's</strong> targets recovers @GAIN[40 mp] Mind Points. This amount increases to @GAIN[50 mp] if you are <strong>level</strong> 30 or higher.</p></td></tr><tr><td data-colwidth=""281""><ol start=""5""><li><p></p></li></ol></td><td><p>Each of this <strong>delicacy's</strong> targets suffers @DMG[20 untyped] <strong>(choose one: air; bolt; earth; fire; ice; poison)</strong> damage. This amount increases to @DMG[30 untyped] damage if you are <strong>level 30 or higher</strong>.</p></td></tr><tr><td data-colwidth=""281""><ol start=""6""><li><p></p></li></ol></td><td><p>Until the end of your next turn, every source that deals <strong>(choose one: air; bolt; earth; fire; ice; poison)</strong> damage deals 5 extra damage to each of this <strong>delicacy's</strong> targets.</p></td></tr><tr><td data-colwidth=""281""><ol start=""7""><li><p></p></li></ol></td><td><p>Each of this <strong>delicacy's</strong> targets cannot perform the <strong>Guard</strong> action during their next turn.</p></td></tr><tr><td data-colwidth=""281""><ol start=""8""><li><p></p></li></ol></td><td><p>Each of this <strong>delicacy's</strong> targets cannot perform the <strong>Spell</strong> action during their next turn.</p></td></tr><tr><td data-colwidth=""281""><ol start=""9""><li><p></p></li></ol></td><td><p>Each of this <strong>delicacy's</strong> targets cannot perform the <strong>Skill</strong> action during their next turn.</p></td></tr><tr><td data-colwidth=""281""><ol start=""10""><li><p></p></li></ol></td><td><p>Each of this <strong>delicacy's</strong> targets gains Resistance to (choose one: @UUID[Compendium.projectfu.actor-effects.Item.3tMyw1mCjd7SfGTD]{Air}; @UUID[Compendium.projectfu.actor-effects.Item.QrEztsujMpK33cpj]{Bolt}; @UUID[Compendium.projectfu.actor-effects.Item.H3SJ1fej3GSyHdKG]{Earth}; @UUID[Compendium.projectfu.actor-effects.Item.FAfKTXxluiqIVP5t]{Fire}; @UUID[Compendium.projectfu.actor-effects.Item.SWdZeuJTEq1ig6S8]{Ice}; @UUID[Compendium.projectfu.actor-effects.Item.3xPA7x9S3fggYHkX]{Poison}) damage until the end of your next turn.</p></td></tr><tr><td data-colwidth=""281""><ol start=""11""><li><p></p></li></ol></td><td><p>Each of this <strong>delicacy's</strong> targets treats their (choose one: @UUID[Compendium.projectfu.actor-effects.Item.vv2cqUDHaCJLmEYw]{Dexterity}; @UUID[Compendium.projectfu.actor-effects.Item.4G5iaieFDwGiIVrw]{Insight}; @UUID[Compendium.projectfu.actor-effects.Item.hX70STpGG5fgAAkp]{Might}; @UUID[Compendium.projectfu.actor-effects.Item.nXxz7GyqeIGtQpMG]{Willpower}) as if it were one die size higher (up to a maximum of<strong> d12</strong>) until the end of your next turn.</p></td></tr><tr><td data-colwidth=""281""><ol start=""12""><li><p></p></li></ol></td><td><p>During the next turn of each of this <strong>delicacy</strong>'s targets, all damage they deal becomes <strong>(choose one: air; bolt; earth; fire; ice; poison)</strong> and its type cannot change.</p></td></tr></tbody></table><p></p><h3>SPECIAL RULES OF EFFECTS</h3><p><strong>Delicacies</strong> and their effects follow a few unique rules.</p><ul><li><p>Each <strong>delicacy</strong> always features <strong>one, two, or three effects</strong>, depending on which <strong>taste </strong>combinations you used (the effects may also be <strong>four or six</strong> if you use the @UUID[Compendium.projectfu.heroic-skills.Item.562YcXPjzRCWpeLh]{All You Can Eat} Heroic Skill, on page <strong>161</strong>); you decide in which order to apply these effects, and may choose to <strong>forgo</strong> any number of them (this choice must be exactly the same for all targets of the <strong>delicacy</strong>).</p></li><li><p>Effects <strong>5 to 12</strong> can only be applied during conflict scenes.</p></li><li><p>A <strong>delicacy</strong> can only have <strong>one</strong> type <strong>5</strong> effect (which is to say, a damage-dealing effect); if a <strong>delicacy</strong> has two or more type <strong>5</strong> effects due to the <strong>taste</strong> combinations you used, you <strong>must</strong> choose one of them and forgo the others.</p></li><li><p>A <strong>delicacy</strong> can only have <strong>one</strong> type <strong>12</strong> effect (which is to say, a damage type-changing effect); if a <strong>delicacy</strong> has two or more type <strong>12</strong> effects due to the <strong>taste</strong> combinations you used, you <strong>must</strong> choose one of them and forgo the others.</p></li></ul><p>Other than that, all of a <strong>delicacy's</strong> effects are cumulative, and will be fully applied to each of its target.</p><blockquote><p><em><strong>Example:</strong> if you obtain a type <strong>2</strong> effect on <strong>sweet + umami</strong>, a type <strong>5</strong> effect on <strong>bitter + umami</strong>, and a type <strong>9</strong> effect on <strong>bitter + sweet</strong>, the <strong>delicacy</strong> created combining these tastes will be able to deal damage, inflict a status effect, and also prevent the use of spells for a brief period!</em></p></blockquote><p></p><h3>AND FINALLY, A BIT OF ADVICE!</h3><p>This Class is quite atypical: there is no real way to perfectly control the role your character will cover, because your abilities are procedurally generated over the course of the campaign. However, remember that <strong>you may prepare delicacies outside of conflict scenes</strong>: it will cost you some ingredients, true, but you will be able to ""scout"" the effects ahead of time and avoid trial and error during a critical situation. Other than that, pay attention to which effects best synergize with each other and with the rest of your group, and take advantage of the <strong>multi</strong> property to apply the same <strong>delicacy</strong> to two or more enemies!</p><p></p>",
[Handout: Invoker Rules],
"<h1>INVOCATIONS</h1><p><strong>@UUID[Compendium.projectfu.handouts.JournalEntry.JHjzGHXO9qm8HVW9]{Invoker Rules}</strong></p><h3>DETERMINING AVAILABLE WELLSPRINGS</h3><p>During each scene, your surroundings grant you <strong>two different wellsprings:</strong> the Game Master tells you what they are. Remember to describe how wellsprings manifest in the scene; they may be natural features, objects, or even creatures.</p><blockquote><p><em><strong>Example:</strong> during a battle taking place on a steam-powered airship amidst stormy clouds, any two of <strong>air, fire, lightning</strong> and <strong>water</strong> would make sense</em></p></blockquote><p></p><h3>PERFORMING AN INVOCATION</h3><p>When you perform an <strong>invocation</strong>, choose one option you have access to among those in the table below (provided the corresponding wellspring is available in the scene); then, apply its effects to <strong>one</strong> creature you can see.</p><p>Your Skill Level in the @UUID[Compendium.projectfu.skills.Item.G5SMsS4TC1glE2VS]{Invocation} Skill determines which invocations you have access to: <strong>【SL 1】</strong> enables ""<strong>blast</strong>"" invocations, <strong>【SL 2】</strong> enables ""<strong>blast</strong>"" and ""<strong>hex</strong>"" invocations, and<strong>【SL 3】</strong> gives you access to all invocations.</p><blockquote><p><em><strong>Example: </strong>if <strong>air</strong> and <strong>earth</strong> wellsprings are available and your Skill Level is 2, you have access to <strong>Aero Blast</strong>, <strong>Aero Hex</strong>, <strong>Geo Blast</strong>, and <strong>Geo Hex</strong>.</em></p></blockquote><p>If an invocation deals damage, it will deal 5 extra damage if you are <strong>level 20 or higher</strong>, or 10 extra damage if you are <strong>level 40 or higher</strong>.</p><p>Similarly, if an invocation causes the target to recover Hit Points or lose Mind Points, the amount will increase by 10 if you are <strong>level 20 or higher</strong>, or by 20 if you are <strong>level 40 or higher</strong>.</p><hr /><h5></h5><h5></h5><h5><strong>AIR WELLSPRINGS</strong></h5><table><tbody><tr><td><p><strong>Air wellspring</strong></p></td><td><p><strong>(damage type: air)</strong></p></td></tr><tr><td><p><strong>Aero Blast</strong></p></td><td><p><span class=""fontstyle0"">You deal @DMG[20 air] damage to the target.</span></p></td></tr><tr><td><p><strong>Aero Hex</strong></p></td><td><p><span class=""fontstyle0"">Until the start of your next turn, the target suffers 5 extra damage from all sources that deal </span><span class=""fontstyle2""><strong>bolt</strong> </span><span class=""fontstyle0"">and </span><span class=""fontstyle2""><strong>fire</strong> </span><span class=""fontstyle0"">damage. <strong>Target Suffers:</strong> @EFFECT[Compendium.projectfu.skills.Item.gLmFM7sGvsT3YEEQ]{Effect: Aero Hex}</span></p></td></tr><tr><td><p><strong>Breeze</strong></p></td><td><p>The target recovers @GAIN[30 hp].</p></td></tr><tr><td><p><strong>Twister</strong></p></td><td><p>The target suffers @DMG[10 air] and also suffers @EFFECT[dazed].</p></td></tr></tbody></table><hr /><h5>EARTH WELLSPRINGS</h5><table><tbody><tr><td><p><strong>Earth wellspring</strong></p></td><td><p><strong>(damage type: earth)</strong></p></td></tr><tr><td><p><strong>Geo Blast</strong></p></td><td><p>You deal @DMG[20 earth] damage to the target.</p></td></tr><tr><td><p><strong>Geo Hex</strong></p></td><td><p><span class=""fontstyle0"">Until the start of your next turn, the target suffers 5 extra damage from all sources that deal <strong>air</strong> and <strong>ice</strong> damage. <strong>Target Suffers:</strong> @EFFECT[Compendium.projectfu.skills.Item.XneKAK7lEd344SDX]{Effect: Geo Hex}</span></p></td></tr><tr><td><p><strong>Growth</strong></p></td><td><p>The target recovers @GAIN[30 hp].</p></td></tr><tr><td><p><strong>Quicksand</strong></p></td><td><p>The target suffers @DMG[10 earth] and also suffers @EFFECT[slow].</p></td></tr></tbody></table><hr /><h5>FIRE WELLSPRINGS</h5><table><tbody><tr><td><p><strong>Fire wellspring</strong></p></td><td><p><strong>(damage type: fire)</strong></p></td></tr><tr><td><p><strong>Pyro Blast</strong></p></td><td><p>You deal @DMG[20 fire] damage to the target.</p></td></tr><tr><td><p><strong>Pyro Hex</strong></p></td><td><p>Until the start of your next turn, the target suffers 5 extra damage from all sources that deal <strong>earth</strong> and <strong>ice</strong> damage.<span class=""fontstyle0""> <strong>Target Suffers:</strong> @EFFECT[Compendium.projectfu.skills.Item.P35wmm9xOT0bnImB]{Effect: Pyro Hex}</span></p></td></tr><tr><td><p><strong>Burst</strong></p></td><td><p>The target suffers @DMG[10 fire] and also suffers @EFFECT[shaken].</p></td></tr><tr><td><p><strong>Smoke</strong></p></td><td><p>The target loses @LOSS[20 mp] and also suffers @EFFECT[weak].</p></td></tr></tbody></table><hr /><h5>LIGHTNING WELLSPRINGS</h5><table><tbody><tr><td><p><strong>Lightning wellspring</strong></p></td><td><p><strong>(damage type: bolt)</strong></p></td></tr><tr><td><p><strong>Electro Blast</strong></p></td><td><p>You deal @DMG[20 bolt] damage to the target.</p></td></tr><tr><td><p><strong>Electro Hex</strong></p></td><td><p>Until the start of your next turn, the target suffers 5 extra damage from all sources that deal <strong>earth</strong> and <strong>fire</strong> damage.<span class=""fontstyle0""> <strong>Target Suffers:</strong> @EFFECT[Compendium.projectfu.skills.Item.Aotszm4Q25ys3Mbv]{Effect: Electro Hex}</span></p></td></tr><tr><td><p><strong>Static</strong></p></td><td><p>The target suffers @DMG[10 bolt] and also suffers @EFFECT[slow].</p></td></tr><tr><td><p><strong>Thunder</strong></p></td><td><p>The target loses @LOSS[20 mp] and also suffers @EFFECT[dazed].</p></td></tr></tbody></table><hr /><h5>WATER WELLSPRINGS</h5><table><tbody><tr><td><p><strong>Water wellspring</strong></p></td><td><p><strong>(damage type: ice)</strong></p></td></tr><tr><td><p><strong>Hydro Blast</strong></p></td><td><p>You deal @DMG[20 ice] damage to the target.</p></td></tr><tr><td><p><strong>Hydro Hex</strong></p></td><td><p>Until the start of your next turn, the target suffers 5 extra damage from all sources that deal <strong>air</strong> and <strong>bolt</strong> damage.<span class=""fontstyle0""> <strong>Target Suffers:</strong> @EFFECT[Compendium.projectfu.skills.Item.XpYrgDtYILIGS7Sf]{Effect: Hydro Hex}</span></p></td></tr><tr><td><p><strong>Chill</strong></p></td><td><p>The target loses @LOSS[20 mp] and also suffers @EFFECT[shaken].</p></td></tr><tr><td><p><strong>Frostbite</strong></p></td><td><p>The target suffers @DMG[10 ice] and also suffers @EFFECT[weak].</p></td></tr></tbody></table><hr /><hr />",
[Handout: Key List],
[Handout: Magiseed List],
[Handout: Magiseed Rules],
"<h3>THE GARDEN</h3><p>When you plant a <strong>magiseed</strong>, it takes root in your <strong>garden</strong> until removed. Your <strong>garden </strong>is an <strong>abstract</strong> space whose appearance varies depending on your character’s look: it might be a pot on their back, a gap along their blade, or even the ground under their feet. Your <strong>garden</strong> can only contain <strong>one magiseed at a time</strong>, and any <strong>magiseeds</strong> in your <strong>garden</strong> are <strong>automatically removed</strong> at the end of each scene.</p><p></p><h3>THE GROWTH CLOCK</h3><p>When you acquire the @UUID[Compendium.projectfu.skills.Item.ZmzDl88kGMvrumoJ]{Chloromancy} Skill, you also receive a <strong>Growth Clock</strong> which is present <strong>only</strong> during conflict scenes and represents the cycle of life in your <strong>garden.</strong></p><ul><li><p>Your <strong>Growth Clock</strong> has <strong>4 sections</strong>, and it begins each scene <strong>empty</strong>.</p></li><li><p>At the end of your turn, if a <strong>magiseed</strong> is present in your <strong>garden, fill 1 section</strong> of your Growth Clock; <strong>then</strong>, if there is still a <strong>magiseed</strong> in your <strong>garden</strong> and that <strong>magiseed</strong> has an “at the end of your turn” effect (see below), apply that effect.</p></li><li><p>When you fill the <strong>fourth section</strong> of your Growth Clock, <strong>remove</strong> the <strong>magiseeds</strong> in your <strong>garden</strong>, then <strong>erase all sections</strong> of your Growth Clock.</p></li><li><p>Sections of your Growth Clock <strong>may not be filled nor erased</strong> in any way other than described above, through <strong>Brambleheart</strong> and <strong>Green Thumb</strong> (pages <strong>162</strong> and <strong>166</strong>), or through effects that <strong>explicitly affect Growth Clocks</strong>.</p></li></ul><h3>MAGISEED EFFECTS</h3><p><strong>Magiseeds</strong> can have passive effects, or have effects that trigger at the <strong>end</strong> of your turn, <strong>after</strong> your Growth Clock has increased.</p><ul><li><p>The effects of a <strong>magiseed</strong> apply only while it is present in your <strong>garden</strong>, and they vary depending on the current number of filled sections in your Growth Clock (⏱).</p></li><li><p>You only apply the effect corresponding to the <strong>exact number</strong> of currently filled sections in your <strong>Growth Clock</strong>, not any effect above or below it.</p></li><li><p>If a magiseed’s effect deals damage, it deals 5 extra damage if you are <strong>level 30 or higher</strong>. If a magiseed’s effect causes Hit Point and/or Mind Point loss and/or recovery, the amount increases by 10 if you are <strong>level 30 or higher</strong>.</p></li></ul><p></p><h3>MAGISEED LIST</h3><p>Below and in the next pages you will find a list of standard <strong>magiseeds</strong> that each Floralist can discover by investing levels into the <strong>Chloromancy</strong> Skill.</p><p>Your group can also collaboratively create new <strong>magiseeds</strong>, and the Game Master may opt to include them among <strong>rewards</strong>, obtained independently of your investment in <strong>Chloromancy</strong>. Each magiseed is worth approximately 1000 zenit; try your best to keep these new <strong>magiseeds</strong> on a similar power to those on the standard list.</p><p></p><h3>Magiseed List</h3><p>@UUID[Compendium.projectfu.skills.Item.NuJwnpRP7xREY9q5]{[Handout: Magiseed List]}</p>",
[Handout: Managing The Deck],
"<h1>MANAGING THE DECK</h1><p>Your <strong>deck</strong> is an actual deck of cards that you can assemble however you prefer, provided their backs are identical and you follow the restrictions below:</p><ul><li><p>The deck contains exactly <strong>30 cards: 2 jokers</strong>, plus <strong>28</strong> cards divided into <strong>4 types</strong>, called <strong>suits</strong>; for instance, in a standard poker deck the <strong>suits</strong> are <strong>clubs</strong> ( @ICON[club]<strong> </strong>), <strong>diamonds</strong> ( @ICON[diamond] ), <strong>hearts</strong> ( @ICON[heart] ), and <strong>spades</strong> ( @ICON[spade] ). When you create your character's deck, associate each <strong>suit</strong> to a different damage type among <strong>air</strong>, <strong>earth</strong>, <strong>fire</strong>, and <strong>ice</strong>.</p></li><li><p>For each <strong>suit</strong>, the deck contains <strong>7 cards</strong> with <strong>values 1 to 7</strong>.</p></li></ul><p>The simplest approach is to use a poker deck (removing <strong>face cards</strong> and <strong>cards numbered 8 to 10</strong>), but you can also use minor arcana from tarot, cards from collectible card games, and much more; just make sure the combinations are easy to identify.</p><ul><li>When a <strong>conflict</strong> begins, shuffle all 30 cards in your <strong>deck</strong> and place it <strong>face down</strong> in front of yourself, then draw <strong>5 cards</strong> to form your starting <strong>hand</strong>.</li><li>If you need to draw cards and your <strong>deck</strong> doesn't have enough, draw as many as you can, <strong>shuffle your discard pile into the deck</strong>, place it <strong>face down</strong>, then keep drawing.</li><li>When you draw cards from your <strong>deck</strong>, they are put into your <strong>hand</strong>. Normally only you can see your <strong>hand</strong>, but you can show it to others if you so wish.</li><li>When you discard cards from your <strong>hand</strong>, place them <strong>face up</strong> into your <strong>discard pile</strong>, in whatever order you prefer. However, the order of cards in your <strong>discard pile</strong> cannot be modified.</li></ul><p>Your <strong>deck</strong>, your <strong>hand</strong>, and your <strong>discard pile</strong> (as well as any Skills and effects related to them) are only available during conflict scenes; at the end of each conflict, shuffle all 30 cards back into your <strong>deck</strong> and put it aside.</p><h3>RESOLVING A SET</h3><p>To produce a given effect, a <strong>set</strong> must match its requirements <strong>exactly</strong> (for instance, resolving a <strong>set of 5 cards with the same value</strong> will not match the requirements of <strong>Jackpot</strong>; it has to be composed of <strong>exactly 4 cards</strong>).</p><ul><li>When you resolve a <strong>set</strong> that includes <strong>jokers</strong>, you choose their <strong>suit</strong> and <strong>value</strong> (<strong>1</strong> to <strong>7</strong>).</li></ul><p>If a <strong>set</strong> matches the requirements of two or more effects, you must choose and apply <strong>only one</strong> of those effects.</p><h3><strong>Effects</strong></h3><p>@UUID[Compendium.projectfu.skills.Item.FVmAbnxp6kZyoqkN]{[Handout: Deck]}</p>",
[Handout: Other Rules],
"<h3>DAMAGE AND REPAIRS</h3><p>A Pilot’s <strong>personal vehicle</strong> doesn’t have its own separate stats and is treated as an extension of the Pilot themselves. It can be damaged or rendered temporarily unusable as a narrative consequence of the Pilot’s <strong>Surrender</strong>, but cannot be destroyed unless the Player agrees to it.</p><p>Repairing a narratively damaged <strong>personal vehicle</strong> requires an amount of zenit equal to <strong>【its Pilot’s SL in Personal Vehicle, multiplied by 100】</strong>. On the other hand, rebuilding a destroyed <strong>personal vehicle</strong> should be achieved as part of the Pilot’s narrative arc (which is why it should only be destroyed if the Player is okay with it).</p><p></p><h3>RARE MODULES AS REWARDS</h3><p>The Game Master should include new modules (or upgraded versions of existing modules) for the Pilot among the campaign’s rewards.</p><ul><li><p>Each <strong>weapon and armor module</strong> presented in the following pages has a base cost of 500 zenit, and their rare versions can be created using the rules for <strong>rare items</strong> found in the <strong>Core Rulebook</strong>, starting on page <strong>266.</strong> There are, however, two exceptions: a weapon module’s damage can only be increased by 4 points by raising its cost by 200 zenit (it can <strong>never</strong> become two-handed), and <strong>a weapon module can never become martial</strong> (not even if its damage formula becomes <strong>【HR + 10】</strong> or higher).</p></li><li><p>Each <strong>support module</strong> presented in the following pages should have a cost of roughly 1000 zenit. If you create custom support modules, compare them with the existing ones in order to establish their cost in zenit. They are <strong>rare</strong> items.</p></li><li><p>The special rules used for some weapon modules (such as the <strong>Claymore module</strong>, which prevents you from having other weapon modules enabled, or the <strong>Shield module</strong>’s entire effect) <strong>are not Qualities</strong>, and thus cannot be lost or replaced. If a given module has a Quality, that Quality is listed <strong>before</strong> any of its special rules.</p></li><li><p>A Pilot might acquire rare modules by purchasing them from dedicated shops, by exploring factories or laboratories, or as a reward after defeating robotic or artificial adversaries. You can find some sample rare weapon modules on page <strong>86</strong>.</p></li></ul><p>And finally, as a general rule, a Pilot should <strong>never</strong> have access to two or more support modules with different names whose effects are similar and/or cumulative.</p><p></p><h3>INTERACTIONS WITH THE TINKERER CLASS</h3><p>A character with the Tinkerer Class might wish to use the @UUID[Compendium.projectfu.heroic-skills.Item.xbTcxx4ysOWOamZP]{Upgrade} Heroic Skill and the rules for <strong>Projects</strong> (see <strong>Core Rulebook</strong>, pages <strong>241</strong> and <strong>134</strong>) to improve modules or invent new customizations for a Pilot’s <strong>personal vehicle</strong>. For instance, they might install a reactor to enable space flight, or an antenna that emits anti-magic waves.</p><p>When it comes to special modules created through Projects, the group as a whole should make sure these <strong>do not impede</strong> on other characters’ strengths and roles. It can be a good idea to give such modules a limited number of uses, or interesting flaws that can lead to difficult choices and memorable scenes.</p>",
[Handout: Psychic Gift List],
[Handout: Psychic Gifts Rules],
"<h3></h3><h3>USING A GIFT</h3><p><strong>Gifts</strong> can only be used when speciﬁc <strong>events</strong> take place. When this happens, you may spend an amount of Mind Points equal to <strong>【the number of ﬁlled sections in your Brainwave Clock, multiplied by 5】</strong> minimum 5 Mind Points) in order to apply the effects of that gift to the event.</p><ul><li><p>You may only use a <strong>single gift</strong> per event.</p></li><li><p>If a gift causes <strong>HP or MP recovery</strong>, or if it causes <strong>MP loss</strong>, the amounts increase by 10 if you are <strong>level 20 or higher</strong>, or by 20 if you are <strong>level 40 or higher</strong>.</p></li></ul><h3>THE BRAINWAVE CLOCK</h3><p>When you first acquire the @UUID[Compendium.projectfu.skills.Item.uiXJvj0qK0pVfnwY]{Psychic Gifts} Skill, <span class=""fontstyle0"">start </span>a <strong>Brainwave Clock</strong>.</p><ul><li><p>Your Brainwave Clock has <strong>4 sections</strong>, and it begins each scene <strong>empty</strong>.</p></li><li><p>After you resolve one of your <strong>gifts</strong>, <strong>fill 1 section</strong> of your Brainwave Clock (you do so <strong>after</strong> the effects of the <strong>gift</strong> have been calculated and applied).</p></li><li><p>Your Brainwave Clock determines your <strong>gifts' cost in Mind Points</strong>, as well as their <strong>effectiveness</strong> (see above). You can still use your <strong>gifts</strong> when the Clock is full.</p></li><li><p>Sections of your Brainwave Clock <strong>may not be filled</strong> in any way other than described above, and they <strong>may only be erased</strong> <span class=""fontstyle0"">through the </span><span class=""fontstyle2"">@UUID[Compendium.projectfu.heroic-skills.Item.iZIhU35ZCZ1zrbfL]{Brainwave Discharge} </span><span class=""fontstyle0"">Heroic Skill (see page </span><span class=""fontstyle2""><strong>171</strong></span><span class=""fontstyle0"">) or through effects that </span><span class=""fontstyle2""><strong>expressly</strong> </span><span class=""fontstyle0"">influence Brainwave Clocks.</span></p></li></ul><h3>Gifts</h3><p>@UUID[Compendium.projectfu.skills.Item.mMeTN3919AnQFJrC]{[Handout: Psychic Gift List]}</p>",
[Handout: Support Modules],
[Handout: Symbol List],
"<table border=""1""><colgroup><col></col></colgroup><tbody><tr><td><strong>SYMBOL</strong></td></tr><tr><td>@UUID[Compendium.projectfu.skills.Item.C8Erod4IEe7SCEGF]{Symbol of Binding}</td></tr></tbody></table><p>The <strong>current </strong>Attribute die sizes of the creature bearing this <strong>symbol </strong>can <strong>never </strong>be <strong>higher </strong>than that creature’s corresponding <strong>base </strong>Attribute die sizes (this does <strong>not </strong>end any spells or effects, but it will negate their influence over the creature’s Attributes).</p><table border=""1""><colgroup><col></col></colgroup><tbody><tr><td><strong>SYMBOL</strong></td></tr><tr><td>@UUID[Compendium.projectfu.skills.Item.5PBHJ7pd0OQlnIoa]{Symbol of Creation}</td></tr></tbody></table><p>When the creature bearing this <strong>symbol </strong>needs to spend Inventory Points during a conflict, they may instead destroy this <strong>symbol </strong>to spend no Inventory Points.</p><table style=""width:100%;height:34px"" border=""1""><colgroup><col style=""width:99.8408%""></col></colgroup><tbody><tr style=""height:17px""><td style=""height:17px""><strong>SYMBOL</strong></td></tr><tr style=""height:17px""><td style=""height:17px"">@UUID[Compendium.projectfu.skills.Item.Tr7be00yVo0KtNvA]{Symbol of Despair}</td></tr></tbody></table><p>When the creature bearing this <strong>symbol </strong>recovers Hit Points and/or Mind Points during conflicts, instead they only recover <strong>half </strong>the normal amount of Hit Points and/or Mind Points, respectively.</p><table style=""width:100%;height:34px"" border=""1""><colgroup><col style=""width:99.8408%""></col></colgroup><tbody><tr style=""height:17px""><td style=""height:17px""><strong>SYMBOL</strong></td></tr><tr style=""height:17px""><td style=""height:17px"">@UUID[Compendium.projectfu.skills.Item.iHSsrs2yonFdBM6g]{Symbol of Destiny}</td></tr></tbody></table><p>After the creature bearing this <strong>symbol </strong>makes a Check, if you are able to see them, you may spend 1 Fabula Point to force that creature to reroll both dice. You may only do so once per Check, and only if the Result was not a <strong>critical success</strong> or <strong>fumble</strong>.</p><table style=""width:100%;height:34px"" border=""1""><colgroup><col style=""width:99.8408%""></col></colgroup><tbody><tr style=""height:17px""><td style=""height:17px""><strong>SYMBOL</strong></td></tr><tr style=""height:17px""><td style=""height:17px"">@UUID[Compendium.projectfu.skills.Item.urIOyQRzl8QncNxx]{Symbol of Elements}</td></tr></tbody></table><p>When you create this <strong>symbol</strong>, choose a damage type: <strong>air</strong>, <strong>bolt</strong>, <strong>dark</strong>, <strong>earth</strong>, <strong>fire</strong>, <strong>ice</strong>, <strong>light</strong>, or <strong>poison</strong>. When the creature bearing this <strong>symbol </strong>deals damage to one or more creatures, if you can see the creature bearing this <strong>symbol</strong>, you may spend an amount of Mind Points equal to <strong>one third of the total damage being inflicted to those creatures</strong>. (including any sources of extra damage). If you do, all damage dealt this way changes type to the type chosen when you created this <strong>symbol</strong>.</p><table style=""width:100%;height:51px"" border=""1""><colgroup><col style=""width:99.8408%""></col></colgroup><tbody><tr style=""height:17px""><td style=""height:17px""><strong>SYMBOL</strong></td></tr><tr style=""height:34px""><td style=""height:34px"">@UUID[Compendium.projectfu.skills.Item.3J1BQmBqy0Eik9vs]{Symbol of Enmity}</td></tr></tbody></table><p>As long as the creature bearing this <strong>symbol </strong>is in <strong>Crisis</strong>, any of that creature’s enemies who are able to see them must include them among the targets of their attacks and offensive spells ( <strong>@ICON[offensive]</strong> ), if possible.</p><table border=""1""><colgroup><col></col></colgroup><tbody><tr><td><strong>SYMBOL</strong></td></tr><tr><td>@UUID[Compendium.projectfu.skills.Item.Ux5c14Qc2z8CM45R]{Symbol of Flux}</td></tr></tbody></table><p>When you create this <strong>symbol</strong>, choose a status effect: <strong>dazed</strong>, <strong>shaken</strong>, <strong>slow</strong>, or <strong>weak</strong>. Then, choose one option: the creature bearing this <strong>symbol </strong>gains immunity to the chosen status effect; or the creature bearing this <strong>symbol </strong>loses immunity to the chosen status effect and cannot gain it.</p><table border=""1""><colgroup><col></col></colgroup><tbody><tr><td><strong>SYMBOL</strong></td></tr><tr><td>@UUID[Compendium.projectfu.skills.Item.Z0eCInqiNK4Pn877]{Symbol of Forbiddance}</td></tr></tbody></table><p>When you create this symbol, choose an action type: <strong>Attack</strong>, <strong>Guard</strong>, <strong>Objective</strong>, <strong>Spell</strong>, or <strong>Skill</strong>. When the creature bearing this <strong>symbol </strong>performs the chosen action, they lose 5 Hit Points and 5 Mind Points (<strong>before </strong>performing that action). Both amounts increase to 10 if you are <strong>level 20 or higher</strong>, or to 20 if you are <strong>level 40 or higher</strong>.</p><table border=""1""><colgroup><col></col></colgroup><tbody><tr><td><strong>SYMBOL</strong></td></tr><tr><td>@UUID[Compendium.projectfu.skills.Item.CP9b72ogOaEdOfMg]{Symbol of Growth}</td></tr></tbody></table><p>Spells with a <strong>target </strong>of “Up to three creatures” cast by the creature bearing this <strong>symbol </strong>have a <strong>target </strong>of “Up to four creatures” instead. The creature still needs to spend additional Mind Points for a fourth target.</p><table border=""1""><colgroup><col></col></colgroup><tbody><tr><td><strong>SYMBOL</strong></td></tr><tr><td>@UUID[Compendium.projectfu.skills.Item.cdGykEcach4ktPAV]{Symbol of Metamorphosis}</td></tr></tbody></table><p>When you create this symbol, choose a Species: <strong>beast</strong>, <strong>construct</strong>, <strong>demon</strong>, <strong>elemental</strong>, <strong>monster</strong>, <strong>plant</strong>, or <strong>undead</strong>. The creature bearing this <strong>symbol </strong>is treated as belonging to the chosen Species for the sake of Skills and effects, instead of their normal Species (this does <strong>not </strong>otherwise alter any of the creature’s profile, such as their Affinities or any special rules they may have). This <strong>symbol cannot</strong> be applied to Player Characters</p><table style=""width:100%;height:51px"" border=""1""><colgroup><col style=""width:99.8408%""></col></colgroup><tbody><tr style=""height:17px""><td style=""height:17px""><strong>SYMBOL</strong></td></tr><tr style=""height:34px""><td style=""height:34px"">@UUID[Compendium.projectfu.skills.Item.KKldqSKGvST62xI1]{Symbol of Prosperity}</td></tr></tbody></table><p>When the creature bearing this <strong>symbol </strong>spends 1 Fabula Point to <strong>invoke a Trait or Bond</strong>, they also receive 100 zenit.</p><table border=""1""><colgroup><col></col></colgroup><tbody><tr><td><strong>SYMBOL</strong></td></tr><tr><td>@UUID[Compendium.projectfu.skills.Item.8ZSKkQu1aIZzVl1x]{Symbol of Protection}</td></tr></tbody></table><p>When you create this <strong>symbol</strong>, choose a damage type: <strong>air</strong>, <strong>bolt</strong>, <strong>dark</strong>, <strong>earth</strong>, <strong>fire</strong>, <strong>ice</strong>, <strong>light</strong>, or <strong>poison</strong>. The creature bearing this <strong>symbol </strong>gains Resistance to the chosen damage type.</p><table border=""1""><colgroup><col></col></colgroup><tbody><tr><td><strong>SYMBOL</strong></td></tr><tr><td>@UUID[Compendium.projectfu.skills.Item.9nJVufRrPpqtlnqM]{Symbol of Rebellion}</td></tr></tbody></table><p>If a <strong>Villain </strong>is present on the scene, any Opposed Checks made by the creature bearing this <strong>symbol </strong>trigger a <strong>critical success</strong> when both dice show the same number (as long as the Check is not a <strong>fumble</strong>).</p><table border=""1""><colgroup><col></col></colgroup><tbody><tr><td><strong>SYMBOL</strong></td></tr><tr><td>@UUID[Compendium.projectfu.skills.Item.9jbjucRoYnGMzhrX]{Symbol of Rebirth}</td></tr></tbody></table><p>If the creature bearing this <strong>symbol </strong>is about to be reduced to 0 Hit Points, they may destroy this <strong>symbol</strong>: if they do, they are instead reduced to exactly 1 Hit Point.</p><table style=""width:100%;height:51px"" border=""1""><colgroup><col style=""width:99.8408%""></col></colgroup><tbody><tr style=""height:17px""><td style=""height:17px""><strong>SYMBOL</strong></td></tr><tr style=""height:34px""><td style=""height:34px"">@UUID[Compendium.projectfu.skills.Item.WaUaCDP2JzHSLbTy]{Symbol of Revenge}</td></tr></tbody></table><p>When a creature in <strong>Crisis </strong>hits the creature bearing this <strong>symbol </strong>with an attack or offensive spell ( <strong>@ICON[offensive]</strong> ), the creature in <strong>Crisis </strong>recovers 5 Hit Points and 5 Mind Points.</p><table border=""1""><colgroup><col></col></colgroup><tbody><tr><td><strong>SYMBOL</strong></td></tr><tr><td>@UUID[Compendium.projectfu.skills.Item.XOrWUE6boHzXhAdF]{Symbol of Sacrifice}</td></tr></tbody></table><p>When the creature bearing this <strong>symbol </strong>suffers damage, if you are able to see them, you may destroy this <strong>symbol</strong>: if you do, you suffer the same amount of damage instead<br />of that creature.</p><table border=""1""><colgroup><col></col></colgroup><tbody><tr><td><strong>SYMBOL</strong></td></tr><tr><td>@UUID[Compendium.projectfu.skills.Item.SWhDqdjU2KYWDRK5]{Symbol of Sorcery}</td></tr></tbody></table><p>The total Mind Point cost of spells that target the creature bearing this <strong>symbol </strong>is reduced by 5 MP (to a minimum total cost of 5 MP). If a spell targets multiple creatures bearing this <strong>symbol</strong>, the effect will be <strong>cumulative</strong>.</p><table border=""1""><colgroup><col></col></colgroup><tbody><tr><td><strong>SYMBOL</strong></td></tr><tr><td>@UUID[Compendium.projectfu.skills.Item.FqGCSJ0ZIHp3p8tQ]{Symbol of Truth}</td></tr></tbody></table><p>Checks performed to examine or locate the creature bearing this <strong>symbol</strong>, as well as Accuracy Checks and Magic Checks for attacks and offensive spells (r) that include the creature bearing this <strong>symbol </strong>among their targets, gain a +2 bonus. If an attack or spell targets multiple creatures bearing this <strong>symbol</strong>, the effect will be <strong>cumulative</strong>.</p><table border=""1""><colgroup><col></col></colgroup><tbody><tr><td><strong>SYMBOL</strong></td></tr><tr><td>@UUID[Compendium.projectfu.skills.Item.mP9ngLOdPcZfCyoM]{Symbol of Weakness}</td></tr></tbody></table><p>When you create this <strong>symbol</strong>, choose a damage type: <strong>air</strong>, <strong>bolt</strong>, <strong>dark</strong>, <strong>earth</strong>, <strong>fire</strong>, <strong>ice</strong>, <strong>light</strong>, or <strong>poison</strong>. The creature bearing this <strong>symbol </strong>suffers 5 extra damage from sources dealing damage of the chosen type.</p>",
[Handout: Symbol Rules],
"<p><span class=""fontstyle0""><strong>Symbols </strong></span><span class=""fontstyle2"">follow a set of special rules.</span></p><ul><li><p><span class=""fontstyle2"">A creature may </span><span class=""fontstyle0""><strong>only bear one symbol at a time</strong> </span><span class=""fontstyle2"">— if they receive a new </span><span class=""fontstyle0""><strong>symbol</strong></span><span class=""fontstyle2"">, regardless of source, any previous </span><span class=""fontstyle0"">symbol </span><span class=""fontstyle2"">is destroyed.</span></p></li><li><p><strong>Symbols </strong><span class=""fontstyle2"">and their effects have unlimited durations until destroyed.</span></p></li><li><p><span class=""fontstyle2"">If a Symbolist dies, each </span><span class=""fontstyle0""><strong>symbol </strong></span><span class=""fontstyle2"">they created is immediately and automatically destroyed.</span></p></li><li><p><span class=""fontstyle2"">If a creature bearing a </span><span class=""fontstyle0""><strong>symbol </strong></span><span class=""fontstyle2"">dies, that </span><span class=""fontstyle0""><strong>symbol </strong></span><span class=""fontstyle2"">is also destroyed. </span>However, if the creature is an NPC that simply changes its form and statistics when reduced to 0 Hit Points, that does not remove the <strong>symbol</strong><span style=""font-family:var(--font-primary)"">: </span>in short, the symbol is “narratively” tied to that specific character, not to their current manifestation and parameters.</p></li><li><p><span class=""fontstyle2"">A Villain may, during a Game Master scene, spend 1 Ultima Point to destroy any number of </span><span class=""fontstyle0""><strong>symbols </strong></span><span class=""fontstyle2"">borne by themselves and by any of their allies that are present during that scene. </span>This is the <strong>only possible way to remove a symbol</strong> against the will of the Symbolist who created it, save for the use of an <strong>opportunity </strong>appropriate to the scene or an NPC Skill specifically created by the GM (but this should be done no more than two or three times per campaign).</p></li><li><p>A Symbolist may destroy any number of their <strong>symbols</strong> at any time, no action required.</p></li><li><p><span class=""fontstyle0"">If a </span><strong>symbol </strong><span class=""fontstyle0"">requires you to make a choice when it is created, that choice applies to all copies of the </span><strong>symbol </strong><span class=""fontstyle0"">created with that action (but does not affect any copies of that </span><strong>symbol </strong><span class=""fontstyle0"">created through previous actions).</span> </p></li></ul><blockquote><p><span class=""fontstyle2""><em>For instance, if a Symbolist applies two </em></span><span class=""fontstyle0""><em><strong>symbols of weakness (fire)</strong> </em></span><span class=""fontstyle2""><em>through the </em></span><span class=""fontstyle0""><em>@UUID[Compendium.projectfu.skills.Item.Twj3wpoMzSpUE3Go]{Symbolism}<strong> </strong></em></span><span class=""fontstyle2""><em>Skill, combining it with an attack with the </em></span><span class=""fontstyle0""><em><strong>multi (2)</strong> </em></span><span class=""fontstyle2""><em>property, the creatures who receive those </em></span><span class=""fontstyle0""><em><strong>symbols </strong></em></span><span class=""fontstyle2""><em>will suffer extra damage from </em></span><span class=""fontstyle0""><em><strong>fire</strong></em></span><span class=""fontstyle2""><em>. If shortly afterwards the Symbolist applies a </em></span><span class=""fontstyle0""><em><strong>symbol of weakness (bolt)</strong> </em></span><span class=""fontstyle2""><em>on a third creature, the two previous creatures will still receive extra damage from </em></span><span class=""fontstyle0""><em><strong>fire</strong></em></span><span class=""fontstyle2""><em>, not </em></span><span class=""fontstyle0""><em><strong>bolt</strong></em></span><span class=""fontstyle2""><em>.</em></span></p></blockquote><p><span class=""fontstyle2"">Remember that the maximum number of </span><span class=""fontstyle0""><strong>symbols </strong></span><span class=""fontstyle2"">you may have active at the same time is based on your Skill Level in </span><span class=""fontstyle0""><strong>Symbolism</strong></span><span class=""fontstyle2"">.</span></p><h3>ALL SYMBOLS</h3><p>@UUID[Compendium.projectfu.skills.Item.v1HYJJsqOzPWrYv8]{[Handout: Symbol List]}</p>",
[Handout: Therioform List],
[Handout: Therioform Rules],
[Handout: Tone List],
"<table style=""width:100%;height:34px;border:1px solid black""><tbody><tr style=""height:17px""><td style=""height:17px""><p><strong>CALM TONE</strong></p></td></tr><tr style=""height:17px""><td style=""height:17px""><p>@UUID[Compendium.projectfu.skills.Item.XCtijox9eBrBNSno]{Calm Tone}</p></td></tr></tbody></table><p>Each target recovers <strong>【key recovery】</strong> equal to <strong>【10 + twice your current Willpower die size】</strong>. This amount increases by 10 if you are level <strong>20 or higher</strong>, or by 20 if you are level 40 or higher.</p><table style=""width:100%;height:34px;border:1px solid black""><tbody><tr style=""height:17px""><td style=""height:17px""><p><strong>ENERGETIC TONE</strong></p></td></tr><tr style=""height:17px""><td style=""height:17px""><p>@UUID[Compendium.projectfu.skills.Item.XvkMOHPXUg0ikDkf]{Energetic Tone}</p></td></tr></tbody></table><p>Until the start of your next turn, when a target succeeds on a Check that includes <strong>【key Attribute】</strong> and that Check allows them to advance or turn back a Clock, they may fill or erase an additional section of that Clock.</p><table style=""width:100%;height:34px;border:1px solid black""><tbody><tr style=""height:17px""><td style=""height:17px""><p><strong>FRANTIC TONE</strong></p></td></tr><tr style=""height:17px""><td style=""height:17px""><p>@UUID[Compendium.projectfu.skills.Item.mtKts9zjHlweSVk4]{Frantic Tone}</p></td></tr></tbody></table><p>Each target suffers <strong>【key type】</strong> damage equal to <strong>twice</strong> your current <strong>Willpower</strong> die size. This tone deals 10 extra damage if you are level 20 or higher, or 20 extra damage if you are level 40 or higher.</p><table style=""width:100%;height:34px;border:1px solid black""><tbody><tr style=""height:17px""><td style=""height:17px""><p><strong>HAUNTING TONE</strong></p></td></tr><tr style=""height:17px""><td style=""height:17px""><p>@UUID[Compendium.projectfu.skills.Item.CynydNkxJS1HZVlJ]{Haunting Tune}</p></td></tr></tbody></table><p>Each target suffers <strong>【key status effect】</strong>. Each target also loses Resistance to <strong>【key type】</strong> damage (if they have it) until the start of your next turn.</p><table style=""width:100%;height:34px;border:1px solid black""><tbody><tr style=""height:17px""><td style=""height:17px""><p><strong>LIVELY TONE</strong></p></td></tr><tr style=""height:17px""><td style=""height:17px""><p>@UUID[Compendium.projectfu.skills.Item.zLxqETSi6zbRkWKu]{Lively Tone}</p></td></tr></tbody></table><p>Each target treats their <strong>【key Attribute】</strong> as being one die size higher (up to a maximum of <strong>【d12】</strong>) until the start of your next turn.</p><table style=""width:100%;height:34px;border:1px solid black""><tbody><tr style=""height:17px""><td style=""height:17px""><p><strong>MENACING TONE</strong></p></td></tr><tr style=""height:17px""><td style=""height:17px""><p>@UUID[Compendium.projectfu.skills.Item.8QMh3jUtgmIMy9Jb]{Menacing Tone}</p></td></tr></tbody></table><p>The first time each target suffers damage before the start of your next turn, that damage becomes <strong>【key type】</strong>. This can trigger once for each target of the verse, separately.</p><table style=""width:100%;height:34px;border:1px solid black""><tbody><tr style=""height:17px""><td style=""height:17px""><p><strong>SOLEMN TONE</strong></p></td></tr><tr style=""height:17px""><td style=""height:17px""><p>@UUID[Compendium.projectfu.skills.Item.yidpNKJQMA7dSBsc]{Solemn Tone}</p></td></tr></tbody></table><p>Each target recovers from <strong>【key status effect】</strong>. Each target also gains Resistance to <strong>【key type】</strong> damage until the start of your next turn.</p>",
[Handout: Vehicle Rules],
"<p>A Pilot's <strong>personal vehicle</strong> follows a set of special rules.</p><ul><li><p><span class=""fontstyle2"">Entering </span><span class=""fontstyle3"">the </span><span class=""fontstyle2""><strong>personal vehicle</strong> </span><span class=""fontstyle3"">during a conflict requires the </span><span class=""fontstyle2""><strong>Objective</strong> </span><span class=""fontstyle3"">action.<br />Normally there is no Check required, but the Game Master may introduce a </span><span class=""fontstyle2""><strong>Clock</strong> </span><span class=""fontstyle3"">if there are serious dangers or obstacles. If the </span><span class=""fontstyle2""><strong>personal vehicle</strong> </span><span class=""fontstyle3"">is accessible when the conflict begins, characters may </span><span class=""fontstyle2""><strong>enter it immediately</strong> </span><span class=""fontstyle3"">before the Initiative Check (see </span><span class=""fontstyle2""><strong>Core Rulebook</strong></span><span class=""fontstyle3"">, page </span><span class=""fontstyle2""><strong>59</strong></span><span class=""fontstyle3"">).</span></p></li><li><p><span class=""fontstyle2""><strong>Leaving</strong> </span><span class=""fontstyle3"">the </span><span class=""fontstyle2""><strong>personal vehicle</strong> </span><span class=""fontstyle3"">doesn’t require an action, but during a conflict it can only be done on your turn, </span><span class=""fontstyle2""><strong>before or after</strong> </span><span class=""fontstyle3"">an action.</span></p></li><li><p><span class=""fontstyle3"">The </span><span class=""fontstyle2""><strong>personal vehicle</strong> </span><span class=""fontstyle3"">can contain a variable number of human-sized creatures depending on its </span><span class=""fontstyle2""><strong>frame</strong> </span><span class=""fontstyle3"">and </span><span class=""fontstyle2""><strong>modules</strong></span><span class=""fontstyle3"">, but </span><span class=""fontstyle2""><strong>only its Pilot may drive it</strong></span><span class=""fontstyle3"">. Additionally, the other passengers </span><span class=""fontstyle2""><strong>cannot cover creatures</strong> </span><span class=""fontstyle3"">when they perform the </span><span class=""fontstyle2""><strong>Guard</strong> </span><span class=""fontstyle3"">action.</span></p></li><li><p><span class=""fontstyle3"">The </span><span class=""fontstyle2""><strong>maximum number of modules enabled at the same time</strong> </span><span class=""fontstyle3"">on a </span><span class=""fontstyle2""><strong>personal vehicle </strong></span><span class=""fontstyle3"">is equal to </span><span class=""fontstyle4""><strong>【</strong></span><span class=""fontstyle2""><strong>3 + its Pilot’s SL in Personal Vehicle</strong></span><span class=""fontstyle4""><strong>】</strong> </span><span class=""fontstyle3"">. The Pilot may freely reassign their personal vehicle’s enabled and disabled modules outside conflicts.</span></p></li></ul><p><span class=""fontstyle0"">A </span><span class=""fontstyle2"">personal vehicle </span><span class=""fontstyle0"">is made of the following elements:</span></p><ul><li><p><span class=""fontstyle0"">A </span><span class=""fontstyle2"">frame </span><span class=""fontstyle0"">that informs its general shape: </span><span class=""fontstyle2"">@UUID[Compendium.projectfu.vehicle-modules.Item.f3h3SoN0g7i31Kj9]{Steed} </span><span class=""fontstyle0"">for riding animals, bikes, small fighters, skateboards and the likes; </span><span class=""fontstyle2"">@UUID[Compendium.projectfu.vehicle-modules.Item.WG1xG12wMYh2ROoP]{Exoskeleton} </span><span class=""fontstyle0"">for power armor and mechanical limbs; </span><span class=""fontstyle2"">@UUID[Compendium.projectfu.vehicle-modules.Item.2AYyeXm0V4Fu1x6G]{Mecha} </span><span class=""fontstyle0"">for large combat robots piloted from within. Each Pilot must pick the </span><span class=""fontstyle2""><strong>frame</strong> </span><span class=""fontstyle0"">for their </span><span class=""fontstyle2""><strong>personal vehicle</strong> </span><span class=""fontstyle0"">when they obtain the Skill. This remains unchanged for the rest of the game, so make sure to choose carefully based on your character’s style and personality, and consider the role they will have in the campaign. For instance, choosing a fighter plane doesn’t make much sense if your story takes place in the slums of a cyberpunk megalopolis (how about an anti-gravity bike instead?).</span></p></li><li><p><span class=""fontstyle0"">A variable number of </span><span class=""fontstyle2""><strong>weapon modules</strong></span><span class=""fontstyle0""><strong>, </strong></span><span class=""fontstyle2""><strong>armor modules</strong></span><span class=""fontstyle0""><strong>, </strong>and </span><span class=""fontstyle2""><strong>support modules</strong> </span><span class=""fontstyle0"">that can be connected to the </span><span class=""fontstyle2""><strong>personal vehicle</strong></span><span class=""fontstyle0"">’s control systems (enabled) or kept inactive but still attached to the frame (disabled). Some options, such as the </span><span class=""fontstyle2"">@UUID[Compendium.projectfu.skills.Item.BuqR9EZDFMn5lDGG]{Flexible Configuration} </span><span class=""fontstyle0"">Skill and the </span><span class=""fontstyle2"">@UUID[Compendium.projectfu.vehicle-modules.Item.7qyCrf1eK0X6bYTH]{Secondary Offensive}</span><span class=""fontstyle0"">, may allow you to quickly enable and disable modules, or to briefly activate a disabled module.</span></p></li></ul><p><span class=""fontstyle0"">The upcoming pages contain a detailed explanation of the various module types and the rules governing them, followed by lists of standard </span><span class=""fontstyle2""><strong>frames</strong> </span><span class=""fontstyle0"">and </span><span class=""fontstyle2""><strong>modules</strong></span><span class=""fontstyle0"">.</span></p>",
[Handout: Verses Rules],
"<h3>SINGING A VERSE</h3><p>When you sing a <strong>verse</strong>, you combine a <strong>volume</strong>, a <strong>key </strong>and a <strong>tone </strong>you learned. These three aspects determine the <strong>verse</strong>’s MP cost, targets and effect.</p><p>The <strong>volume </strong>determines the sound intensity of your <strong>verse </strong>(and the creatures you can reach with it).</p><ul><li>Each <strong>tone </strong>determines the general effects of your <strong>verse</strong>. To find the full list of Tones please refer to the these lists of @UUID[Compendium.projectfu.skills.Item.c8jU0AIm1nOBRQaX]{[Handout: Key List]} and @UUID[Compendium.projectfu.skills.Item.dzv1DzQ6N3FKATek]{[Handout: Tone List]}.</li><li>Each key has an associated damage type, status effect, Attribute, and recovery. These modify the effects determined by the tone of your verse.</li></ul><blockquote><p><em><strong>Example:</strong> you might combine a <strong>low volume </strong>with the <strong>key of Flame </strong>and a <strong>haunting tone </strong>to inflict <strong>shaken </strong>on a single creature for 10 Mind Points, or you could combine a <strong>medium volume </strong>with the <strong>key of Iron </strong>and an <strong>energetic tone </strong>to allow your allies to make additional progress on Clocks when using <strong>Willpower</strong>.</em></p></blockquote><p></p><table style=""width:96.8701%;height:68px;border:1px solid black""><colgroup><col style=""width:12.2257%""></col><col style=""width:4.85893%""></col><col style=""width:82.9154%""></col></colgroup><tbody><tr style=""height:17px""><td style=""height:17px""><strong>Volume</strong></td><td style=""text-align:center;height:17px""><strong>MP</strong></td><td style=""height:17px""> <strong>Targets</strong></td></tr><tr style=""height:17px""><td style=""height:17px""><strong>Low</strong></td><td style=""text-align:center;height:17px""><strong>10</strong></td><td style=""height:17px""> <span class=""fontstyle0"">Yourself </span><span class=""fontstyle2"">or </span><span class=""fontstyle0"">another creature you can see who can hear you.</span> </td></tr><tr style=""height:17px""><td style=""height:17px""><strong>Medium</strong></td><td style=""text-align:center;height:17px""><strong>20</strong></td><td style=""height:17px""> <span class=""fontstyle0"">Every ally who can hear you.</span> </td></tr><tr style=""height:17px""><td style=""height:17px""><strong>High</strong></td><td style=""text-align:center;height:17px""><strong>30</strong></td><td style=""height:17px""> <span class=""fontstyle0"">Every enemy who can hear you.</span> </td></tr></tbody></table><p> </p><table style=""width:96.5571%;height:153px;border:1px solid black""><colgroup><col style=""width:14.4231%""></col><col style=""width:16.8269%""></col><col style=""width:21.7949%""></col><col style=""width:21.9551%""></col><col style=""width:25.1603%""></col></colgroup><tbody><tr style=""height:17px""><td style=""height:17px""><strong>Key</strong></td><td style=""height:17px;text-align:center""><strong>Type</strong></td><td style=""height:17px;text-align:center""><strong>Status Effect</strong></td><td style=""height:17px;text-align:center""><strong>Attribute</strong></td><td style=""height:17px;text-align:center""><strong>Recovery</strong></td></tr><tr style=""height:17px""><td style=""height:17px;text-align:left""><strong>Flame</strong></td><td style=""height:17px;text-align:center""><span class=""fontstyle0""><strong>Fire</strong> @ICON[fire]</span></td><td style=""height:17px;text-align:center""><strong>Shaken</strong> </td><td style=""height:17px;text-align:center""><strong>Might</strong></td><td style=""height:17px;text-align:center""><strong>Hit Points</strong></td></tr><tr style=""height:17px""><td style=""height:17px""><strong>Frost</strong></td><td style=""height:17px;text-align:center""><span class=""fontstyle0""><strong>Ice</strong> @ICON[ice]</span></td><td style=""height:17px;text-align:center""><strong>Weak</strong></td><td style=""height:17px;text-align:center""><strong>Willpower</strong></td><td style=""height:17px;text-align:center""><strong>Mind Points</strong></td></tr><tr style=""height:17px""><td style=""height:17px""><strong>Iron</strong></td><td style=""height:17px;text-align:center""><span class=""fontstyle0""><strong>Physical</strong> @ICON[physical]</span></td><td style=""height:17px;text-align:center""><strong>Slow</strong></td><td style=""height:17px;text-align:center""><strong>Willpower</strong></td><td style=""height:17px;text-align:center""><strong>Mind Points</strong></td></tr><tr style=""height:17px""><td style=""height:17px""><strong>Radiance</strong></td><td style=""height:17px;text-align:center""><strong>Light</strong> @ICON[light]</td><td style=""height:17px;text-align:center""><strong>Dazed</strong></td><td style=""height:17px;text-align:center""><strong>Insight</strong></td><td style=""height:17px;text-align:center""><strong>Hit Points</strong></td></tr><tr style=""height:17px""><td style=""height:17px""><strong>Shadow</strong></td><td style=""height:17px;text-align:center""><strong>Dark</strong> @ICON[dark]</td><td style=""height:17px;text-align:center""><strong>Weak</strong></td><td style=""height:17px;text-align:center""><strong>Dexterity</strong></td><td style=""height:17px;text-align:center""><strong>Mind Points</strong></td></tr><tr style=""height:17px""><td style=""height:17px""><strong>Stone</strong></td><td style=""height:17px;text-align:center""><strong>Earth</strong> @ICON[earth]</td><td style=""height:17px;text-align:center""><strong>Dazed</strong></td><td style=""height:17px;text-align:center""><strong>Might</strong></td><td style=""height:17px;text-align:center""><strong>Hit Points</strong></td></tr><tr style=""height:17px""><td style=""height:17px""><strong>Thunder</strong></td><td style=""height:17px;text-align:center""><strong>Bolt</strong> @ICON[bolt]</td><td style=""height:17px;text-align:center""><strong>Shaken</strong></td><td style=""height:17px;text-align:center""><strong>Dexterity</strong></td><td style=""height:17px;text-align:center""><strong>Hit Points</strong></td></tr><tr style=""height:17px""><td style=""height:17px""><strong>Wind</strong></td><td style=""height:17px;text-align:center""><strong>Air</strong> @ICON[air]</td><td style=""height:17px;text-align:center""><strong>Slow</strong></td><td style=""height:17px;text-align:center""><strong>Insight</strong></td><td style=""height:17px;text-align:center""><strong>Mind Points</strong></td></tr></tbody></table>",
[Handout: Weapon Modules],
Brainwave Clock,
"<ul><li><p>For <strong>gift</strong> breakdown and a list of Psychic Gifts, refer to: @UUID[Compendium.projectfu.handouts.JournalEntry.mcjpTrTkosKxoyCc]{Psychic Gift Rules}</p></li></ul>",
Magitech Override,
"<p><strong>Required:</strong> Basic Benefits in @UUID[Compendium.projectfu.skills.Item.EmwWSYlFjlUSGPLL]{Gadget- Magitech}</p><p>You may use an action and spend 10 Mind Points to perform an Opposed <strong>【INS + INS】 </strong>Check against a nearby <strong>soldier</strong>-rank <strong>construct </strong>you can see (the Game Master must tell you who is a valid target). If you succeed, you gain control of the creature until the end of the scene (the Game Master gives you its profile). You may only control <strong>one construct at any given time</strong>, but may set it free whenever you want; the <strong>construct </strong>is also set free as soon as it is harmed by you or by one of your allies. Once free, the <strong>construct</strong> is again in control of its actions and might turn against you. </p><p></p>",
Absorb MP,
"<p>After you suffer damage, you may immediately recover <strong>【SL × 2】 </strong>Mind Points.</p><hr /><ul><li><p><strong>You Recover: </strong>@GAIN[2*$sl mp]{SL × 2 MP}</p></li></ul>",
Adrenaline,
"<p>As long as you are in <strong>Crisis</strong>, you deal <strong>【SL × 2】</strong> extra damage (be it with attacks, spells, Arcana, items or any other method).</p>",
"<p><span style=""font-family:'PT Sans Narrow', sans-serif"">As long as you are in <strong style=""box-sizing:border-box;user-select:text;margin:0px;padding:0px;color:rgb(25, 24, 19);font-family:'PT Sans Narrow', sans-serif;font-size:16px;font-style:normal;font-variant-ligatures:normal;font-variant-caps:normal;letter-spacing:normal;orphans:2;text-align:start;text-indent:0px;text-transform:none;white-space:normal;widows:2;word-spacing:0px;-webkit-text-stroke-width:0px;text-decoration-thickness:initial;text-decoration-style:initial;text-decoration-color:initial"">Crisis</strong>, you deal<strong style=""box-sizing:border-box;user-select:text;margin:0px;padding:0px;color:rgb(25, 24, 19);font-family:'PT Sans Narrow', sans-serif;font-size:16px;font-style:normal;font-variant-ligatures:normal;font-variant-caps:normal;letter-spacing:normal;orphans:2;text-align:start;text-indent:0px;text-transform:none;white-space:normal;widows:2;word-spacing:0px;-webkit-text-stroke-width:0px;text-decoration-thickness:initial;text-decoration-style:initial;text-decoration-color:initial"">【SL × 2</strong><strong style=""box-sizing:border-box;user-select:text;margin:0px;padding:0px"">】</strong>extra damage (be it with attacks, spells, Arcana, items or any other method). </span></p>",
Agony,
"<p>After you deal damage to one or more creatures, if you have a <strong>Bond</strong> towards at least one of those creatures, you may recover <strong>【SL × 2】</strong> Hit Points and <strong>【SL × 2】</strong> Mind Points.</p><hr /><ul><li><p><strong>You Recover: </strong>@GAIN[$sl*2 hp]{SL × 2 HP}, and @GAIN[$sl*2 mp]{SL × 2 MP}</p></li></ul>",
Akromorphosis,
"<p>Your <strong>unarmed strikes</strong> deal <strong>【6 + (SL × 2)】</strong> extra damage, and you gain a bonus equal to <strong>【SL】</strong> to your Accuracy Checks with them.</p><p>At the start of your turn during a conflict, you may choose a weapon Category other than <strong>brawling</strong>. If you do, your <strong>unarmed strikes</strong> now belong to the chosen Category; if you choose <strong>bow</strong>, <strong>firearm</strong> or <strong>thrown</strong>, they become <strong>ranged</strong> weapons instead of <strong>melee</strong>; if you choose <strong>dagger</strong> or <strong>sword</strong>, they cannot be used with <strong>Triple Slash</strong> (see <strong>High Fantasy Atlas</strong>, page <strong>161</strong>). These changes last until the start of your next turn.</p><hr /><ul><li><p>To <strong>automate, </strong>add @UUID[Compendium.projectfu.skills.XlN2TtdK4Sn4ssQS]{Unarmed Strike: Mutant} to your character sheet to automate the bonuses.</p></li></ul>",
Arcane Circle,
"<p>After you willingly <strong>dismiss</strong> an Arcanum on your turn during a conflict (see <strong>Core Rulebook</strong>, page <strong>178</strong>), if that Arcanum had not been <strong>summoned</strong> during this same turn and you have an <strong>arcane</strong> weapon equipped, you may immediately perform the <strong>Spell</strong> action for free. The spell you cast this way must have a <strong>total Mind Point cost of 【SL × 5】 or lower</strong> (you must still pay the spell's MP cost).</p>",
Arcane Regeneration,
"<p>When you summon an Arcanum, you immediately recover <strong>【SL × 5】</strong> Hit Points.</p><hr /><ul><li><p><strong>You Recover:</strong> @GAIN[&amp;sl(""arcane-regeneration"")*5 hp]{SL × 5 HP}</p></li></ul>",
Barrage,
"<p>When you perform a <strong>ranged</strong> attack, you may spend 10 Mind Points to choose one option: the attack gains <strong>multi (2)</strong>; <strong>or</strong> you increase the attack's <strong>multi</strong> property by one, up to a maximum of <strong>multi (3)</strong>.</p>",
Battle Gardening,
"<p><span>After you </span><strong>plant a magiseed</strong><span> through the </span><strong>Chloromancy</strong><span> Skill (not when using <strong>Graft</strong>), you may choose one option: you perform a <strong>free attack</strong> with an equipped weapon; <strong>or</strong> perform the <strong>Spell</strong> action for free, casting a spell with a <strong>total Mind Point cost equal to or lower than【5 + (SL × 5)】</strong>(you must still pay its MP cost). Treat the <strong>High Roll (HR)</strong> of your Accuracy Check or Magic Check as being equal to 0 when determining damage dealt by this attack or spell.</span></p>",
Beyond The Realms Of Death,
"<p>When another creature you can see loses Hit Points while in Crisis, if they are not undead, you gain <strong>1 Grave Point</strong>. You may never have more than <strong>【SL + 1】 </strong>Grave Points.</p><p>When you are reduced to 0 Hit Points, you <strong>lose all Grave Points</strong>; then, if you lost at least 1 Grave Point this way and this is the <strong>first time</strong> you are reduced to 0 HP during this scene, you do not <strong>Surrender</strong> nor <strong>Sacrifice</strong> yourself: instead, you recover an amount of HP equal to <strong>【SL, multiplied by the amount of Grave Points you lost this way】</strong> .</p><hr /><ul><li><p><strong>You Recover:</strong> @GAIN[(@item.level.value)+(@item.rp.current) hp]{SL × Lost Grave Points HP}</p></li></ul>",
Grave Points,
Bind and Summon,
"<p>You may <strong>bind</strong> Arcana to your soul and <strong>summon</strong> them later. The Game Master will tell you the details of each binding process when you first encounter the Arcanum in question.</p><p>You may use an action and spend 40 Mind Points to <strong>summon</strong> an Arcanum you have bound: the details of this process are explained on the next page.</p><p>If you take this Skill at character creation, you begin play with one Arcanum of your choice already bound to you, chosen from the list on the next pages. Other than that, you may only obtain new Arcana through exploration and story progression.</p><hr /><ul><li><p>For <strong>arcana</strong> breakdown and a list of Arcanums, refer to: @UUID[Compendium.projectfu.handouts.JournalEntry.sO33zynz6ZsBDpFR]{Arcana Rules}</p></li></ul><p></p>",
Biophagy,
"<p>After one of your attacks or offensive spells ( @ICON[offensive] ) causes one or more enemies to lose Hit Points, if you are in <strong>Crisis</strong>, you may recover <strong>【SL × 5】</strong> Hit Points.</p><hr /><ul><li><p><strong>You Recover: </strong>@GAIN[$sl*5 hp]{SL × 5 HP}</p></li></ul>",
"<div class=""stackedit__html""><p><span class=""fontstyle0"">After one of your attacks or offensive spells (</span><span class=""fontstyle2"">@ICON[offensive]</span><span class=""fontstyle0"">) causes one or more enemies to lose Hit Points, if you are in </span><span class=""fontstyle3""><strong>Crisis</strong></span><span class=""fontstyle0"">, you may recover</span><span class=""fontstyle4""><strong>【</strong></span><span class=""fontstyle3""><strong>SL × 5</strong></span><span class=""fontstyle4""><strong>】</strong></span><span class=""fontstyle0"">Hit Points.</span></p></div>",
Bishop's Edict,
"<p>During a conflict, you may use an action and spend 10 Mind Points to choose one option: all MP costs are doubled; <strong>or</strong> all sources of damage deal <strong>【SL × 3】</strong> extra damage.</p><p>The chosen effect lasts until the start of your next turn.</p><hr /><ul><li><p><strong>Targets Suffers:</strong> @EFFECT[Compendium.projectfu.skills.Item.uxc0tTLb3If2Denp]{Effect: Bishop's Edict (Extra Damage)}</p></li></ul>",
Bladestorm,
"<p>When you perform a <strong>melee</strong> attack, you may spend 10 Mind Points to choose one option: the attack gains <strong>multi (2)</strong>; <strong>or</strong> you increase the attack's <strong>multi</strong> property by one, up to a maximum of <strong>multi (3)</strong>.</p>",
Bodyguard,
"<p>If you perform the <strong>Guard</strong> action and choose to provide cover to another creature, that creature gains Resistance to all damage types until the start of your next turn.</p><hr /><ul><li><p><strong>Target Receive:</strong> @EFFECT[cover] + @TYPE[affinity all resistance e:sot i:1 t:source]</p></li></ul>",
Bone Crusher,
"<p>When you hit one or more targets with a <strong>melee</strong> attack that would deal damage, you may have the attack deal no damage. If you do, choose one option: inflict <strong>dazed </strong>on each target hit by the attack; <strong>or</strong> inflict <strong>weak</strong> on each target hit by the attack; <strong>or</strong> each target hit by the attack loses <strong>【SL × 10】</strong> Mind Points. Describe your maneuver!</p><hr /><ul><li><p><strong>Target Suffers: </strong>@EFFECT[dazed], @EFFECT[weak], or @LOSS[$sl*10 mp]{SL × 10 MP}</p></li></ul>",
"<p>You may use an action and spend 5 Mind Points to perform a <strong>free attack</strong> with a <strong>melee</strong> weapon you have equipped. This attack must target a <strong>single creature</strong>. If the attack is successful, it deals no damage and you choose one option: you destroy one shield equipped by the target; <strong>or</strong> you destroy the target's equipped armor; <strong>or</strong> whenever the target suffers damage from a source before the start of your next turn, that source deals <strong>【SL × 2】</strong> extra damage to them.</p><hr><ul><li><p><strong>Target Suffers</strong>: @EFFECT[Compendium.projectfu.skills.Cc1391vhlS1yIMrI]</p></li></ul>",
Cataclysm,
"<p>When you cast an <strong>instantaneous</strong> spell, if you have an <strong>arcane</strong> weapon equipped, you may increase the spell's total MP cost by up to <strong>【SL × 10】</strong> Mind Points. If you do so and the spell deals damage to one or more creatures, it will deal 5 extra damage to each creature for every 10 Mind Points by which you increased its total MP cost.</p>",
Charging Cavalry,
"<p>During a conflict, you may use an action and spend 10 Mind Points to choose one ally that can hear you. That ally may immediately perform a <strong>free attack</strong> with a weapon they have equipped (or with a <strong>basic attack</strong> if they are an NPC). They gain a bonus equal to <strong>【SL】</strong> to the Accuracy Check, but treat their <strong>High Roll (HR)</strong> as 0 when calculating damage.</p>",
Cheap Shot,
"<p>When you hit a creature with an attack, if the attack <strong>only</strong> targeted that creature and they are suffering from <strong>one or more status effects</strong>, you may have it deal extra damage equal to <strong>【SL + the number of status effects on the creature】</strong>.</p>",
Children Of The Grave,
"<p>You can always communicate verbally with <strong>undead</strong> creatures. Once per scene, you may ask an <strong>undead</strong> a single question; they are compelled to answer truthfully.</p>",
Chloromancy,
"<p><span>Each time you acquire this Skill, you discover </span><strong>a new type of magiseed</strong> (see <strong>Natural Fantasy Atlas</strong>, page <strong>139</strong>).</p><p><span>During a conflict, if there are <strong>no magiseeds</strong> in your </span><strong>garden</strong><span>, you may use an action and spend 20 Mind Points to <strong>plant a magiseed</strong> of a type you have discovered.</span></p><hr /><ul><li><p>For <strong>magiseed</strong> breakdown and a list of Magiseeds, refer to: @UUID[Compendium.projectfu.handouts.JournalEntry.16lV3Tse5aK9qipX]{Magiseed Rules}</p></li></ul><ul><li><p>To <strong>automate</strong>, VTT Instructions can be found here: @UUID[Compendium.projectfu.handouts.JournalEntry.16lV3Tse5aK9qipX.JournalEntryPage.8e8kglGnqyKy1Nju]{Magiseed VTT Instructions}</p></li></ul>",
"<p>At the start of your turn during a conflict, you may choose one ally who is able to hear you <strong>or</strong> one enemy you can see that is suffering from <strong>dazed</strong>, <strong>enraged</strong>, and/or <strong>shaken</strong>. Until the start of your next turn, the chosen creature becomes your <strong>focus</strong>.</p><p>You gain a bonus equal to <strong>【SL】</strong> to Checks you perform to examine your <strong>focus</strong>, as well as to your Accuracy Checks and Magic Checks for attacks and offensive spells ( <span>@ICON[offensive] </span>) that include your <strong>focus</strong> among the targets. When you cause your <strong>focus</strong> to recover Hit Points and/or Mind Points, they recover <strong>【SL × 2】</strong> additional HP and/or MP, respectively.</p><hr><ul><li><p><strong>You Receive: </strong>@EFFECT[Compendium.projectfu.skills.TnDgm6eYgHSKNkDT]{Cognitive Focus (Check Bonus)}</p></li><li><p><strong>Focus Recovers: </strong>@GAIN[2*$sl hp]{SL × 2 HP}, and/or @GAIN[2*$sl mp]{SL × 2 MP}</p></li><li><p><strong>Target Receives: </strong>@EFFECT[Compendium.projectfu.skills.GqxqSdf1UMKkJH1U]{Effect: Cognitive Focus}</p></li></ul>",
Compression Tech,
"<p><span>As long as there is no one aboard your <strong>personal vehicle</strong>, you may have it safely disappear from the game world at any time. What magic or technology allows it?</span></p><p><span>If your <strong>personal vehicle</strong> is not present in the game world and you are in a space big enough to contain it, you may perform the <strong>Inventory</strong> action and spend 2 Inventory Points to have the vehicle appear near you and <strong>enter</strong> it for free.</span></p>",
Condemn,
"<p>You may use an action and spend 5 MP to perform an Opposed <strong>【INS + WLP】</strong> Check against a creature that can hear and understand you — describe your accusations! If you succeed, the target loses <strong>【SL × 10】</strong> Mind Points and suffers <strong>dazed</strong> or <strong>shaken</strong> (your choice).</p><p>You gain a bonus equal to <strong>【SL】</strong> to your <strong>【INS + WLP】</strong> Checks for this Skill.</p><hr /><ul><li><p><strong>You Perform: </strong>@CHECK[ins wlp ($sl)]</p></li><li><p><strong>Target Loses</strong>: @LOSS[$sl*10 mp]</p></li><li><p><strong>Target Suffers:</strong> @EFFECT[dazed], or @EFFECT[shaken]</p></li></ul>",
Consume,
"<p>After you deal damage to one or more creatures with a spell, if you have an <strong>arcane</strong>, <strong>dagger</strong>, or <strong>flail</strong> weapon equipped, you recover <strong>【SL × 2】</strong> Mind Points.</p><hr><ul><li><p><strong>You Recover: </strong>@GAIN[$sl*2 mp]{SL × 2}</p></li></ul>",
Cooking,
"<p><span>When you </span><strong>rest</strong><span> inside a settlement, you gain <strong>【SL】 ingredients</strong></span> (see <strong>Natural Fantasy Atlas</strong>, page <strong>150</strong>).</p><p>You may use an action and combine <strong>2 or 3 ingredients</strong> to prepare a <strong>delicacy</strong> (see page <strong>150</strong>) and choose one option: you apply its effects to yourself or an ally you can see; <strong>or</strong> you perform a <strong>free attack</strong> with a weapon you have equipped. This attack deals no damage, but you apply the delicacy's effects to each enemy hit by the attack.</p><p>You may carry <strong>up to 10 +【SL × 5】ingredients</strong>, and they <strong>will never spoil until you use them</strong>; if you take this Skill during character creation, you begin play with <strong>ten </strong>ingredients with random tastes.</p><hr /><ul><li><p>For <strong>cooking</strong> breakdown and a list of Ingredients &amp; Delicacies, refer to: @UUID[Compendium.projectfu.handouts.JournalEntry.vsXmQQBeh7FSTCc4]{Ingredients &amp; Delicacies Rules}</p></li><li><p>To <strong>automate</strong>, VTT Instructions can be found here: @UUID[Compendium.projectfu.handouts.JournalEntry.vsXmQQBeh7FSTCc4.JournalEntryPage.fDzgptyBKkS5y2YY]{Cookbook VTT Instructions}</p></li></ul>",
Counterattack,
"<p>After an enemy <strong>hits or misses you with a melee attack</strong>, if the Result of their Accuracy Check was an <strong>even number</strong>, you may perform a <strong>free attack</strong> against that enemy (after their attack has been fully resolved). This attack must be a <strong>melee</strong> attack and must have that enemy as its <strong>only</strong> target; treat your <strong>High Roll (HR)</strong> as 0 when calculating damage dealt by this attack.</p>",
Crossfire,
"<p>After a creature you can see performs a <strong>ranged</strong> attack, you may spend an amount of Mind Points equal to the total Result of their Accuracy Check in order to have the attack fail automatically against all targets. You can only use this Skill if you have a <strong>ranged</strong> weapon equipped, and it has no effect if the Accuracy Check was a <strong>critical success</strong>.</p>",
Crushing Chariot,
"<p>After you use <strong>Bishop's Edict</strong>, <strong>Charging Cavalry</strong>, or <strong>King's Castle</strong>, you may choose another Player Character that can hear you who has yet to take a turn during this round. That character may take their turn immediately after yours during this round.</p><hr /><ul><li><p><strong>Trigger:</strong> @UUID[Compendium.projectfu.skills.Item.FGihIPfif7yWsBCp]{Bishop's Edict}, @UUID[Compendium.projectfu.skills.Item.VhWG5AXdBZ8hL4xr]{Charging Cavalry}, <strong>or</strong> @UUID[Compendium.projectfu.skills.Item.79xGJD8jn4zGzYpX]{King's Castle}</p></li></ul>",
Dance,
"<p>Each time you take this Skill, you learn a <strong>dance</strong> (see <strong>High Fantasy</strong>, page <strong>144</strong>).</p><p>On your turn during a conflict scene, if you have no <strong>martial armor</strong> equipped, you may spend 10 Mind Points to perform a dance you have learned. This doesn’t require an action, but it can only be done <strong>before or after</strong> an action, and only <strong>once per turn</strong>. If you already performed a <strong>different dance</strong> during your previous turn in this scene, the cost of the new dance is reduced to 5 Mind Points.</p><p>Some dances are <strong>instantaneous</strong> and resolve immediately, while others have effects that last <strong>until the start of your next turn</strong>.</p><hr /><ul><li><p>For <strong>dance</strong> breakdown and a list of Dances, refer to:<strong> </strong>@UUID[Compendium.projectfu.handouts.JournalEntry.cH2N0pg4NeNZpaM5]{Dances Rules}</p></li><li><p><strong>You Spend (reduced)</strong>: @LOSS[5 mp]</p></li></ul>",
Dark Blood,
"<p>As long as you are in Crisis, you have Resistance to <strong>dark</strong> damage and <strong>poison</strong> damage.</p>",
"<p><span style=""font-family:'PT Sans Narrow', sans-serif"">As long as you are in Crisis, you have Resistance to <strong style=""box-sizing:border-box;user-select:text;margin:0px;padding:0px;color:rgb(25, 24, 19);font-family:'PT Sans Narrow', sans-serif;font-size:16px;font-style:normal;font-variant-ligatures:normal;font-variant-caps:normal;letter-spacing:normal;orphans:2;text-align:start;text-indent:0px;text-transform:none;white-space:normal;widows:2;word-spacing:0px;-webkit-text-stroke-width:0px;text-decoration-thickness:initial;text-decoration-style:initial;text-decoration-color:initial"">dark </strong>damage and <strong style=""box-sizing:border-box;user-select:text;margin:0px;padding:0px;color:rgb(25, 24, 19);font-family:'PT Sans Narrow', sans-serif;font-size:16px;font-style:normal;font-variant-ligatures:normal;font-variant-caps:normal;letter-spacing:normal;orphans:2;text-align:start;text-indent:0px;text-transform:none;white-space:normal;widows:2;word-spacing:0px;-webkit-text-stroke-width:0px;text-decoration-thickness:initial;text-decoration-style:initial;text-decoration-color:initial"">poison </strong>damage. </span></p>",
Defensive Mastery,
"<p>As long as you have a <strong>shield</strong> or <strong>martial armor</strong> equipped, all damage you suffer is reduced by <strong>【SL】</strong> (applied <strong>before</strong> damage Affinities).</p>",
Dodge,
"<p><span>As long as you have no <strong>shields</strong> and no <strong>martial armor</strong> equipped, your Defense score is increased by <strong>【SL】</strong>.</span></p>",
"<p><span style=""font-family:'PT Sans Narrow', sans-serif"">As long as you have no <strong>shields</strong> and no <strong>martial armor</strong> equipped, your Defense score is increased by<strong>【SL】</strong>. </span></p>",
Double or Nothing,
"<p>Before you perform an Accuracy Check, a Magic Check for an offensive spell (@ICON[offensive]), or a Check to advance or turn back a Clock, you may declare <strong>double or nothing</strong>. If you do and the Check triggers a <strong>critical success</strong>, double the damage dealt by that attack or spell or the filled or erased sections of that Clock, respectively; however, any other Result is considered a <strong>critical failure</strong>.</p>",
Dual Shieldbearer,
"<p>You may now equip a <strong>shield</strong> in your <strong>main hand</strong> slot. As long as you have two shields equipped, you gain the benefits of both items and may treat them as the following combined two-handed melee <strong>brawling</strong> weapon:</p><table style=""width:98.7597%"" border=""1""><colgroup><col style=""width:14.4654%""></col><col style=""width:20.7547%""></col><col style=""width:23.2618%""></col><col style=""width:41.5181%""></col></colgroup><tbody><tr><td><strong>WEAPON</strong></td><td><strong>ACCURACY</strong></td><td><strong>DAMAGE</strong></td><td><strong>QUALITY</strong></td></tr><tr><td><strong>Twin Shields</strong></td><td><strong>【MIG + MIG】</strong></td><td><strong>【HR + 5】</strong> <strong>physical</strong></td><td>Deals extra damage equal to your <strong>【SL】</strong> in <strong>defensive mastery</strong>.</td></tr></tbody></table><hr /><ul><li><p>To <strong>automate</strong>, add the following @UUID[Compendium.projectfu.skills.Item.2LyT2btVVPDPYY4h]{Twin Shields} to your character sheet. Navigate to the '<strong>Items</strong>"" tab where <strong>Twin Shields</strong> is located and press <strong>Ctrl+Click</strong> the icon in <strong>Equip?</strong> column. The item will be added to the <strong>Phantom Slot</strong>. Make sure this skill is added to your character sheet. Now you can equip shields on both your main and off hand slot.</p></li></ul>",
Ecdysis,
"<p>After you lose Hit Points due to damage, if that damage had a type <strong>other than physical</strong>, you may spend 10 HP to gain Resistance to that damage type until you use this Skill again. You cannot use this Skill if doing so would reduce you to 0 HP.</p><hr /><ul><li><p><strong>You Receive:</strong> @TYPE[affinity air resistance], @TYPE[affinity bolt resistance], @TYPE[affinity dark resistance], @TYPE[affinity earth resistance], @TYPE[affinity fire resistance], @TYPE[affinity ice resistance], @TYPE[affinity light resistance], @TYPE[affinity poison resistance]</p></li></ul>",
Elemental Harmony,
"<p>You may verbally communicate with creatures of the <strong>elemental</strong> Species.</p><p>When you restore a creature's Hit Points with an <strong>invocation</strong> or spell, if an <strong>elemental</strong> is present on the scene, the restored amount is increased by <strong>【SL × 5】</strong>.</p><hr /><ul><li><p><strong>Target Restores:</strong> @GAIN[$sl*5 hp]{SL × 5 HP}</p></li></ul>",
Elemental Magic,
"<p>Each time you acquire this Skill, learn one Elementalist spell (see <strong>Core Rulebook</strong>, page <strong>188</strong>).</p><p>Offensive ( @ICON[offensive] ) Elementalist spells use <strong>【INS + WLP】</strong> for the Magic Check.</p><hr /><ul><li><p>For <strong>spell</strong> breakdown and a list of Elemental Spells, refer to: @UUID[Compendium.projectfu.handouts.JournalEntry.hK8r8lsQNaknSqdq]{Elementalist Rules}</p></li></ul>",
Emergency Arcanum,
"<p>As long as you are in <strong>Crisis</strong>, the cost for summoning your Arcana is reduced by <strong>【SL × 5】</strong> Mind Points.</p>",
"<p><span style=""font-family:'PT Sans Narrow', sans-serif"">As long as you are in <strong style=""box-sizing:border-box;user-select:text"">Crisis</strong>, the cost for summoning your Arcana is reduced by<strong style=""box-sizing:border-box;user-select:text"">【SL × 5】</strong>Mind Points. </span></p>",
Emergency Item,
"<p>Once per conflict scene, if you are in <strong>Crisis</strong>, you may perform an additional action on your turn. This action <strong>must</strong> be the <strong>Inventory</strong> action.</p>",
"<p><span class=""fontstyle0"">Once per conflict scene, if you are in </span><span class=""fontstyle2""><strong>Crisis</strong></span><span class=""fontstyle0"">, you may perform an additional action on your turn. This action </span><span class=""fontstyle2""><strong>must </strong></span><span class=""fontstyle0"">be the </span><span class=""fontstyle2""><strong>Inventory </strong></span><span class=""fontstyle0"">action.</span> </p>",
Encourage,
"<p>During a conflict, you may use an action and spend 5 MP to choose <strong>another creature</strong> that can hear and understand you. That creature recovers <strong>【SL × 5】</strong> Hit Points and chooses <strong>Dexterity</strong>, <strong>Insight</strong>, <strong>Might</strong>, or <strong>Willpower</strong>; they treat the chosen Attribute as being one die size higher (up to a maximum of <strong>d12</strong>) until the start of your next turn.</p><hr><ul><li><p><strong>Target Recovers: </strong>@GAIN[5*$sl hp]{SL × 5 HP}</p></li><li><p><strong>Target Receive:</strong> @EFFECT[dex-up e:sot i:1 t:source], @EFFECT[ins-up e:sot i:1 t:source], @EFFECT[mig-up e:sot i:1 t:source], or @EFFECT[wlp-up e:sot i:1 t:source]</p></li></ul>",
Entropic Magic,
"<p>Each time you acquire this Skill, learn one Entropist spell (see <strong>Core Rulebook</strong>, page <strong>192</strong>).</p><p>Offensive ( @ICON[offensive] ) Entropist spells use <strong>【INS + WLP】</strong> for the Magic Check.</p><hr /><ul><li><p>For <strong>spell</strong> breakdown and a list of Entropist Spells, refer to: @UUID[Compendium.projectfu.handouts.JournalEntry.jZeTJrK0mFsRyz8S]{Entropist Rules}</p></li></ul>",
Expiration Date,
"<p><span>When a <strong>potion</strong> or <strong>delicacy</strong> </span>(see <strong>Natural Fantasy Atlas</strong>, page <strong>150</strong>)<span> you created that <strong>does not</strong> deal damage causes one or more creatures to recover Hit Points, you may instead have it deal <strong>poison</strong> damage equal to <strong>【half your level + (SL × 10)】 </strong>to each of those creatures. This damage type cannot change, and it is <strong>halved</strong> if you are dealing damage to <strong>two or more creatures</strong>.</span></p><hr /><ul><li><p><strong>Target Loses:</strong> @DMG[ ($cl/2)+($sl*10) poison]{Level/2 + (SL × 10) poison (single)}, or @DMG[ (($cl/2)+($sl*10)/2) poison]{Level/2 + (SL × 10) /2 poison (multi)}</p></li></ul>",
"<p>Together with your group, create a <strong>level 5 beast, construct, elemental </strong>or<strong> plant</strong> NPC (see <strong>Core Rulebook</strong>, page <strong>302</strong>), that becomes your <strong>companion</strong>: this creature has <strong>no initiative score</strong> and <strong>does not level up</strong>, can have a <strong>maximum of two basic attacks</strong>, gains a bonus equal to <strong>【SL】</strong> to Accuracy Checks and Magic Checks, and their maximum Hit Points are equal to <strong>【(SL, multiplied by the companion's base Might size) + half your level】</strong>.</p><p>Your companion doesn't get an independent turn during conflicts, but you can use an action to have them perform an action (once per turn). If your companion is affected by any <strong>turn-related effects</strong> (see <strong>Core Rulebook</strong>, page <strong>77</strong>), these are based on <strong>your</strong> turn.</p><p>Your companion joins and leaves scenes when you do, and gains your same benefits for <strong>rests</strong>. If reduced to 0 HP, your companion flees the scene and rejoins you at the start of the next scene in which you are present, with current HP equal to their <strong>Crisis</strong> score.</p><hr /><ul><li><p>To <strong>automate</strong>, import the following actor into the world: @UUID[Compendium.projectfu.npcs.Actor.7J6fSVwbaWwi3Ojv]{Faithful Companion}</p></li><li><p>Then, navigate to the '<strong>Settings</strong>' tab. For '<strong>Player</strong>,' select the actor who owns this companion, and for '<strong>Skill</strong>,' select the '<strong>Faithful Companion</strong>' skill.</p></li></ul>",
Fear Is The Key,
"<p>After you cause one or more enemies to lose Hit Points, if you have acquired the <strong>Beyond the Realms of Death</strong> Skill and at least one of them is suffering from <strong>shaken</strong> and/or <strong>weak</strong>, you gain 1 Grave Point and recover <strong>【SL × 2】 </strong>Hit Points and Mind Points.</p><hr /><ul><li><p><strong>Resource:</strong> @PROGRESS[beyond-the-realms-of-death update 1]{Gain 1 Grave Point}</p></li><li><p><strong>You Recover: </strong>@GAIN[2*$sl hp]{SL × 2 HP}, and<strong> </strong>@GAIN[2*$sl mp]{SL × 2 MP}</p></li></ul>",
Feral Speech,
"<p>You can communicate with creatures of the <strong>beast</strong>, <strong>monster</strong>, and <strong>plant</strong> Species.</p>",
"<p><span style=""font-family:'PT Sans Narrow', sans-serif"">You can communicate with creatures of the </span><span class=""fontstyle2"" style=""box-sizing:border-box;user-select:text""><span style=""font-family:'PT Sans Narrow', sans-serif""><strong>beast</strong></span></span><span style=""font-family:'PT Sans Narrow', sans-serif"">, <strong style=""box-sizing:border-box;user-select:text"">monster</strong>, and </span><span class=""fontstyle2"" style=""box-sizing:border-box;user-select:text""><span style=""font-family:'PT Sans Narrow', sans-serif""><strong>plant</strong> </span></span><span style=""font-family:'PT Sans Narrow', sans-serif"">Species. </span></p>",
Flash of Insight,
"<p>When you roll a <strong>13 or higher</strong> on a Check performed to investigate a creature, item or location — this includes using the <strong>Study </strong>action during a conflict — you may ask the Game Master up to <strong>【SL】</strong> questions concerning the subject of your investigation. You may ask these questions immediately or save them for later; whenever you ask one of these questions, the Game Master will answer truthfully and you will describe your character's deductive process.</p><p>This Skill may only be used once on the same creature, item or location.</p>",
Flexible Configuration,
"<p>When you perform the <strong>Equipment</strong> or <strong>Guard</strong> action while driving your personal vehicle, you may choose up to <strong>【SL】</strong> of its enabled modules and <strong>disable</strong> them. If you do, choose up to an equal amount of its disabled modules and <strong>enable</strong> them.</p>",
Focused,
"<p>Permanently increase your maximum Mind Points by <strong>【SL × 3】</strong>.</p><p>When you perform an Open Check using <strong>【INS + INS】</strong>, you gain a bonus equal to <strong>【SL】</strong> on that Check (this only applies to Open Checks).</p><hr /><ul><li><p><strong>You Perform: </strong>@CHECK[ins ins ($sl)]</p></li></ul>",
<p>Permanently increase your maximum Mind Points by <strong>【SL × 3】</strong>.</p>,
Follow My Lead,
"<p>When you perform a <strong>dance</strong> with a <strong>duration</strong> of “Until the start of your next turn”, you may spend <strong>10 MP</strong>. If you do, choose one ally you can see towards whom you have a Bond of <strong>affection</strong>: apply the benefits of the <strong>dance</strong> to that ally as well as yourself (the benefits still last until the start of <strong>your</strong> next turn).</p>",
For Whom The Bell Tolls,
"<p>When you <strong>deal damage to a creature with a spell</strong>, if that spell <strong>only deals damage to that creature</strong>, you may spend 1 Grave Point. If you do, choose one option: if that creature is suffering from one or more status effects, the spell deals extra damage equal to <strong>【(SL × 2) + the number of status effects on that creature】</strong>; or if that creature is suffering from no status effects, they suffer <strong>shaken</strong>.</p><hr /><ul><li><p><strong>Resource:</strong> @PROGRESS[beyond-the-realms-of-death update -1]{Spend 1 Grave Point}</p></li><li><p><strong>Target Suffers:</strong> @EFFECT[Compendium.projectfu.skills.Item.Jc1KEmU0iN7Ul8dZ]{Effect: For Whom The Bell Tolls}, or @EFFECT[shaken]</p></li></ul>",
Fortress,
<p>Permanently increase your maximum Hit Points by <strong>【SL × 3】</strong>.</p>,
Frenetic Footwork,
"<p>After you perform a <strong>dance</strong> with a <strong>duration</strong> of “Until the start of your next turn”, you gain a bonus equal to <strong>【SL × 2】</strong> to all Opposed Checks that rely on <strong>acrobatics</strong>, <strong>coordination</strong>, or <strong>speed</strong> until the start of your next turn.</p>",
Frenzy,
"<p>Your Accuracy Checks with <strong>brawling</strong>, <strong>dagger</strong>, <strong>flail</strong>, and <strong>thrown weapons</strong> trigger a <strong>critical success</strong> if both dice show the same number (and the Check is not a <strong>fumble</strong>).</p>",
Gadgets,
"<p>When you first acquire this Skill, choose a gadget type: <strong>alchemy, infusion</strong>, or <strong>magitech</strong> (see <strong>Core Rulebook</strong>, page <strong>212</strong>). You gain its <strong>basic benefits</strong>.</p><p>Whenever you take this Skill again, choose one option: you gain the <strong>basic benefits</strong> of a new gadget type; <strong>or</strong> you gain the <strong>advanced benefits</strong> of a gadget type whose <strong>basic benefits</strong> you already obtained; <strong>or</strong> you gain the <strong>superior benefits</strong> of a gadget type whose <strong>advanced benefits</strong> you already obtained.</p><hr /><ul><li><p><span style=""font-family:'PT Sans Narrow', sans-serif"">For </span><strong>gadget</strong> breakdown and a list of <strong>Gadgets</strong>, refer to<strong>:</strong> @UUID[Compendium.projectfu.handouts.JournalEntry.TV4Cj3UI0LWNZaOk]{Gadget Rules}</p></li><li><p>To <strong>automate</strong>, VTT Instructions can be found here: @UUID[Compendium.projectfu.handouts.JournalEntry.TV4Cj3UI0LWNZaOk.JournalEntryPage.7D5mpbaYddiztH1W]{Gadget VTT Instructions}</p></li></ul>",
Genoclepsis,
"<p>When you deal damage to one or more NPCs, you learn their <strong>Species</strong> and the GM chooses <strong>【SL】 therioforms</strong> appropriate to those NPCs (see <strong>Techno Fantasy Atlas</strong>, page <strong>156</strong>): if you have acquired the @UUID[Compendium.projectfu.skills.Item.pmwdU2AGU0JtrWw8]{Theriomorphosis} Skill, you may immediately pay its HP cost and use it to manifest those <strong>therioforms</strong> (even if they are not among those you have learned).</p><hr><ul><li><p><span style=""font-family: 'PT Sans Narrow', sans-serif"">For </span><strong>therioform</strong> breakdown and a list of <strong>Therioforms</strong>, refer to:<strong> </strong>@UUID[Compendium.projectfu.handouts.JournalEntry.aXZh9r7OxySQ484p]{Therioforms Rules}</p></li></ul>",
Graft,
"<p><span>As long as there is a <strong>magiseed</strong> in your <strong>garden</strong> and <strong>1 or more sections</strong> of your <strong>Growth Clock</strong> are <strong>filled</strong>, you may use an action to <strong>remove</strong> that <strong>magiseed</strong> from your <strong>garden</strong>: if you do, you immediately <strong>plant a different magiseed</strong> among those you have discovered (keep the current filled sections of your Growth Clock unchanged).</span></p>",
Hawkeye,
"<p>When you perform the <strong>Guard</strong> action, if you choose <strong>not</strong> to provide cover to another creature, you may choose one option: the next <strong>ranged</strong> attack you perform before the end of the current scene will deal <strong>【SL × 2】</strong> extra damage; <strong>or</strong> you may immediately perform a <strong>free attack</strong> with a <strong>bow</strong> or <strong>firearm</strong> you have equipped, treating your <strong>High Roll (HR)</strong> as <strong>0</strong> when calculating damage dealt by this attack.</p><hr /><ul><li><p><strong>You Receive:</strong> @EFFECT[Compendium.projectfu.skills.Item.enboiNabyACt4OUB]{Effect: Hawkeye (Range Weapon Up)}</p></li></ul>",
Healing Power,
"<p>When you cast a spell that targets one or more allies, if you have an <strong>arcane </strong>weapon equipped, you may have each of those allies recover an amount of Hit Points equal to <strong>【SL, multiplied by the number of Bonds you have】</strong>.</p><p>This healing is separate from any healing caused by the effects of the spell.</p><hr /><ul><li><p><strong>Targets Recovers:</strong> @GAIN[$sl*$bc hp]{SL × Total Bonds HP}</p></li></ul>",
Heart in the Engine,
"<p><span>At the start of your turn during a conflict, if you are driving your <strong>personal vehicle</strong>, you may spend 10 Mind Points<strong>. </strong>If you do, choose one option: the next time you deal damage during this turn, deal <strong>【SL × 2】</strong> extra damage; <strong>or</strong>, the next time you suffer damage before the start of your next turn, that damage is reduced by <strong>【SL × 2】</strong> (applied before damage Affinities); <strong>or</strong>, you recover from a status effect of your choice among <strong>slow</strong> and <strong>weak</strong>.</span></p><hr><ul><li><p><strong>You Receive:</strong> @UUID[Compendium.projectfu.skills.Item.XoMumkEXtYQOF7Et]{Effect: Heart in the Engine (Offensive)}, or @UUID[Compendium.projectfu.skills.Item.VM5F00GYKYInRjgM]{Effect: Heart in the Engine (Defensive)}</p></li></ul>",
Heart of Darkness,
"<p>Once per scene upon entering <strong>Crisis</strong>, you may choose a specific creature you can see that you don't have a <strong>Bond</strong> towards. If you do, create a <strong>Bond</strong> of <strong>hatred</strong> towards that creature.</p>",
"<p><span style=""font-family:'PT Sans Narrow', sans-serif"">Once per scene upon entering </span><span class=""fontstyle2"" style=""box-sizing:border-box;user-select:text""><span style=""font-family:'PT Sans Narrow', sans-serif""><strong style=""box-sizing:border-box;user-select:text;color:rgb(43, 74, 66);font-family:'PT Sans Narrow', sans-serif;font-size:16px;font-style:normal;font-variant-ligatures:normal;font-variant-caps:normal;letter-spacing:normal;orphans:2;text-align:start;text-indent:0px;text-transform:none;white-space:normal;widows:2;word-spacing:0px;-webkit-text-stroke-width:0px;text-decoration-thickness:initial;text-decoration-style:initial;text-decoration-color:initial"">Crisis</strong></span></span><span style=""font-family:'PT Sans Narrow', sans-serif"">, you may choose a specific creature you can see that you don't have a </span><span class=""fontstyle2"" style=""box-sizing:border-box;user-select:text""><span style=""font-family:'PT Sans Narrow', sans-serif""><strong style=""box-sizing:border-box;user-select:text;color:rgb(43, 74, 66);font-family:'PT Sans Narrow', sans-serif;font-size:16px;font-style:normal;font-variant-ligatures:normal;font-variant-caps:normal;letter-spacing:normal;orphans:2;text-align:start;text-indent:0px;text-transform:none;white-space:normal;widows:2;word-spacing:0px;-webkit-text-stroke-width:0px;text-decoration-thickness:initial;text-decoration-style:initial;text-decoration-color:initial"">Bond </strong></span></span><span style=""font-family:'PT Sans Narrow', sans-serif"">towards. If you do, create a </span><span class=""fontstyle2"" style=""box-sizing:border-box;user-select:text""><span style=""font-family:'PT Sans Narrow', sans-serif""><strong style=""box-sizing:border-box;user-select:text;color:rgb(43, 74, 66);font-family:'PT Sans Narrow', sans-serif;font-size:16px;font-style:normal;font-variant-ligatures:normal;font-variant-caps:normal;letter-spacing:normal;orphans:2;text-align:start;text-indent:0px;text-transform:none;white-space:normal;widows:2;word-spacing:0px;-webkit-text-stroke-width:0px;text-decoration-thickness:initial;text-decoration-style:initial;text-decoration-color:initial"">Bond </strong></span></span><span class=""fontstyle0"" style=""box-sizing:border-box;user-select:text""><span style=""font-family:'PT Sans Narrow', sans-serif""><strong style=""box-sizing:border-box;user-select:text;color:rgb(43, 74, 66);font-family:'PT Sans Narrow', sans-serif;font-size:16px;font-style:normal;font-variant-ligatures:normal;font-variant-caps:normal;letter-spacing:normal;orphans:2;text-align:start;text-indent:0px;text-transform:none;white-space:normal;widows:2;word-spacing:0px;-webkit-text-stroke-width:0px;text-decoration-thickness:initial;text-decoration-style:initial;text-decoration-color:initial"">of </strong></span></span><span class=""fontstyle2"" style=""box-sizing:border-box;user-select:text""><span style=""font-family:'PT Sans Narrow', sans-serif""><strong style=""box-sizing:border-box;user-select:text;color:rgb(43, 74, 66);font-family:'PT Sans Narrow', sans-serif;font-size:16px;font-style:normal;font-variant-ligatures:normal;font-variant-caps:normal;letter-spacing:normal;orphans:2;text-align:start;text-indent:0px;text-transform:none;white-space:normal;widows:2;word-spacing:0px;-webkit-text-stroke-width:0px;text-decoration-thickness:initial;text-decoration-style:initial;text-decoration-color:initial"">hatred </strong></span></span><span style=""font-family:'PT Sans Narrow', sans-serif"">towards that creature. </span></p>",
High or Low,
"<p>When you generate a <strong>critical success</strong> or a <strong>critical failure</strong>, you may draw 1 card from your <strong>deck</strong>. If you do, discard 1 card from your <strong>hand</strong>.</p>",
High Speed,
"<p><span>At the start of a conflict, you may spend 10 Mind Points. If you do, choose one option and apply it before the start of the first round: perform a <strong>free attack</strong> with a weapon you have equipped; <strong>or </strong>perform a <strong>Hinder </strong>or <strong>Objective </strong>action. You also gain a bonus equal to <strong>【SL】</strong> to all Checks you perform as part of the chosen option.</span></p>",
Hypercognition,
"<p>The total MP cost of your <strong>spells</strong> and <strong>verses</strong> (High Fantasy, page <strong>138</strong>) that include your <strong>focus</strong> among their targets is reduced by <strong>【SL】</strong>, or by <strong>【SL × 2】</strong> if your <strong>focus</strong> is the <strong>only</strong> target (up to a minimum cost of 0 Mind Points).</p>",
I've Heard of It!,
"<p>When you or an ally who is able to hear and understand you perform a Check to examine a creature, item, or location, you may spend 1 Trade Point to grant a bonus equal to <strong>【SL × 2】</strong>to the Result of that Check.</p><hr /><ul><li><p><strong>You/Ally Performs:</strong>  @CHECK[dex dex ($sl*2)]</p></li><li><p><strong>Resource: </strong>@PROGRESS[winds-of-trade update -1]{Spend 1 Trade Point}</p></li></ul>",
Indomitable Spirit,
"<p>When you spend one or more Fabula Points, you get an additional benefit — choose one option: you recover <strong>【SL × 5】</strong> Hit Points; <strong>or</strong> you recover <strong>【SL × 5】</strong> Mind Points; or you recover from a single status effect of your choice.</p><hr /><ul><li><p><strong>You Recover: </strong>@GAIN[5*$sl hp]{SL × 5 HP}, or @GAIN[5*$sl mp]{SL × 5 MP}</p></li></ul>",
Invocation,
"<p>You may use an action and spend 5 Mind Points to perform an invocation, drawing energy from one of the <strong>wellsprings</strong> present on the scene (see <strong>Natural Fantasy Atlas</strong>, page <strong>156</strong>). Your <strong>【SL】</strong> in this Skill determines which <strong>invocations</strong> you have access to.</p><hr /><ul><li><p>For <strong>invocation</strong> breakdown and a list of Invocations, refer to: @UUID[Compendium.projectfu.handouts.JournalEntry.JHjzGHXO9qm8HVW9]{Invoker Rules}</p></li><li><p>To <strong>automate</strong>, VTT Instructions can be found here: @UUID[Compendium.projectfu.handouts.JournalEntry.JHjzGHXO9qm8HVW9.JournalEntryPage.msH4dITSSkbnWnQd]{Invoker VTT Instructions}</p></li></ul>",
King's Castle,
"<p><span class=""fontstyle0"">During a conflict, you may use an action and spend 10 Mind Points to choose one option: no creature can recover Hit Points or Mind Points; </span><span class=""fontstyle2""><strong>OR</strong> </span><span class=""fontstyle0"">all effects that restore Mind Points restore </span><span class=""fontstyle3""><strong>【</strong></span><span class=""fontstyle2""><strong>SL × 5</strong></span><span class=""fontstyle3""><strong>】</strong></span><span class=""fontstyle0"">additional Mind Points. The chosen effect lasts until the start of your next turn.</span> </p><hr /><ul><li><p><strong>Targets Suffers: </strong>@EFFECT[Compendium.projectfu.skills.Item.DRnzFsqj5BimQFa5]{Effect: King's Castle (Extra MP)}</p></li></ul>",
Knife and Fork,
"<p>When you perform the free attack granted by the <strong>Cooking</strong> Skill, if you combined <strong>no more than 2 ingredients</strong>, you may have the attack deal damage as normal. If you do, you treat your <strong>High Roll (HR)</strong> as 0 when calculating damage dealt by this attack</p>",
Knowledge Is Power,
"<p>When you perform an Accuracy Check, you may replace <strong>one</strong> of the Attribute dice with <strong>Insight</strong> (such as <strong>【INS + INS】</strong> for a pistol or <strong>【INS + MIG】</strong> for a waraxe).</p>",
Linked Invocation,
"<p>When you perform an <strong>invocation</strong>, you may spend up to <strong>【SL × 10】</strong>additional Mind Points. For every 10 Mind Points you spend this way, the invocation may target an additional creature you can see.</p>",
Lucky Seven,
"<p>You have a <strong>lucky number</strong>; at the beginning of each session, that number is <strong>7</strong>. Once per scene after you perform a Check, you may replace the value shown on one of the dice you rolled with your lucky number (even if this would give an impossible Result, such as a value of 7 on a d6). If you do, the replaced value becomes your <strong>new</strong> lucky number.</p>",
Lucky Number,
Made with Love,
"<p><span>When you use the </span><strong>Cooking</strong><span> Skill and choose to apply the effects of the delicacy to yourself or an ally you can see, you may spend up to<strong>【SL × 10】</strong>MP. For every 10 MP you spend this way, you also apply the <strong>delicacy</strong>'s effects to another ally you can see.</span></p>",
Magic Artillery,
"<p>When you cast an offensive ( @ICON[offensive] ) spell, if you have an <strong>arcane</strong> weapon equipped, you gain a bonus to your Magic Check equal to <strong>【SL × 2】</strong>.</p>",
"<p>When you cast an offensive (@ICON[offensive]) spell, if you have an <strong>arcane</strong> weapon equipped, you gain a bonus to your Magic Check equal to <strong>【SL × 2】</strong>.</p>",
Magic Cards,
"<p>You gain a <strong>deck</strong>, a <strong>hand</strong>, and a <strong>discard pile</strong>.</p><p>During a conflict, you may use an action and spend up to <strong>【10 + (SL × 5)】</strong> Mind Points (minimum 10). If you do, <strong>resolve 1 card</strong> from your <strong>hand</strong> for every 5 MP spent this way (to a maximum of 5 cards; these cards form a <strong>set</strong>). After you resolve the effect of the <strong>set</strong> (if any), <strong>discard</strong> these cards and draw that many cards from your <strong>deck</strong>.</p><hr><ul><li><p>For <strong>deck</strong> breakdown and a list of Effects, refer to: @UUID[Compendium.projectfu.handouts.JournalEntry.hs3GyWJls59GhaNz]{Deck Rules}</p></li><li><p><strong>You Lose: </strong>@LOSS[10+(&sl(""magic-cards"")*5) mp]{10 + (SL × 5) MP}</p></li></ul>",
Magic Symbols,
"<p>If an ally bears one of your <strong>symbols</strong>, that ally may perform the <strong>Spell</strong> action and destroy that symbol to cast a single spell among those <strong>you</strong> know, as long as it has a <strong>total Mind Point cost equal to or lower than 【SL × 10】</strong>(that ally must still pay the MP cost).</p><hr /><p>Skill Level <strong>1</strong> - <strong>10 MP</strong></p><p>Skill Level <strong>2</strong> - <strong>20 MP</strong></p><p>Skill Level <strong>3</strong> - <strong>30 MP</strong></p>",
Magichant,
"<p>On your turn during a conflict scene, you may use an action and spend a variable amount of MP to weave voice and music into a magical effect known as a <strong>verse</strong>.</p><p>You may only sing <strong>one verse</strong> per turn, even if you have access to multiple actions.</p><p>When you first acquire this Skill, you learn <strong>all three volumes</strong>, plus <strong>one key</strong> and <strong>one tone</strong>. Whenever you acquire this Skill again, you may learn <strong>one key</strong> or <strong>one tone</strong> (your choice).</p><hr /><ul><li><p>For <strong>verse</strong> breakdown and a list of Keys and Tones, refer to: @UUID[Compendium.projectfu.handouts.JournalEntry.q4PpsRwoiMTRKUeJ]{Verses Rules}</p></li><li><p>To <strong>automate</strong>, VTT Instructions can be found here: @UUID[Compendium.projectfu.handouts.JournalEntry.q4PpsRwoiMTRKUeJ.JournalEntryPage.W6dLZ4wOhSMKKwsC]{Verses VTT Instructions}</p></li></ul>",
Melee Weapon Mastery,
<p><span>You gain a bonus equal to <strong>【SL】</strong> to all Accuracy Checks with <strong>melee</strong> weapons.</span></p>,
"<p><span style=""font-family:'PT Sans Narrow', sans-serif"">You gain a bonus equal to<strong style=""box-sizing:border-box;user-select:text;margin:0px;padding:0px;color:rgb(25, 24, 19);font-family:'PT Sans Narrow', sans-serif;font-size:16px;font-style:normal;font-variant-ligatures:normal;font-variant-caps:normal;letter-spacing:normal;orphans:2;text-align:start;text-indent:0px;text-transform:none;white-space:normal;widows:2;word-spacing:0px;-webkit-text-stroke-width:0px;text-decoration-thickness:initial;text-decoration-style:initial;text-decoration-color:initial"">【SL</strong><strong style=""box-sizing:border-box;user-select:text;margin:0px;padding:0px"">】</strong>to all Accuracy Checks with <strong style=""box-sizing:border-box;user-select:text;margin:0px;padding:0px;color:rgb(25, 24, 19);font-family:'PT Sans Narrow', sans-serif;font-size:16px;font-style:normal;font-variant-ligatures:normal;font-variant-caps:normal;letter-spacing:normal;orphans:2;text-align:start;text-indent:0px;text-transform:none;white-space:normal;widows:2;word-spacing:0px;-webkit-text-stroke-width:0px;text-decoration-thickness:initial;text-decoration-style:initial;text-decoration-color:initial"">melee </strong>weapons. </span></p>",
Mirage,
"<p>You gain the ability to perform Rituals of the <strong>Ritualism</strong> discipline; additionally, you may use <strong>Ritualism</strong> to create <strong>sight-based illusions</strong>.</p>",
Mulligan,
"<p>At the end of your turn during a conflict, you may discard up to <strong>【SL】</strong> cards from your <strong>hand</strong>. If you do, draw that many cards from your <strong>deck</strong>.</p>",
My Trust In You,
"<p>After another Player Character who is able to hear you performs a Check, you may spend 1 Fabula Point and invoke one of their <strong>Traits</strong> or <strong>Bonds</strong> in order to let them reroll dice or improve the Result of the Check (following the normal rules). Then, if you have a <strong>Bond</strong> towards that character, they recover <strong>【SL × 10】</strong> Mind Points.</p><hr /><ul><li><p><strong>Target Recovers: </strong>@GAIN[10*$sl mp]{SL × 10 MP}</p></li></ul>",
Navigator,
"<p>You can communicate telepathically with any conscious ally <strong>within 1 travel day</strong> of you; you are <strong>able to hear each other </strong>for the sake of Skills and effects.</p><p>You gain the ability to perform Rituals of the <strong>Ritualism</strong> discipline. Additionally, you may use <strong>Ritualism</strong> to <strong>transport creatures</strong> in and out of the soul network, and to <strong>gain information </strong>and track entities while inside the soul network.</p>",
Painful Lesson,
"<p>After another creature causes you to lose Hit Points (with an attack, a spell or any other method), you may immediately perform the <strong>Study</strong> action on that creature (see <strong>Core Rulebook</strong>, page <strong>74</strong>) for free. If you do, gain a bonus equal to <strong>【SL】</strong> to your Check. Remember, you can study the same aspect of a creature only once.</p>",
Pathogenesis,
"<p>When you deal damage to one or more creatures with one of your Chimerist spells, each of those creatures that share their <strong>Species</strong> with the creature you originally learned that spell from suffers <strong>poisoned</strong>.</p><hr /><ul><li><p><strong>Targets Suffers: </strong>@EFFECT[poisoned]</p></li></ul>",
Personal Touch,
"<p>When a creature you can see that is bearing one of your <strong>symbols</strong> suffers damage or recovers Hit Points and/or Mind Points, you may have that creature suffer <strong>【SL】</strong> extra damage or recover <strong>【SL】</strong> additional Hit Points and/or Mind Points, respectively).</p><hr><ul><li><p><strong>Ally Recovers: </strong>@GAIN[$sl hp]{SL HP} @GAIN[$sl mp]{SL MP}</p></li><li><p><strong>Enemy Suffers:</strong> @LOSS[$sl hp]{SL HP}</p></li></ul>",
Personal Vehicle,
"<p>When you acquire this Skill, you gain a <strong>personal vehicle</strong> with a <strong>frame</strong> of your choice and <strong>three different modules</strong> of your choice (see <strong>Techno Fantasy Atlas</strong>, page <strong>160</strong>).</p><p>Whenever you acquire this Skill again, you acquire <strong>two additional modules</strong> of your choice.</p><hr /><ul><li><p>For <strong>vehicle</strong> breakdown and a list of Vehicle Modules, refer to: @UUID[Compendium.projectfu.handouts.JournalEntry.JtN1YEB5uhn9JMUG]{Vehicle Rules}</p></li><li><p>To <strong>automate</strong>, VTT Instructions can be found here: @UUID[Compendium.projectfu.handouts.JournalEntry.JtN1YEB5uhn9JMUG.JournalEntryPage.7R1h5R48OHr4m7hq]{Pilot VTT Instructions}</p></li></ul>",
Persuasive,
"<p>When you successfully perform a Check to fill or erase sections of a Clock, if your approach relied on <strong>charm</strong>, <strong>diplomacy</strong>, <strong>deception</strong>, or <strong>intimidation</strong>, you may spend up to <strong>【SL × 20】</strong> Mind Points. If you do, fill or erase an additional section of that Clock for every 20 Mind Points you spend this way.</p>",
Potion Rain,
"<p>When you create a <strong>potion</strong> that restores a <strong>single</strong> creature's HP and/or MP, you may have it affect up to <strong>【SL】</strong> additional creatures. If you do, the potion only restores half the normal amount of HP and MP to each creature.</p><hr /><ul><li><p>@UUID[Compendium.projectfu.consumables.iLidslBpjoLfrsT9]{Remedy}: @GAIN[25 hp]</p></li><li><p>@UUID[Compendium.projectfu.consumables.mn3F6qOfdVYM405v]{Elixir}: @GAIN[25 mp]</p></li></ul>",
Private Stock,
"<p>When you or another Player Character spend <strong>【SL + 2】</strong>or fewer Inventory Points, you may spend 1 Trade Point to ignore that cost.</p><hr /><ul><li><p><strong>Resource:</strong> @PROGRESS[winds-of-trade update -1]{Spend 1 Trade Point}</p></li></ul>",
Protect,
"<p>When another creature is threatened by an <strong>attack</strong>, <strong>spell</strong>, or other <strong>danger</strong>, you may take their place (any Checks that are part of the danger will be performed against you; you may declare the use of this Skill <strong>before</strong> or <strong>after</strong> the Checks have been made). If the danger already affected you, it affects you <strong>twice</strong> (resolve both instances separately); you also cannot protect multiple creatures from the same danger. If you use this Skill during a conflict, you cannot use it again until the start of your next turn.</p>",
Provoke,
"<p>You may use an action and spend 5 Mind Points to perform an Opposed <strong>【MIG + WLP】</strong> Check against a creature you can see — describe how you taunt them! If you succeed, the target suffers <strong>enraged</strong> and is compelled to focus their attention on you (their attacks and offensive spells must include you among the targets if possible). This compulsion ends if you fall unconscious or leave the scene, if the creature is no longer <strong>enraged</strong>, or if they are successfully <strong>provoked</strong> by someone else.</p><p>You gain a bonus equal to <strong>【SL】</strong> to your <strong>【MIG + WLP】</strong> Checks for this Skill.</p><hr /><ul><li><p><strong>You Perform: </strong>@CHECK[mig wlp ($sl)]</p></li><li><p><strong>Target Suffers: </strong>@EFFECT[enraged] @EFFECT[Compendium.projectfu.skills.SBaaNDpwZQDafu3J]{Effect: Provoke}</p></li></ul>",
Psychic Gifts,
"<p>Each time you take this Skill, you gain a <strong>gift</strong> (see <strong>Techno Fantasy Atlas</strong>, page <strong>152</strong>).</p><p>The rules for gifts and for the <strong>Brainwave </strong>clock can be found in the next page.</p><hr /><ul><li><p>For <strong>gift</strong> breakdown and a list of Psychic Gifts, refer to: @UUID[Compendium.projectfu.handouts.JournalEntry.mcjpTrTkosKxoyCc]{Psychic Gift Rules}</p></li></ul><ul><li><p>To <strong>automate</strong>, VTT Instructions can be found here: @UUID[Compendium.projectfu.handouts.JournalEntry.mcjpTrTkosKxoyCc.JournalEntryPage.uafn9l51ROzc9q0w]{Psychic Gift VTT Instructions}</p></li></ul>",
Psychokinesis,
"<p>When you perform an Accuracy Check, you may replace <strong>one</strong> of the Attribute dice with <strong>Willpower</strong> (such as <strong>【DEX + WLP】</strong> for a <strong>shortbow</strong>). Additionally, your <strong>melee attacks</strong> with weapons belonging to the <strong>arcane</strong> or <strong>sword</strong> Categories may target <strong>ﬂying</strong> creatures.</p>",
Queen's Gambit,
"<p>During a conflict, you may use an action to perform a <strong>free attack</strong> with a weapon you have equipped, treating your <strong>High Roll (HR)</strong> as 0 when calculating damage. After the attack is resolved, choose one option: one ally who is able to hear you recovers <strong>【5 + (SL × 5)】</strong> Hit Points; <strong>or</strong> you may immediately use a Skill you acquired among <strong>Bishop’s</strong></p><p><strong>Edict</strong>, <strong>Charging Cavalry</strong> or <strong>King’s Castle</strong> for free (spending the appropriate MP).</p><hr /><ul><li><p><strong>Ally Recovers: </strong>@GAIN[5+($sl*5) hp]{5 + (SL × 5) HP}</p></li><li><p><strong>Free:</strong> @UUID[Compendium.projectfu.skills.Item.FGihIPfif7yWsBCp]{Bishop's Edict}, @UUID[Compendium.projectfu.skills.Item.VhWG5AXdBZ8hL4xr]{Charging Cavalry}, or @UUID[Compendium.projectfu.skills.Item.79xGJD8jn4zGzYpX]{King's Castle}</p></li></ul>",
Quick Assessment,
"<p>At the start of a conflict, you may spend up to <strong>【SL × 5】</strong> Mind Points. For every 5 Mind Points you spend this way, choose one option: choose a creature you can see and the GM reveals one of their <strong>Traits</strong>; or name a damage type and choose a creature you can see, and the GM reveals that creature's <strong>Affinity </strong>towards that damage type.</p>",
Quick-Change,
"<p>After you perform a <strong>dance</strong>, you may perform the <strong>Equipment action</strong> for free.</p>",
Ranged Weapon Mastery,
<p>You gain a bonus equal to <strong>【SL】</strong> to all Accuracy Checks with <strong>ranged</strong> weapons.</p>,
"<p><span style=""font-family:'PT Sans Narrow', sans-serif"">You gain a bonus equal to<strong style=""box-sizing:border-box;user-select:text;margin:0px;padding:0px;color:rgb(25, 24, 19);font-family:'PT Sans Narrow', sans-serif;font-size:16px;font-style:normal;font-variant-ligatures:normal;font-variant-caps:normal;letter-spacing:normal;orphans:2;text-align:start;text-indent:0px;text-transform:none;white-space:normal;widows:2;word-spacing:0px;-webkit-text-stroke-width:0px;text-decoration-thickness:initial;text-decoration-style:initial;text-decoration-color:initial"">【SL</strong><strong style=""box-sizing:border-box;user-select:text;margin:0px;padding:0px"">】</strong>to all Accuracy Checks with <strong style=""box-sizing:border-box;user-select:text;margin:0px;padding:0px;color:rgb(25, 24, 19);font-family:'PT Sans Narrow', sans-serif;font-size:16px;font-style:normal;font-variant-ligatures:normal;font-variant-caps:normal;letter-spacing:normal;orphans:2;text-align:start;text-indent:0px;text-transform:none;white-space:normal;widows:2;word-spacing:0px;-webkit-text-stroke-width:0px;text-decoration-thickness:initial;text-decoration-style:initial;text-decoration-color:initial"">ranged </strong>weapons. </span></p>",
Real Treasure,
"<p>Once per session, when you help an NPC or community <strong>defeat greed and corruption</strong>, <strong>improve their quality of life</strong>, or <strong>coexist with other creatures</strong>, if you have acquired the <strong>Winds of Trade</strong> Skill, you gain <strong>【SL + 1】</strong>Trade Points.</p><hr /><ul><li><p><strong>Resource</strong>: @PROGRESS[winds-of-trade update 1+$sl]{Gain SL + 1 Trade Points}</p></li></ul>",
Resonance,
"<p>After you affect one or more enemies with a <strong>verse</strong>, if you have an <strong>arcane</strong> weapon equipped, you may choose one option: until the start of your next turn, your allies deal <strong>【SL】</strong> extra damage to those enemies; <strong>or</strong> until the start of your next turn, you recover <strong>【SL】</strong> Mind Points every time one of those enemies suffers damage (if the same source deals damage to two or more of those enemies at the same time, you recover <strong>【SL】</strong> MP for each damaged enemy).</p><hr /><ul><li><p><strong>You Recover: </strong>@GAIN[$sl mp]{Recover SL MP}</p></li><li><p><strong>Target</strong>: @EFFECT[Compendium.projectfu.skills.KgYNKoG8RE2NvCiV]{Effect: Resonance Damage}</p></li></ul>",
Resourceful,
"<p>You recover <strong>【SL】</strong> Inventory Points after each <strong>travel roll</strong> (see <strong>Core Rulebook</strong>, page <strong>106</strong>).</p><hr /><ul><li><p><strong>You Recover: </strong>@GAIN[$sl ip]{SL IP}</p></li></ul>",
Ripples,
"<p>After an enemy you can see loses Hit Points due to damage dealt by one of your allies, if that damage was increased by one or more of your <strong>""hex"" invocations</strong>, you may perform a <strong>free attack</strong> with a weapon you have equipped. This attack may only target that enemy, and receives a bonus equal to <strong>【SL】</strong> to its Accuracy Check; if it is successful, all its damage becomes of the same type dealt by your ally, and <strong>all ""hex"" invocations</strong> present on its target end immediately after the attack has been resolved. If two or more enemies trigger this Skill at the same time, you can perform a <strong>free attack</strong> against <strong>each</strong> of them, in whatever order you prefer.</p>",
Ripples: Accuracy Bonus,
Ritual Arcanism,
"<p>You may perform Rituals of the <strong>Arcanism</strong> discipline, as long as their effects fall within the <strong>domains</strong> of one or more Arcana you have bound (see <strong>Core Rulebook</strong>, page <strong>178</strong>).</p><p><span>Arcanism Rituals use <strong>【WLP + WLP】</strong> for the Magic Check.</span></p>",
Ritual Chimerism,
"<p>You may perform Rituals whose effects fall within the <strong>Chimerism</strong> discipline.</p><p>When you acquire this Skill, choose <strong>【INS + WLP】</strong> <strong>or</strong> <strong>【MIG + WLP】</strong>. From now on, your Chimerism Rituals will use the chosen Attributes for the Magic Check.</p>",
Ritual Elementalism,
<p>You may perform Rituals whose effects fall within the <strong>Elementalism</strong> discipline.</p><p>Elementalism Rituals use <strong>【INS + WLP】</strong> for the Magic Check.</p>,
Ritual Entropism,
<p>You may perform Rituals whose effects fall within the <strong>Entropism </strong>discipline.</p><p><strong>Entropism</strong> Rituals use <strong>【INS + WLP】</strong> for the Magic Check.</p>,
Ritual Spiritism,
<p>You may perform Rituals whose effects fall within the <strong>Spiritism</strong> discipline.</p><p>Spiritism Rituals use <strong>【INS + WLP】</strong> for the Magic Check.</p>,
Rondo Of Nightmare,
"<p>When you cast an offensive spell ( @ICON[offensive] ) with a <strong>target</strong> of “One creature”, you may spend 2 Grave Points to have it target <strong>all</strong> creatures you can see that are present on the scene (perform a single Magic Check and confront it with the Magic Defense of each target). If you do, all damage dealt by the spell becomes <strong>dark</strong> and its type cannot change.</p><hr><ul><li><p><strong>Resource:</strong> @PROGRESS[beyond-the-realms-of-death update -2]{Spend 2 Grave Points}</p></li></ul>",
Salt and Pepper,
"<p>When you prepare a <strong>delicacy</strong>, you may spend 2 Inventory Points: if you do, change the <strong>taste</strong> of one ingredient to a different taste of your choice.</p>",
Secret Formula,
"<p>When you create a <strong>potion</strong> or <strong>magisphere</strong> whose effects restore HP and/or MP, each restored amount is increased by <strong>【SL × 5】</strong>.</p><p>When you create an <strong>elemental shard</strong>, <strong>potion</strong>, or <strong>magisphere</strong> that deals damage, that item deals <strong>【SL】</strong> <strong>extra damage</strong>.</p><hr /><ul><li><p>@UUID[Compendium.projectfu.consumables.iLidslBpjoLfrsT9]{Remedy}: @GAIN[50+($sl*5) hp]{50 + (SL × 5) HP}</p></li><li><p>@UUID[Compendium.projectfu.consumables.mn3F6qOfdVYM405v]{Elixir}: @GAIN[50+($sl*5) mp]{50 + (SL × 5) MP}</p></li><li><p>@UUID[Compendium.projectfu.consumables.Item.00h8sKH3ktIFF5ei]{Elemental Shard}: @DMG[10+($sl) air]{10 + SL Air}, @DMG[10+($sl) bolt]{10 + SL bolt}, @DMG[10+($sl) earth]{10 + SL Earth}, @DMG[10+($sl) fire]{10 + SL Fire} , or @DMG[10+($sl) ice]{10 + SL Ice}</p><p></p></li></ul>",
See You Later,
"<p><span>You may use an action and spend 1 Fabula Point to vanish from the current scene, reappearing whenever you want during a <strong>different </strong>scene in which another Player Character is present. Describe how you escaped and miraculously got here!</span></p>",
Shadow Strike,
"<p>You have learned to channel your vital force into your attacks. You may use an action to perform a <strong>Shadow Strike</strong>: roll your current <strong>Might</strong> die and lose an amount of Hit Points equal to <strong>【the number rolled on your Might die】</strong>. If this didn’t reduce your Hit Points to 0, you may perform a <strong>free attack</strong> with a weapon you have equipped: if this attack hits one or more targets, it deals extra damage equal to <strong>【SL + the number rolled on your Might die】</strong>. However, all damage dealt by this attack becomes <strong>dark</strong> and its damage type cannot be changed.</p>",
Siren's Song,
"<p>You gain the ability to perform Rituals of the <strong>Ritualism</strong> discipline; <strong>additionally</strong>, you may use <strong>Ritualism</strong> to create <strong>hearing-based illusions</strong>.</p>",
Soul Steal,
"<p>You may use an action to perform a <strong>【DEX + WLP】</strong> Check against the Magic Defense of a creature you can see. If you succeed and the target is a <strong>soldier</strong>, you recover <strong>【SL】</strong> Inventory Points; if they are an <strong>elite</strong> or <strong>champion</strong>, the GM gives you the target’s <strong>soul treasure</strong>, an item worth an amount of zenit <strong>equal to or lower than</strong> <strong>【the target's level multiplied by 30, or by 50 if they are a Villain】</strong>. This <strong>soul treasure</strong> will appear inside your <strong>backpack</strong>; a creature can be successfully stolen from with this Skill only once.</p><p><span>You gain a bonus equal to <strong>【SL】</strong> to your <strong>【DEX + WLP】 </strong>Checks for this Skill.</span></p><hr><ul><li><p><strong>You Perform: </strong>@CHECK[dex wlp ($sl)]</p></li><li><p><strong>You Recover: </strong>@GAIN[$sl ip]{Soldier: SL IP}</p></li></ul>",
Sound Barrier,
"<p>After you sing a <strong>verse</strong> with <strong>medium</strong> or <strong>high volume</strong>, all <strong>physical</strong> damage you suffer until the start of your next turn is reduced by <strong>【SL】</strong> (applied <strong>before</strong> Affinities).</p><hr /><ul><li><p><strong>You Receive:</strong> @EFFECT[Compendium.projectfu.skills.Item.e85QX4FWBQxwTt8V]{Effect: Sound Barrier}</p></li></ul>",
Spell Mimic,
"<p>When you see a creature belonging to the <strong>beast</strong>, <strong>monster</strong>, or <strong>plant</strong> Species cast a spell, you may immediately choose to learn that spell as a Chimerist spell of your own: if you do, record the <strong>Species</strong> of the creature you learned it from.</p><p>When you first acquire this Skill, choose <strong>【INS + WLP】</strong> or <strong>【MIG + WLP】</strong>. From now on, your offensive ( @ICON[offensive] ) Chimerist spells will use the chosen Attributes for the Magic Check, regardless of the Attributes used by the creature you learned the spell from.</p><p>You may have up to <strong>【SL + 2】</strong> different Chimerist spells memorized this way. If you want to memorize a new Chimerist spell but are already at your limit, you must forget one of your old spells and replace it with the new spell.</p>",
Spellblade,
"<p>When you cast an offensive ( @ICON[offensive] ) spell targeting <strong>a single creature</strong>, if the spell has a <strong>total Mind Point cost of 【SL × 10】 or lower</strong> and you have one or more <strong>bow, brawling, dagger, flail, spear, or sword weapons</strong> equipped, you may choose one of those weapons. If you do, your Magic Check for the spell will use the chosen weapon's Accuracy Check formula; for instance, the Magic Check for an Elementalist spell cast through a <strong>bronze sword</strong> (<strong>Core Rulebook</strong>, page <strong>131</strong>) will be <strong>【DEX + MIG】 + 1</strong> instead of <strong>【INS + WLP】</strong>.</p>",
<p>Your <strong>Magic Check</strong> for spells will use the <em>chosen weapon'</em>s <strong>Accuracy Check</strong> formula.</p>,
Spiritual Magic,
"<p>Each time you acquire this Skill, learn one Spiritist spell (see <strong>Core Rulebook</strong>, page <strong>208</strong>).</p><p>Offensive ( @ICON[offensive] ) Spiritist spells use <strong>【INS + WLP】 </strong>for the Magic Check.</p><hr /><ul><li><p>For <strong>spell</strong> breakdown and a list of Spiritist Spells, refer to: @UUID[Compendium.projectfu.handouts.JournalEntry.L65ajg6cmHEk3zAP]{Spiritist Rules}</p></li></ul>",
Stolen Time,
"<p>During a conflict, you may use an action to interfere with the flow of time by spending up to <strong>【SL × 5】</strong> Mind Points. For every 5 Mind Points you spend this way, choose one option: one creature you can see suffers <strong>slow</strong>; or one creature you can see recovers from <strong>slow</strong>; or one creature you can see may immediately perform the <strong>Equipment action</strong> for free; <strong>or</strong> choose one ally you can see who has yet to take a turn during this round: that ally may take their turn immediately after yours during this round.</p><p>Each option can only be chosen once per use of this Skill.</p><hr /><ul><li><p><strong>Target Suffers:</strong> @EFFECT[slow]</p></li></ul>",
Strong Grip,
"<p>When you perform an Accuracy Check with a <strong>weapon module</strong>, you may replace <strong>one</strong> of the Attributes with Might (such as <strong>【MIG + WLP】 </strong>for an Arcane module).</p>",
Support Magic,
"<p>When you cast a spell that targets one or more allies, if you have an <strong>arcane</strong> weapon equipped, you may choose one of those allies you have a <strong>Bond</strong> towards. If you do, that ally gains a bonus to the next Check they perform during the current scene; this bonus is equal to the <strong>strength</strong> of your Bond towards them.</p>",
Symbolic Connection,
"<p>You always know the exact direction in which to find any creature bearing one of your <strong>symbols</strong>, as long as that creature is within <strong>2 travel days</strong> of your position.</p>",
Symbolism,
"<p>Each time you acquire this Skill, you learn <strong>two symbols</strong> (see <strong>High Fantasy Atlas</strong>, page <strong>148</strong>).</p><p>You may have up to <strong>up to 【SL + 1】 symbols active at the same time</strong>; if you create more while at your limit, you must first choose and destroy some of your previous <strong>symbols</strong>.</p><p>You may perform the <strong>Inventory</strong> action and spend <strong>2 Inventory Points</strong> to create a <strong>symbol</strong> you have learned and choose one option: apply that <strong>symbol</strong> to yourself; <strong>or</strong> apply that <strong>symbol</strong> to an ally you can see; <strong>or</strong> perform a <strong>free attack</strong> with a weapon you have equipped. This attack deals no damage, but you apply a copy of the chosen <strong>symbol</strong> to each enemy hit by the attack (each copy counts as a separate <strong>symbol</strong> towards your limit or <strong>【SL + 1】</strong> active <strong>symbols</strong>).</p><hr /><ul><li><p>For <strong>symbol</strong> breakdown and a list of Symbols, refer to: @UUID[Compendium.projectfu.handouts.JournalEntry.t38IeNrS9T7NQspT]{Symbol Rules}</p></li></ul>",
Tavern Talk,
"<p>When you <strong>rest </strong>inside an inn or tavern, you may ask the Game Master up to <strong>【SL】</strong> questions about your surroundings and the people who live here; the Game Master will answer truthfully and you describe how you gathered the information.</p>",
Theriomorphosis,
"<p>Each time you acquire this Skill, you learn a <strong>therioform </strong>(see <strong>Techno Fantasy Atlas</strong>, page <strong>156</strong>).</p><p>You may use an action and spend <strong>one third of your current Hit Points</strong> (rounded down) to manifest the effects of <strong>up to two therioforms</strong> you have learned. The details of this transformation are explained on the next page.</p><hr /><ul><li><p><span style=""font-family:'PT Sans Narrow', sans-serif"">For </span><strong>therioform</strong> breakdown and a list of <strong>Therioforms</strong>, refer to:<strong> </strong>@UUID[Compendium.projectfu.handouts.JournalEntry.aXZh9r7OxySQ484p]{Therioforms Rules}</p></li><li><p><strong>Cost:</strong> @LOSS[(@target.resources.hp.value/3) hp]{1/3rd Current HP}</p></li></ul>",
Trained Memory,
"<p>You may perfectly recall the details of any scene you have visited within the past week. You can ""go back in time"" within your mind in order to examine and investigate such scenes again — your <strong>Flash of Insight</strong> Skill will apply to these memories as well.</p>",
Trap Card,
"<p>After an enemy you can see performs an action during a conflict, you may declare one of your <strong>deck</strong>'s <strong>suits</strong> (after the action has been resolved) and put the first card on the bottom of your <strong>deck</strong> in your <strong>discard pile</strong>, face up. If that card is a <strong>joker</strong> or its <strong>suit</strong> matches the one you declared, you may immediately perform the <strong>Spell</strong> action for free, casting a spell with a <strong>total Mind Point cost equal to or lower than</strong> <strong>【SL × 5】</strong> (you must still pay its MP cost).</p>",
Traveling Cook,
"<p><span>After each <strong>travel roll</strong>, if you acquired the <strong>Cooking</strong> Skill, you gain </span><strong>【SL × 2】</strong><span><strong>ingredients.</strong></span></p>",
Treasure Hunter,
"<p>When your group journeys on the world map, you will make a <strong>discovery </strong>on a roll of <strong>【SL + 1】</strong> or lower on the <strong>travel roll </strong>(instead of only on a <strong>1</strong>).</p>",
Tree of Life,
"<p><span>When you <strong>remove</strong> a </span><strong>magiseed</strong><span> from your <strong>garden</strong>, you may choose one creature you can see: if that creature is in <strong>Crisis</strong>, they recover <strong>【5 + (SL × 5)】</strong> Hit Points.</span></p><hr /><ul><li><p><strong>Target Recovers:</strong> @GAIN[5+(5*$sl) hp]{5 + (SL × 5) HP}</p></li></ul>",
Unexpected Ally,
"<p>You may use an action and spend 1 Fabula Point to choose a <strong>non-hostile</strong> creature able to hear and understand you. If you do, that creature becomes helpful towards you so long as you are kind and respectful to them and your requests are reasonable.</p>",
Verdant Sway,
"<p><span>You gain the ability to perform Rituals of the </span><strong>Ritualism</strong><span> discipline; <strong>additionally</strong>, you may use <strong>Ritualism</strong> to <strong>create, animate, and/or control vegetation, pollen, spores, and toxins</strong> (but you cannot create nor control <strong>plant</strong>-Species NPCs this way).</span></p>",
Vibrato,
"<p>After you sing a <strong>verse</strong> with <strong>low</strong> or <strong>medium volume</strong>, you may perform a <strong>free attack</strong> with a weapon you have equipped; treat your <strong>High Roll (HR)</strong> as 0 when calculating damage dealt by this attack.</p>",
Visionary,
"<p>When you work on a <strong>Project</strong>, up to <strong>【SL × 100】</strong> zenit of material costs are automatically paid; additionally, you generate an additional <strong>【SL】</strong> <strong>progress</strong> every day. If multiple characters with this Skill work on the same Project, the effects will be cumulative.</p>",
Vismagus,
"<p>When you cast a spell, if you don't have enough Mind Points to pay for its total cost, you may choose to spend <strong>twice as many</strong> Hit Points instead. You cannot use this Skill if doing so would reduce you to 0 Hit Points. If a spell cast this way would cause you to recover Hit Points, you instead recover no Hit Points (the spell functions normally on any other target).</p>",
Wardancer,
"<p>After you perform a <strong>dance</strong>, your attacks with <strong>brawling</strong>, <strong>dagger</strong>, <strong>flail</strong>, and <strong>thrown weapons</strong> deal <strong>【SL】</strong> extra damage until the start of your next turn. If you have an <strong>arcane weapon equipped, </strong>offensive spells ( @ICON[offensive] ) you cast also deal <strong>【SL】</strong> extra damage until the start of your next turn.</p>",
"<p>After you perform a <strong>dance</strong>, your attacks with <strong>brawling</strong>, <strong>dagger</strong>, <strong>flail</strong>, and <strong>thrown weapons</strong> deal <strong>【SL】</strong> extra damage until the start of your next turn. If you have an <strong>arcane weapon equipped, </strong>offensive spells (@ICON[offensive]) you cast also deal <strong>【SL】</strong> extra damage until the start of your next turn.</p>",
Warning Shot,
"<p>When you hit one or more targets with a <strong>ranged</strong> attack that would deal damage, you may have the attack deal no damage. If you do, choose one option: inflict <strong>shaken</strong> on each target hit by the attack; <strong>or</strong> inflicts <strong>slow</strong> on each target hit by the attack; or each target hit by the attack loses <strong>【SL × 10】</strong> Mind Points. Describe your maneuver!</p><hr><ul><li><p><strong>Targets Suffers: </strong>@EFFECT[shaken], @EFFECT[slow], or @LOSS[10*$sl mp]{SL × 10 MP}</p></li></ul>",
Well-Traveled,
"<p>You reduce the die rolled for your <strong>travel rolls</strong> by one size (to a minimum of <strong>d6</strong>).</p><p>If multiple characters have this Skill, the effects are <strong>not</strong> cumulative.</p>",
Wellspring Expansion,
"<p>As long as you have a weapon belonging to the <strong>arcane</strong>, <strong>bow</strong>, <strong>brawling</strong>, <strong>flail</strong>, <strong>sword</strong>, or <strong>thrown</strong> Category equipped, your ""<strong>blast</strong>"" <strong>invocations</strong> deal<strong>【SL】</strong>extra damage, and the extra damage granted by your ""<strong>hex</strong>"" <strong>invocations</strong> is increased by<strong>【SL】</strong>.</p>",
Winds of Trade,
"<p>After you rest in an area where commerce is possible, you gain <strong>【SL + 1】Trade Points</strong>. You may never have more than <strong>【SL + 3】</strong>Trade Points; if you acquire this Skill during character creation, begin play with 2 Trade Points.</p><p>During a <strong>non-conflict scene</strong>, you may spend 2 Trade Points to choose one option: you create a <strong>material</strong> or <strong>rare item</strong> approved by the Game Master whose value in zenit is <strong>equal to or lower than 【your level, multiplied by 30】</strong>; <strong>or</strong> your create an NPC that lives nearby and explain their occupation as well as how you met them, then the Game Master tells you what they require in exchange for their services.</p><hr /><ul><li><p><strong>Rest</strong>: @PROGRESS[winds-of-trade update $sl+1]{Gain SL + 1 Trade Points}</p></li><li><p><strong>Non-Conflict Scene: </strong>@PROGRESS[winds-of-trade update -2]{Spend 2 Trade Points}</p></li></ul>",
Trade Points,
Withstand,
"<p>When you perform the <strong>Guard</strong> action, if you choose <strong>not</strong> to provide cover to another creature, you recover Hit Points equal to <strong>【SL, multiplied by the highest strength among your Bonds】</strong> and choose <strong>Might</strong> or <strong>Willpower</strong>: you treat the chosen Attribute as being one die size higher (up to a maximum of <strong>d12</strong>) until the end of your next turn.</p><hr /><ul><li><p><strong>You Recover: </strong>@GAIN[1*$sl hp]{SL × One Emotion HP},<strong> </strong>@GAIN[2*$sl hp]{SL × Two Emotions HP}, or @GAIN[3*$sl hp]{SL × Three Emotions HP}</p></li><li><p><strong>You Receive: </strong>@EFFECT[mig-up e:eot i:2], or @EFFECT[wlp-up e:eot i:2]</p></li></ul>",
Twin Shields,
<p>Deals extra damage equal to your <strong>【SL】</strong> in <strong>defensive mastery</strong>.</p>,
Unarmed Strike: Mutant,
Effect: Acceleration,
"<p>You gain the ability to perform a <strong>single</strong> additional action during each of your turns. Once you have performed a total of <strong>two</strong> additional actions, this effect ends.</p>",
Effect: Anomaly,
"<p>You alter the very nature of your target. Until this spell ends, if the target would suffer damage of a type they Absorb or are Immune to, they are instead treated as if they were Vulnerable to that damage type. Once that happens, this spell ends.</p>",
Effect: Divination,
"<p>You glimpse briefly into the future. Until this spell ends, after a creature you can see performs a Check, if it was not a <strong>fumble</strong> nor a <strong>critical success</strong>, you may force that creature to reroll both dice. Once you have forced <strong>two</strong> rerolls this way, this spell ends.</p>",
Effect: Mercy,
"<p>You strengthen the heart of a creature against suffering and despair. Until this spell ends, if the target would be reduced to 0 Hit Points, they are instead left standing with exactly @GAIN[1 hp]. Once that happens, this spell ends.</p>",
Effect: Mirror,
"<p>You twist the laws of magic. Until this spell ends, if an offensive ( @ICON[offensive] ) spell is cast on the target, the creature who cast that offensive spell will be targeted in their stead (any other targets of the offensive spell will be targeted as normal). Once that happens, this spell ends.</p>",
[Elementalist Spells],
[Entropist Spells],
[Spiritist Spells],
Acceleration,
"<p>You bend the fabric of time. Until this spell ends, the target gains the ability to perform a single additional action during each of their turns. Once the target has performed a total of two additional actions granted by this spell, this spell ends.</p><hr><ul><li><p><strong>Target Receives</strong>: @EFFECT[Compendium.projectfu.spells.Item.O8ZlgIEzCodMsadz]{Effect: Acceleration}</p></li></ul>",
Anomaly,
"<p>You alter the very nature of your target. Until this spell ends, if the target would suffer damage of a type they Absorb or are Immune to, they are instead treated as if they were Vulnerable to that damage type. Once that happens, this spell ends.</p><hr><ul><li><p><strong>Target Suffers</strong>: @EFFECT[Compendium.projectfu.spells.Item.rOzrw717cgCgjTZ7]{Effect: Anomaly}</p></li></ul>",
Aura,
"<p>You project your soul outside your body and direct it to surround the targets, shielding them from dangerous magic. Until this spell ends, each target may treat their Magic Defense as being equal to 12 against any effects that target it (they are still free to use their normal Defense score if higher than 12).</p><hr><ul><li><p><strong>Targets Receive:</strong> @EFFECT[aura e:eos i:1 t:self]</p></li></ul>",
Awaken,
"<p>You allow a creature to focus their vital energy into accomplishing what they previously could not. Choose one Attribute: <strong>Dexterity</strong>, <strong>Insight</strong>, <strong>Might</strong>, or <strong>Willpower</strong>. Until this spell ends, the target treats the chosen Attribute as if it were one die size higher (up to a maximum of <strong>d12</strong>).</p><hr /><ul><li><p><strong>Targets Receive:</strong> @EFFECT[dex-up e:eos i:1 t:self], @EFFECT[ins-up e:eos i:1 t:self], @EFFECT[mig-up e:eos i:1 t:self], or @EFFECT[wlp-up e:eos i:1 t:self]</p></li></ul>",
Barrier,
"<p>You project your soul outside your body and weave it into a barrier to protect the targets from attacks. Until this spell ends, each target may treat their Defense as being equal to 12 against any effects that target it (they are still free to use their normal Defense score if higher than 12).</p><hr /><ul><li><p><strong>Targets Receive:</strong> @EFFECT[barrier e:eos i:1 t:self]</p></li></ul>",
Cleanse,
<p>You strengthen and purify the soul energy coursing through your companions. Each target recovers from all status effects.</p>,
"<h4>Required Heroic Skill: Comet</h4><p>You rip open a large portal to the Cosmos, calling down astral debris from the gaping void. Choose one option: one creature you can see suffers @DMG[60 untyped] damage; or you choose any number of creatures you can see, and each of them suffers @DMG[40 untyped] damage. These amounts increase by 5 if you are <strong>level 20 or higher</strong>, or by 10 if you are <strong>level 40 or higher</strong>. Damage dealt by this spell has no type (thus being unaffected by damage Affinities).</p><hr /><ul><li><p><strong>Target Loses:</strong> @DMG[60+&amp;step(0,5,10) untyped]{60|65|70 untyped (single)}, or @DMG[40+&amp;step(0,5,10) untyped]{40|45|50 untyped (multi)}</p></li></ul>",
Dark Weapon,
"<p>You imbue a weapon with dark energy. Until this spell ends, all damage dealt by the weapon becomes of the <strong>dark</strong> type. If you have that weapon equipped while you cast this spell, you may perform a <strong>free attack</strong> with it as part of the same action. This spell can only be cast on a weapon equipped by a willing creature.</p><hr><ul><li><p><strong>Target Receive:</strong> @WEAPON[dark]</p></li></ul>",
Dispel,
"<p>You release a wave of negative energy and cleanse all magic from a creature. If the target is affected by one or more spells with a <strong>duration</strong> of Scene, they are no longer affected by any of those spells instead.</p>",
Divination,
"<p>You glimpse briefly into the future. Until this spell ends, after a creature you can see performs a Check, if it was not a <strong>fumble</strong> nor a <strong>critical success</strong>, you may force that creature to reroll both dice. Once you have forced <strong>two</strong> rerolls this way, this spell ends.</p><hr><ul><li><p><strong>Target Receive</strong>: @EFFECT[Compendium.projectfu.spells.Item.7Lt7jZqWTtyWXzYR]{Effect: Divination}</p></li></ul>",
Drain Spirit,
"<p>You consume a creature's psyche. The target loses <strong>【HR + 15】</strong> Mind Points. Then, you recover an amount of Mind Points equal to half the Mind Points loss they suffered (if the loss was reduced to 0 in some way, you recover none).</p>",
Drain Vigor,
"<p>You steal another creature's life force. The target suffers <strong>【HR + 15】 dark</strong> damage. Then, you recover an amount of Hit Points equal to half the Hit Points loss they suffered (if the loss was reduced to 0 in some way, you recover none).</p>",
Elemental Shroud,
"<p>You weave magical energy and protect the targets from the fury of the elements. Choose a damage type: <strong>air</strong>, <strong>bolt</strong>, <strong>earth</strong>, <strong>fire</strong>, or <strong>ice</strong>. Until this spell ends, each target gains Resistance against the chosen damage type.</p><hr /><ul><li><p><strong>Targets Receive: </strong>@TYPE[affinity air resistance e:eos i:1 t:source], @TYPE[affinity bolt resistance e:eos i:1 t:source], @TYPE[affinity earth resistance e:eos i:1 t:source], @TYPE[affinity fire resistance e:eos i:1 t:source], or @TYPE[affinity ice resistance e:eos i:1 t:source]</p></li></ul>",
New Effect,
Elemental Weapon,
"<p>You imbue a weapon with elemental energy. Choose a damage type: <strong>air</strong>, <strong>bolt</strong>, <strong>earth</strong>, <strong>fire</strong>, or <strong>ice</strong>. Until this spell ends, all damage dealt by the weapon becomes of the chosen damage type. If you have that weapon equipped while you cast this spell, you may perform a <strong>free attack</strong> with it as part of the same action.</p><p>This spell can only be cast on a weapon equipped by a willing creature.</p><hr><ul><li><p><strong>Targets Receive:</strong> @WEAPON[air bolt earth fire ice]{Elemental Weapon}</p></li></ul>",
Enrage,
<p>You cause a creature to lose any semblance of temper and act brazenly. The target suffers <strong>enraged</strong> and cannot perform the <strong>Guard</strong> or <strong>Spell </strong>actions during their next turn.</p><hr /><ul><li><p><strong>Target Suffers:</strong> @EFFECT[enraged]</p></li></ul>,
Flare,
"<p>You channel a single ray of fire towards your foe, its temperature so high that it will pierce through most defenses. The target suffers <strong>【HR + 25】 fire</strong> damage.</p><p>Damage dealt by this spell <strong>ignores Resistances</strong>.</p>",
Fulgur,
<p>You weave electricity into a wave of crackling bolts. Each target hit by this spell suffers <strong>【HR + 15】 bolt</strong> damage.</p><p><strong>Opportunity:</strong> Each target hit by this spell suffers @EFFECT[dazed].</p>,
"<p>You summon a vortex of chaotic energy. Roll your current <strong>Willpower </strong>die once for every 10 Mind Points spent while casting this spell, then keep the <strong>single</strong> die you prefer: the number on that die determines the effects of this spell.</p><p>@Embed[Compendium.projectfu.rollable-tables.RollTable.ZAY11CArn1cYCyqP inline rollable]</p>",
Glacies,
<p>You coat your foes under a thick layer of frost. Each target hit by this spell suffers <strong>【HR+ 15】 ice</strong> damage.</p><p><strong>Opportunity:</strong> Each target hit by this spell suffers @EFFECT[slow].</p>,
Hallucination,
"<p>You alter the senses of your enemies, causing them to experience bizarre or frightening hallucinations. <br />Choose <strong>dazed</strong> or <strong>shaken</strong>: you inflict the chosen status effect on each target hit by this spell.</p><hr /><ul><li><p><strong>Targets Suffers: </strong>@EFFECT[dazed], or @EFFECT[shaken]</p></li></ul>",
Heal,
"<p>You invigorate your companions, soothing their pain and healing their fatigue. Each target recovers 40 HP<span>. This amount increases to </span>50 HP <span>if you are <strong>level 20 or higher</strong>, or to </span>60 HP <span>if you are <strong>level 40 or higher</strong>.</span></p><hr /><ul><li><p><strong>Targets Recovers:</strong> @GAIN[&amp;step(40,50,60) hp]{40|50|60 HP}</p></li></ul>",
"<h4>Required Heroic Skill: Hope</h4><p>You rekindle the flames of courage and hope within a defeated hero. Choose a Player Character who <strong>surrendered</strong> but is still present on the scene: that Player Character immediately regains consciousness and recovers an amount of Hit Points equal to their <strong>Crisis</strong> score. Note that this spell will not undo the <strong>consequences</strong> of the character's surrender and is of no use if the character left the scene as part of their surrender — such as if they were captured and dragged away, or if they were trapped in a parallel dimension, and so on.</p><p>A Player Character may only be affected by this spell once per scene; if a character is brought back into the conflict by this spell and is subsequently reduced to 0 Hit Points again, they must <strong>sacrifice</strong> themselves or <strong>surrender</strong> as per the normal rules (including a new <strong>consequence</strong> and 2 more Fabula Points if they surrender).</p><hr /><ul><li><p><strong>Target Recovers:</strong> @GAIN[@target.resources.hp.max/2 hp]{Crisis HP}</p></li></ul>",
Iceberg,
"<p>A pillar of ice magic envelops your foe, suddenly dropping their body temperature to a critical level. The target suffers <strong>【HR + 25】 ice</strong> damage.</p><p>Damage dealt by this spell <strong>ignores Resistances</strong>.</p>",
Ignis,
"<p>You unleash a searing barrage against your foes, conjuring flames out of thin air. Each target hit by this spell suffers <strong>【HR + 15】 fire</strong> damage.</p><p><strong>Opportunity:</strong> Each target hit by this spell suffers @EFFECT[shaken].</p>",
Lux,
<p>You focus your inner energy into a barrage of blinding soul rays. Each target hit by this spell suffers <strong>【HR + 15】</strong> <strong>light</strong> damage.</p><p><strong>Opportunity:</strong> Each target hit by this spell suffers @EFFECT[dazed].</p>,
Mercy,
"<p>You strengthen the heart of a creature against suffering and despair. Until this spell ends, if the target would be reduced to 0 Hit Points, they are instead left standing with exactly 1 Hit Point. Once that happens, this spell ends.</p><hr /><ul><li><p><strong>Target Receive:</strong> @EFFECT[Compendium.projectfu.spells.Item.87su2PuI6rSMblmN]{Effect: Mercy}</p></li></ul>",
Mirror,
"<p>You twist the laws of magic. Until this spell ends, if an offensive ( @ICON[offensive] ) spell is cast on the target, the creature who cast that offensive spell will be targeted in their stead (any other targets of the offensive spell will be targeted as normal). Once that happens, this spell ends.</p><hr><ul><li><p><strong>Target Receives</strong>: @EFFECT[Compendium.projectfu.spells.Item.cyA5qMihPTXCsCyD]{Effect: Mirror}</p></li></ul>",
Omega,
"<p>You invoke doom on your foe, turning strength into frailty. The target loses an amount of Hit Points equal to <strong>【20 + half the target's level】</strong>.</p><hr /><ul><li><p><strong>Target Loses:</strong> @LOSS[20+($cl/2) hp]{20 + half the target's level HP}</p></li></ul>",
Reinforce,
"<p>You protect the targets from attacks that would corrupt their body and spirit. Choose <strong>dazed</strong>, <strong>enraged</strong>, <strong>poisoned</strong>, <strong>shaken</strong>, <strong>slow</strong>, or <strong>weak</strong>. Until this spell ends, each target becomes immune to the chosen status effect.</p><hr /><ul><li><p><strong>Target Suffers:</strong> @EFFECT[Compendium.projectfu.actor-effects.Item.Ki4ReDF50Qs3Ec4B e:eos i:1 t:self]{Dazed Immunity}, @EFFECT[Compendium.projectfu.actor-effects.Item.u4z5KLTgwzfo9VZs e:eos i:1 t:self]{Enraged Immunity}, @EFFECT[Compendium.projectfu.actor-effects.Item.Ujw6SLorSRl0zQ7q e:eos i:1 t:self]{Poisoned Immunity}, @EFFECT[Compendium.projectfu.actor-effects.Item.zSg3jNvLG1FtqOAz e:eos i:1 t:self]{Shaken Immunity}, @EFFECT[Compendium.projectfu.actor-effects.Item.QWbVVZRRKhxwjQAp e:eos i:1 t:self]{Slow Immunity}, or @EFFECT[Compendium.projectfu.actor-effects.Item.azrYbcObDaVQ5GBG e:eos i:1 t:self]{Weak Immunity}</p></li></ul>",
Soaring Strike,
"<p>The wind carries your strikes across the battlefield. You may immediately perform a <strong>free attack</strong> with a <strong>melee</strong> weapon you have equipped. This attack may target creatures that can only be targeted by <strong>ranged</strong> attacks.</p><p>If you used a weapon belonging to the <strong>brawling</strong> or <strong>spear</strong> Category for this attack, it deals 5 extra damage.</p><p>If you hit a flying target with this attack, you may force them to land immediately.</p>",
Soul Weapon,
"<p>You imbue a weapon with the cleansing energy of your spirit. Until this spell ends, all damage dealt by the weapon becomes of the <strong>light</strong> type. If you have that weapon equipped while you cast this spell, you may perform a <strong>free attack</strong> with it as part of the same action.</p><p>This spell can only be cast on a weapon equipped by a willing creature.</p><hr /><ul><li><p><strong>Target Receive:</strong> @WEAPON[light]</p></li></ul>",
Stop,
<p>You trap a foe inside a circle of altered time and space. The target will perform one fewer action on their next turn (to a minimum of 0 actions).</p>,
Terra,
"<p>Spires of jagged rock erupt from the ground beneath your foes, closing around them. Each target hit by this spell suffers <strong>【HR + 15】earth</strong> damage. This spell cannot target creatures who are flying, floating, falling, or otherwise in mid-air.</p><p><strong>Opportunity:</strong> Each target hit by this spell performs one fewer action on their next turn (to a minimum of 0 actions).</p>",
Thunderbolt,
<p>You send lightning striking at your foe. The target suffers <strong>【HR + 25】bolt</strong> damage.</p><p>Damage dealt by this spell <strong>ignores Resistances</strong>.</p>,
Torpor,
"<p>You smother the soul energy coursing through the bodies of your foes, hindering their movements. Choose <strong>slow</strong> or <strong>weak</strong>: you inflict the chosen status effect on each target hit by this spell.</p><hr /><ul><li><p><strong>Targets Suffers</strong>: @EFFECT[slow] or @EFFECT[weak]</p></li></ul>",
Umbra,
<p>A storm of dark energy turns matter into ash. Each target hit by this spell suffers <strong>【HR + 15】 dark </strong>damage.</p><p><strong>Opportunity:</strong> Each target hit by this spell suffers @EFFECT[weak].</p>,
Ventus,
<p>You summon the power of winds against your enemy. Each target hit by this spell suffers <strong>【HR + 15】air</strong> damage.</p><p><strong>Opportunity:</strong> Each <strong>flying</strong> target hit by this spell is forced to land immediately.</p>,
"<h4>Required Heroic Skill: Volcano</h4><p>You channel the fury of the planet into a powerful wave of fire and magma. Choose one option: one creature you can see suffers @DMG[50 fire] damage; <strong>or</strong> you choose any number of creatures you can see, and each of them suffers @DMG[30 fire] damage. These amounts increase by 5 if you are <strong>level 20 or higher</strong>, or by 10 if you are <strong>level 40 or higher</strong>.</p><p>Damage dealt by this spell <strong>ignores Resistances and Immunities</strong>.</p><hr /><ul><li><p><strong>Target Loses:</strong> @DMG[50+&amp;step(0,5,10) fire]{50|55|60 fire (single)}, or @DMG[30+&amp;step(0,5,10) fire]{30|35|40 fire (multi)}</p></li></ul>",
Vortex,
"<p>A roaring gale surrounds you, blowing away arrows and bullets. Until this spell ends, you gain a +2 bonus to your Defense against <strong>ranged</strong> attacks.</p>",
Hoplospheres,
Mnemospheres,
Ice Mastery,
Open Check Bonus,
Air Mastery,
Dark Mastery,
Drain,
Multi (2),
Improved Potions,
Further Improved Potions,
Piercing Strikes,
Improved Piercing Strikes,
Poison Mastery,
Light Mastery,
Earth Mastery,
Improved Healing Spells,
Fire Mastery,
Bolt Mastery,
Mnemosphere: Chanter,
Mnemosphere: Chimerist,
Mnemosphere: Commander,
Mnemosphere: Dancer,
Mnemosphere: Elementalist,
Mnemosphere: Entropist,
Mnemosphere: Esper,
Mnemosphere: Fury,
Mnemosphere: Guardian,
Mnemosphere: Loremaster,
Mnemosphere: Orator,
Mnemosphere: Rogue,
Mnemosphere: Sharpshooter,
Mnemosphere: Spiritist,
Mnemosphere: Weaponmaster,
Advanced Targeting Module,
"<p>While driving this <strong>personal vehicle</strong>, you gain a +2 bonus to your Accuracy Checks and to Magic Checks for offensive spells ( @ICON[offensive] ) you cast.</p>",
Aerial Module,
"<h5>(COUNTS AS TWO ENABLED MODULES)</h5><p>This personal vehicle can fly, and its <strong>distance</strong> becomes ×3.</p><p>While you are driving this <strong>personal vehicle</strong>, your <strong>melee</strong> attacks can target <strong>flying </strong>creatures, and none of the creatures inside the <strong>personal vehicle</strong> can be targeted by <strong>melee</strong> attacks unless the attacker is flying or is somehow able to reach flying targets.</p><p>These benefits do not apply while the <strong>personal vehicle</strong> is inactive or grounded, while you are in <strong>Crisis</strong>, or while you are <strong>covering</strong> another creature with the <strong>Guard</strong> action. Additionally, if a creature aboard this <strong>personal vehicle</strong> suffers <strong>air,</strong> <strong>bolt</strong> or <strong>ice</strong> damage during a conflict, the benefits of this module cease until the start of your next turn.</p>",
"<p>This personal vehicle can fly, and its <strong>distance</strong> becomes ×3.</p><p>While you are driving this <strong>personal vehicle</strong>, your <strong>melee</strong> attacks can target <strong>flying </strong>creatures, and none of the creatures inside the <strong>personal vehicle</strong> can be targeted by <strong>melee</strong> attacks unless the attacker is flying or is somehow able to reach flying targets.</p><p>These benefits do not apply while the <strong>personal vehicle</strong> is inactive or grounded, while you are in <strong>Crisis</strong>, or while you are <strong>covering</strong> another creature with the <strong>Guard</strong> action. Additionally, if a creature aboard this <strong>personal vehicle</strong> suffers <strong>air,</strong> <strong>bolt</strong> or <strong>ice</strong> damage during a conflict, the benefits of this module cease until the start of your next turn.</p>",
Anti-Element Module,
"<p>Each time you enable this module on your <strong>personal vehicle</strong>, choose a damage type: <strong>air</strong>, <strong>bolt</strong>, <strong>earth</strong>, <strong>fire</strong> or <strong>ice</strong>. Creatures aboard this <strong>personal vehicle</strong> are treated as being Resistant to the chosen damage type until this module remains enabled.</p><hr><ul><li><p><strong>Targets Receive:</strong> @TYPE[affinity air resistance], @TYPE[affinity bolt resistance], @TYPE[affinity earth resistance], @TYPE[affinity fire resistance], or @TYPE[affinity ice resistance]</p></li></ul>",
Arcane Module,
<p>This weapon belongs to the <strong>arcane</strong> Category.</p>,
Axe Module,
<p>This weapon belongs to the <strong>heavy</strong> Category.</p>,
Blade Module,
<p>This weapon belongs to the <strong>dagger</strong> Category.</p>,
Bow Module,
<p>This weapon belongs to the <strong>bow</strong> Category.</p><p>A <strong>personal vehicle</strong> with this module enabled cannot have any other <strong>weapon modules</strong> enabled.</p>,
Cannon Module,
<p>This weapon belongs to the <strong>firearm</strong> Category.</p><p>A <strong>personal vehicle</strong> with this module enabled cannot have any other <strong>weapon modules</strong> enabled.</p>,
Claw Module,
<p>This weapon belongs to the <strong>brawling</strong> Category.</p><p>This weapon can be used to interact with the scene as if it were a free hand.</p>,
Claymore Module,
<p>This weapon belongs to the <strong>sword</strong> Category.</p><p>A <strong>personal vehicle</strong> with this module enabled cannot have any other <strong>weapon modules</strong> enabled.</p>,
Counterstrike Module,
"<p>After a creature aboard this <strong>personal vehicle</strong> is hit by a <strong>ranged</strong> attack, if you are driving this <strong>vehicle</strong>, you may spend 1 Inventory Point. If you do, the attacker suffers 10 <strong>physical</strong> damage (after their attack has been resolved). This amount increases by 5 damage if you are <strong>level 20 or higher</strong>, or by 10 damage if you are <strong>level 40 or higher</strong>.</p><hr><ul><li><p><strong>You Lose:</strong> @LOSS[1 ip]</p></li><li><p><strong>Target Suffers: </strong>@DMG[10 physical], @DMG[15 physical], or @DMG[20 physical]</p></li></ul>",
Esoteric Module,
<p>This weapon belongs to the <strong>arcane</strong> Category.</p><p>A <strong>personal vehicle</strong> with this module enabled cannot have any other <strong>weapon modules</strong> enabled.</p>,
Excavation Module,
<p>This <strong>personal vehicle</strong> can burrow through the ground and is equipped with powerful lights.</p>,
Exoskeleton,
"<p>This <strong>personal vehicle</strong> may have up to <strong>2 weapon modules, 1 armor module </strong>and<strong> any number of support modules</strong> enabled.</p><p>If you use the @UUID[Compendium.projectfu.skills.Item.kMQH13lhWY4Mlbh8]{Compression Tech} Skill with this personal vehicle, ignore the IP cost.</p>",
Expanded Plating Module,
"<h5>(MECHA AND STEED FRAMES ONLY)</h5><p>While you are driving this personal vehicle, if it has an active Heavy, Runic, or Standard Plating module, all passengers aboard may treat their Defense and Magic Defense scores as being equal to those provided by the armor module in question (they may still use their normal scores if those would be better).</p>",
Flail Module,
<p>This weapon belongs to the <strong>flail</strong> Category.</p>,
Flamer Module,
<p>This weapon belongs to the <strong>firearm</strong> Category.</p>,
Flexible Plating Module,
Heavy Plating Module,
Machine Gun Module,
"<p>This weapon belongs to the <strong>firearm</strong> Category.</p><p>A <strong>personal vehicle</strong> with this module enabled cannot have any other <strong>weapon modules</strong> enabled. Additionally, when you perform the <strong>Attack</strong> action and attack with this weapon module, you may perform two separate attacks instead of one (against the same target or against different targets). If you do, both attacks follow the rules for <strong>two-weapon fighting</strong>: each attack loses the <strong>multi</strong> property and cannot gain it, and you treat the High Roll of each Accuracy Check as being equal to 0 when determining damage.</p>",
Magistatic Module,
"<p>After you pay the MP cost of an <strong>Arcanum</strong>, <strong>spell</strong>, or <strong>verse</strong> (see <strong>High Fantasy</strong>, page <strong>138</strong>), if you are driving this <strong>personal vehicle</strong> and have an <strong>arcane</strong> weapon equipped, you recover 5 Mind Points, or 10 Mind Points if the cost was <strong>equal to or higher than 30 MP</strong>.</p><hr><ul><li><p><strong>You Recover:</strong> @GAIN[5 mp], or @GAIN[10 mp]</p></li></ul>",
Mecha,
"<p>This personal vehicle may have up to <strong>2 weapon modules, 1 armor module, </strong>and <strong>any number of support modules</strong> enabled.</p>",
Power Module,
"<h5>(EXOSKELETON AND MECHA FRAMES ONLY)</h5><p>While driving this <strong>personal vehicle</strong>, you gain a +2 bonus to all Opposed Checks that rely on <strong>brute force</strong> or <strong>physical resistance</strong>.</p>",
"<p>While driving this <strong>personal vehicle</strong>, you gain a +2 bonus to all Opposed Checks that rely on <strong>brute force</strong> or <strong>physical resistance</strong>.</p>",
Rapid Interface Module,
"<p>When you <strong>enter</strong> this <strong>personal vehicle</strong> on your turn during a conflict, you may immediately perform an additional action.</p>",
Rifle Module,
Runic Plating Module,
Scythe Module,
<p>This weapon belongs to the <strong>heavy</strong> Category.</p><p>A <strong>personal vehicle</strong> with this module enabled cannot have any other <strong>weapon modules</strong> enabled.</p>,
Seafarer Module,
<p>This <strong>personal vehicle</strong> can travel on water and underwater.</p>,
Seat Module,
<h5>(MECHA AND STEED FRAMES ONLY)</h5><p>This <strong>personal vehicle</strong> can transport an additional human-sized passenger.</p>,
Secondary Offensive Module,
"<h5>(EXOSKELETON AND MECHA FRAMES ONLY)</h5><p>Each time you enable this module on your <strong>personal vehicle</strong>, choose one <strong>disabled weapon module</strong>. As long as the chosen module is disabled and this module is enabled, you may use an action to perform a <strong>free attack</strong> with that <strong>weapon module</strong>.</p>",
Sensor Module,
"<p>While driving this <strong>personal vehicle</strong>, you gain a +2 bonus to Open Checks made to examine nearby creatures, items, and locations.</p>",
Shield Module,
"<h5>(EXOSKELETON AND MECHA ONLY)</h5><p>While driving this <strong>personal vehicle</strong>, you gain a +2 bonus to Defense and a +2 bonus to Magic Defense. Additionally, this weapon module <strong>does not</strong> count as a “weapon”: instead, it counts as an equipped <strong>shield</strong>. This module <strong>cannot</strong> be equipped in your <strong>main hand slot</strong>, unless you have acquired the <strong>Dual Shieldbearer</strong> Skill (see <strong>Core Rulebook</strong>, page <strong>197</strong>). If you have, your <strong>Twin Shields</strong> deal 2 extra damage (this is cumulative if you have two <strong>Shield modules</strong> enabled at the same time).</p>",
Spear Module,
<p>This weapon belongs to the <strong>spear</strong> Category.</p>,
Standard Plating Module,
Steed,
"<p>This <strong>personal vehicle </strong>may have up to <strong>1 weapon module</strong>, <strong>1 armor module </strong>and<strong> any number of support modules </strong>enabled.</p><p>If you use the <strong>@UUID[Compendium.projectfu.skills.Item.HCzLtYgEWScIeJNq]{Heart in the Engine}</strong> Skill with this <strong>personal vehicle</strong>, ignore the MP cost.</p>",
Sword Module,
<p>This weapon belongs to the <strong>sword</strong> Category.</p>,
Trident Module,
<p>This weapon belongs to the <strong>spear</strong> Category.</p><p>A <strong>personal vehicle</strong> with this module enabled cannot have any other <strong>weapon modules</strong> enabled.</p>,
Turbo Module,
"<p>While driving this <strong>personal vehicle</strong>, you gain a +2 bonus to all Opposed Checks that rely on <strong>speed</strong> and <strong>rapid maneuvers</strong>.</p>",
Armor Modules,
Support Modules,
Vehicle Frame,
Weapons Modules,
